HIERARCHY
ROOT Root
{
  OFFSET 0.0 0.0 0.0
  CHANNELS 6 Xposition Yposition Zposition Zrotation Yrotation Xrotation
  JOINT Hips
  {
    OFFSET 0.0 100.0 0.0
    CHANNELS 6 Xposition Yposition Zposition Zrotation Yrotation Xrotation
    JOINT Spine1
    {
      OFFSET -0.013727 5.003763 -0.053727
      CHANNELS 3 Zrotation Yrotation Xrotation
      JOINT Spine2
      {
        OFFSET -0.0 7.125301 -0.029825
        CHANNELS 3 Zrotation Yrotation Xrotation
        JOINT Chest
        {
          OFFSET -1e-06 7.550063 -0.815971
          CHANNELS 3 Zrotation Yrotation Xrotation
          JOINT Neck1
          {
            OFFSET -0.181677 26.311295 -0.553348
            CHANNELS 3 Zrotation Yrotation Xrotation
            JOINT Neck2
            {
              OFFSET -3e-06 7.709397 2.302585
              CHANNELS 3 Zrotation Yrotation Xrotation
              JOINT Head
              {
                OFFSET -5e-06 6.128916 1.953709
                CHANNELS 3 Zrotation Yrotation Xrotation
                JOINT HeadEnd
                {
                  OFFSET 0.003598 16.065403 -1.835379
                  CHANNELS 3 Zrotation Yrotation Xrotation
                }
                JOINT Jaw
                {
                  OFFSET 0.002637 0.475592 3.094941
                  CHANNELS 3 Zrotation Yrotation Xrotation
                }
                JOINT LeftEye
                {
                  OFFSET 3.206381 5.380205 7.586883
                  CHANNELS 3 Zrotation Yrotation Xrotation
                }
                JOINT RightEye
                {
                  OFFSET -3.22244 5.361869 7.558234
                  CHANNELS 3 Zrotation Yrotation Xrotation
                }
              }
            }
          }
          JOINT LeftShoulder
          {
            OFFSET 1.621652 23.237164 5.113413
            CHANNELS 3 Zrotation Yrotation Xrotation
            JOINT LeftArm
            {
              OFFSET 14.919846 2e-06 -5.502326
              CHANNELS 3 Zrotation Yrotation Xrotation
              JOINT LeftForeArm
              {
                OFFSET 28.739307 0.0 -0.002588
                CHANNELS 3 Zrotation Yrotation Xrotation
                JOINT LeftHand
                {
                  OFFSET 27.093981 -1e-06 0.002609
                  CHANNELS 3 Zrotation Yrotation Xrotation
                  JOINT LeftHandThumb1
                  {
                    OFFSET 2.276482 -1.392045 3.191413
                    CHANNELS 3 Zrotation Yrotation Xrotation
                    JOINT LeftHandThumb2
                    {
                      OFFSET 4.012836 -1.828127 1.641654
                      CHANNELS 3 Zrotation Yrotation Xrotation
                      JOINT LeftHandThumb3
                      {
                        OFFSET 2.798515 0.0 -3e-06
                        CHANNELS 3 Zrotation Yrotation Xrotation
                        JOINT LeftHandThumbEnd
                        {
                          OFFSET 3.180793 -4e-06 4e-06
                          CHANNELS 3 Zrotation Yrotation Xrotation
                        }
                      }
                    }
                  }
                  JOINT LeftHandIndex1
                  {
                    OFFSET 3.247555 -0.531998 2.296169
                    CHANNELS 3 Zrotation Yrotation Xrotation
                    JOINT LeftHandIndex2
                    {
                      OFFSET 6.364578 0.01206 0.1786
                      CHANNELS 3 Zrotation Yrotation Xrotation
                      JOINT LeftHandIndex3
                      {
                        OFFSET 3.662364 0.0 0.0
                        CHANNELS 3 Zrotation Yrotation Xrotation
                        JOINT LeftHandIndex4
                        {
                          OFFSET 2.329242 4e-06 4e-06
                          CHANNELS 3 Zrotation Yrotation Xrotation
                          JOINT LeftHandIndexEnd
                          {
                            OFFSET 2.759615 -0.180537 -0.113024
                            CHANNELS 3 Zrotation Yrotation Xrotation
                          }
                        }
                      }
                    }
                  }
                  JOINT LeftHandMiddle1
                  {
                    OFFSET 3.163495 0.240981 1.000332
                    CHANNELS 3 Zrotation Yrotation Xrotation
                    JOINT LeftHandMiddle2
                    {
                      OFFSET 6.19078 -0.259278 -1.002548
                      CHANNELS 3 Zrotation Yrotation Xrotation
                      JOINT LeftHandMiddle3
                      {
                        OFFSET 4.35652 -4e-06 -1e-06
                        CHANNELS 3 Zrotation Yrotation Xrotation
                        JOINT LeftHandMiddle4
                        {
                          OFFSET 2.996877 -8e-06 0.0
                          CHANNELS 3 Zrotation Yrotation Xrotation
                          JOINT LeftHandMiddleEnd
                          {
                            OFFSET 2.304287 -0.294569 -0.031741
                            CHANNELS 3 Zrotation Yrotation Xrotation
                          }
                        }
                      }
                    }
                  }
                  JOINT LeftHandRing1
                  {
                    OFFSET 2.882643 -0.053652 -0.322543
                    CHANNELS 3 Zrotation Yrotation Xrotation
                    JOINT LeftHandRing2
                    {
                      OFFSET 5.854541 -0.486202 -1.373841
                      CHANNELS 3 Zrotation Yrotation Xrotation
                      JOINT LeftHandRing3
                      {
                        OFFSET 4.350578 0.0 3e-06
                        CHANNELS 3 Zrotation Yrotation Xrotation
                        JOINT LeftHandRing4
                        {
                          OFFSET 2.651321 7e-06 2e-06
                          CHANNELS 3 Zrotation Yrotation Xrotation
                          JOINT LeftHandRingEnd
                          {
                            OFFSET 1.936105 0.077687 -7.1e-05
                            CHANNELS 3 Zrotation Yrotation Xrotation
                          }
                        }
                      }
                    }
                  }
                  JOINT LeftHandPinky1
                  {
                    OFFSET 2.8655 -0.310005 -1.600378
                    CHANNELS 3 Zrotation Yrotation Xrotation
                    JOINT LeftHandPinky2
                    {
                      OFFSET 5.087849 -1.331141 -1.77123
                      CHANNELS 3 Zrotation Yrotation Xrotation
                      JOINT LeftHandPinky3
                      {
                        OFFSET 3.070974 4e-06 0.0
                        CHANNELS 3 Zrotation Yrotation Xrotation
                        JOINT LeftHandPinky4
                        {
                          OFFSET 1.549672 0.0 1e-06
                          CHANNELS 3 Zrotation Yrotation Xrotation
                          JOINT LeftHandPinkyEnd
                          {
                            OFFSET 1.944893 -0.157802 0.057219
                            CHANNELS 3 Zrotation Yrotation Xrotation
                          }
                        }
                      }
                    }
                  }
                }
              }
            }
          }
          JOINT RightShoulder
          {
            OFFSET -1.380118 23.180309 5.214158
            CHANNELS 3 Zrotation Yrotation Xrotation
            JOINT RightArm
            {
              OFFSET -15.037196 1.2e-05 -5.545604
              CHANNELS 3 Zrotation Yrotation Xrotation
              JOINT RightForeArm
              {
                OFFSET -28.736639 2e-06 -0.002597
                CHANNELS 3 Zrotation Yrotation Xrotation
                JOINT RightHand
                {
                  OFFSET -27.133619 -0.0 0.002613
                  CHANNELS 3 Zrotation Yrotation Xrotation
                  JOINT RightHandThumb1
                  {
                    OFFSET -2.274032 -1.383988 3.163127
                    CHANNELS 3 Zrotation Yrotation Xrotation
                    JOINT RightHandThumb2
                    {
                      OFFSET -4.011429 -1.827466 1.640914
                      CHANNELS 3 Zrotation Yrotation Xrotation
                      JOINT RightHandThumb3
                      {
                        OFFSET -2.794935 -4e-06 -3e-06
                        CHANNELS 3 Zrotation Yrotation Xrotation
                        JOINT RightHandThumbEnd
                        {
                          OFFSET -3.183852 4e-06 1e-06
                          CHANNELS 3 Zrotation Yrotation Xrotation
                        }
                      }
                    }
                  }
                  JOINT RightHandIndex1
                  {
                    OFFSET -3.253266 -0.520057 2.282866
                    CHANNELS 3 Zrotation Yrotation Xrotation
                    JOINT RightHandIndex2
                    {
                      OFFSET -6.341917 0.012471 0.178266
                      CHANNELS 3 Zrotation Yrotation Xrotation
                      JOINT RightHandIndex3
                      {
                        OFFSET -3.654871 -8e-06 -0.0
                        CHANNELS 3 Zrotation Yrotation Xrotation
                        JOINT RightHandIndex4
                        {
                          OFFSET -2.327586 0.0 1e-06
                          CHANNELS 3 Zrotation Yrotation Xrotation
                          JOINT RightHandIndexEnd
                          {
                            OFFSET -2.76179 -0.180656 -0.113078
                            CHANNELS 3 Zrotation Yrotation Xrotation
                          }
                        }
                      }
                    }
                  }
                  JOINT RightHandMiddle1
                  {
                    OFFSET -3.168106 0.246593 1.00103
                    CHANNELS 3 Zrotation Yrotation Xrotation
                    JOINT RightHandMiddle2
                    {
                      OFFSET -6.180828 -0.258836 -1.000895
                      CHANNELS 3 Zrotation Yrotation Xrotation
                      JOINT RightHandMiddle3
                      {
                        OFFSET -4.348901 0.0 -0.0
                        CHANNELS 3 Zrotation Yrotation Xrotation
                        JOINT RightHandMiddle4
                        {
                          OFFSET -3.00024 -4e-06 -2e-06
                          CHANNELS 3 Zrotation Yrotation Xrotation
                          JOINT RightHandMiddleEnd
                          {
                            OFFSET -2.30252 -0.29437 -0.031706
                            CHANNELS 3 Zrotation Yrotation Xrotation
                          }
                        }
                      }
                    }
                  }
                  JOINT RightHandRing1
                  {
                    OFFSET -2.88569 -0.067952 -0.308858
                    CHANNELS 3 Zrotation Yrotation Xrotation
                    JOINT RightHandRing2
                    {
                      OFFSET -5.854198 -0.48613 -1.373731
                      CHANNELS 3 Zrotation Yrotation Xrotation
                      JOINT RightHandRing3
                      {
                        OFFSET -4.33881 -4e-06 -0.0
                        CHANNELS 3 Zrotation Yrotation Xrotation
                        JOINT RightHandRing4
                        {
                          OFFSET -2.654903 -4e-06 4e-06
                          CHANNELS 3 Zrotation Yrotation Xrotation
                          JOINT RightHandRingEnd
                          {
                            OFFSET -1.933568 0.077527 -5.2e-05
                            CHANNELS 3 Zrotation Yrotation Xrotation
                          }
                        }
                      }
                    }
                  }
                  JOINT RightHandPinky1
                  {
                    OFFSET -2.866425 -0.342796 -1.584145
                    CHANNELS 3 Zrotation Yrotation Xrotation
                    JOINT RightHandPinky2
                    {
                      OFFSET -5.091371 -1.332055 -1.772385
                      CHANNELS 3 Zrotation Yrotation Xrotation
                      JOINT RightHandPinky3
                      {
                        OFFSET -3.062664 -4e-06 1e-06
                        CHANNELS 3 Zrotation Yrotation Xrotation
                        JOINT RightHandPinky4
                        {
                          OFFSET -1.546529 4e-06 -2e-06
                          CHANNELS 3 Zrotation Yrotation Xrotation
                          JOINT RightHandPinkyEnd
                          {
                            OFFSET -1.945119 -0.157718 0.057211
                            CHANNELS 3 Zrotation Yrotation Xrotation
                          }
                        }
                      }
                    }
                  }
                }
              }
            }
          }
        }
      }
    }
    JOINT LeftLeg
    {
      OFFSET 10.043214 -8.434526 2.595655
      CHANNELS 3 Zrotation Yrotation Xrotation
      JOINT LeftShin
      {
        OFFSET -1e-06 -43.221752 -0.802913
        CHANNELS 3 Zrotation Yrotation Xrotation
        JOINT LeftFoot
        {
          OFFSET 1e-06 -42.155094 -3.481523
          CHANNELS 3 Zrotation Yrotation Xrotation
          JOINT LeftToeBase
          {
            OFFSET 0.0 -5.059472 13.231529
            CHANNELS 3 Zrotation Yrotation Xrotation
            JOINT LeftToeEnd
            {
              OFFSET -0.009607 -1.647619 6.513017
              CHANNELS 3 Zrotation Yrotation Xrotation
            }
          }
        }
      }
    }
    JOINT RightLeg
    {
      OFFSET -10.047278 -8.29526 2.620317
      CHANNELS 3 Zrotation Yrotation Xrotation
      JOINT RightShin
      {
        OFFSET 1e-06 -43.362206 -0.805556
        CHANNELS 3 Zrotation Yrotation Xrotation
        JOINT RightFoot
        {
          OFFSET 2e-06 -42.117393 -3.478398
          CHANNELS 3 Zrotation Yrotation Xrotation
          JOINT RightToeBase
          {
            OFFSET -0.0 -5.079609 13.284196
            CHANNELS 3 Zrotation Yrotation Xrotation
            JOINT RightToeEnd
            {
              OFFSET 0.009532 -1.634378 6.460591
              CHANNELS 3 Zrotation Yrotation Xrotation
            }
          }
        }
      }
    }
  }
}
MOTION
Frames: 180
Frame Time: 0.03333333333333333
0.0 0.0 0.0 0.0 -0.0 0.0 11.2595 85.402443 8.584216 0.106417 19.299719 -7.161599 -5.994607 3.188927 4.954604 -2.35561 1.685545 -2.926823 -6.553481 0.94021 12.766422 -7.881924 9.748123 14.884729 5.437111 18.184277 -2.145415 -1.245594 22.253382 -9.94663 7.7e-05 -2.2e-05 6e-06 0.01805 -0.240131 -0.098477 0.674628 -4.084976 -11.153672 -0.665712 3.6399 -11.272779 13.320103 -14.411846 16.569853 -68.343079 -18.327316 -23.099539 -170.054062 -82.700394 169.239807 17.318386 -13.291032 -2.042668 -5.882103 9.861286 0.70259 -10.936872 -0.360575 7.156207 -0.0 8.774824 -1e-06 -14.91818 17.966442 6.320312 -1.844032 2.498505 -2.507277 -10.163602 4.678944 4.621109 -20.976027 -4e-06 3e-06 -21.226288 2.451696 -3.593999 0.0 -6e-06 0.0 -1.362681 2.240798 -0.746324 -21.334917 0.584909 3.008323 -13.821217 -3e-06 3e-06 -23.887175 -0.249079 -0.839482 -58.593685 2.970173 -1.238359 -0.294026 1.679688 0.833255 -14.21821 0.093213 1.300581 -34.212051 -0.287565 0.967172 -20.033215 0.964536 1.212845 1e-06 1e-06 0.0 -3.440389 0.788233 0.501656 -15.928189 -3.167311 2.999708 -6.338828 -2e-06 0.0 -18.123447 3.648183 -4.905669 -4e-06 -0.0 -2e-06 -12.949996 13.834479 20.446999 87.598526 -13.345597 24.87582 -179.761734 68.011055 179.766388 -17.02597 7.12117 45.992661 2.243539 -5.255037 -3.180157 14.282895 -0.826592 6.952501 -5e-06 -12.690604 -1e-06 16.427868 -17.293711 2.945435 1.665666 -1.955923 -2.878298 4.727797 -4.170587 4.993921 11.020524 6e-06 -0.0 12.109051 -3.735715 -2.866783 -1e-06 -1e-06 0.0 1.291986 -1.928549 -1.49809 14.800127 0.567469 3.865607 14.242572 -1.341735 -6.660657 19.631969 0.143929 -0.648242 50.213467 -0.941733 -6.418374 0.353028 -1.51115 -0.031939 20.22279 3.684312 2.316631 18.787271 8e-06 2e-06 10.751627 -0.479867 1.397909 -1e-06 0.0 -0.0 3.273806 0.305947 -0.58011 21.486813 11.830377 2.266134 8.162926 3e-06 -1e-06 18.399078 -3.798979 -4.940573 3e-06 -1e-06 1e-06 8.39325 27.858685 -41.677353 -0.08778 -0.568288 61.379612 -2.349803 30.01737 3.290356 1.725879 -2.066879 3.274788 0.0 -0.0 2e-06 -26.918455 10.06836 5.406154 -0.009401 3.439287 97.561836 15.587541 3.500961 10.713065 -1.923064 0.953105 -1.641727 1e-06 0.0 -1e-06
0.0 0.0 0.0 0.0 -0.0 0.0 13.648765 82.366058 11.49518 0.161451 38.488117 -4.844227 -6.803512 2.102822 8.709719 -2.564682 0.569602 -2.413982 -6.772505 1.292016 15.219221 -3.823715 6.229643 12.613223 4.054782 17.079794 -2.892613 -3.206889 20.441278 -13.376147 7.7e-05 -2.2e-05 6e-06 0.001158 -0.169231 -0.089827 0.702318 -3.932076 -11.00395 -0.726711 3.612729 -11.032214 19.757357 -18.305355 13.05639 -65.129959 -26.494299 -17.320414 -167.717834 -88.033478 166.980484 19.308247 -13.790511 -4.672255 -5.882111 9.861293 0.70259 -10.936874 -0.360574 7.156209 -1e-06 8.774831 -1e-06 -15.336109 17.448378 5.831017 -1.844031 2.498507 -2.507278 -10.163604 4.678949 4.621111 -20.97603 -0.0 3e-06 -21.226295 2.451702 -3.594004 0.0 -6e-06 -0.0 -1.362682 2.240801 -0.746324 -21.334919 0.584912 3.008326 -13.821218 -1e-06 2e-06 -23.887177 -0.249075 -0.839485 -59.21751 2.542509 -1.404474 -0.294023 1.679688 0.833257 -14.218214 0.093217 1.300583 -34.212055 -0.287558 0.967172 -20.033218 0.96454 1.212842 0.0 0.0 1e-06 -3.440391 0.788234 0.501656 -15.928191 -3.16731 2.99971 -6.338827 1e-06 2e-06 -18.123451 3.648188 -4.905675 -4e-06 0.0 -1e-06 -12.699035 12.771726 19.878197 93.184227 -13.186408 16.378084 171.585571 67.83445 171.996307 -15.418325 9.45698 42.864109 2.243543 -5.255039 -3.180157 14.282894 -0.826597 6.952499 1e-06 -12.690606 -0.0 15.43652 -17.734827 3.780224 1.665669 -1.955921 -2.878299 4.727801 -4.170588 4.993925 11.020529 1e-06 -4e-06 12.109058 -3.735717 -2.866787 -1e-06 -0.0 0.0 1.291986 -1.92855 -1.498089 14.800134 0.567463 3.865606 14.24258 -1.341737 -6.660662 19.631975 0.143928 -0.64825 50.116283 -0.594622 -5.803104 0.353029 -1.511148 -0.031939 20.222797 3.684307 2.316627 18.787281 3e-06 -6e-06 10.751632 -0.479869 1.397903 0.0 -1e-06 0.0 3.273808 0.305946 -0.58011 21.486818 11.830374 2.266128 8.162928 4e-06 -2e-06 18.399094 -3.798988 -4.940582 3e-06 0.0 -1e-06 0.806209 20.619917 -53.918839 0.444712 0.067341 73.027466 0.222312 24.317972 6.358662 1.72871 -2.012016 3.014626 -0.0 -0.0 3e-06 -23.517698 -1.531617 9.570876 0.085912 2.39036 106.169708 14.577377 1.849602 4.160417 -2.034625 0.97298 -1.782733 -0.0 1e-06 -1e-06
0.0 0.0 0.0 0.0 -0.0 0.0 17.118696 80.190086 13.697633 2.092433 40.316872 -2.549419 -6.931034 2.543526 10.363856 -2.826307 1.990541 -1.661587 -6.949023 3.371722 17.39497 -5.463446 7.036557 9.681013 3.07187 17.327974 -3.000497 -4.799458 19.712494 -14.973887 7.7e-05 -2.3e-05 6e-06 -0.039354 -0.030019 -0.112724 0.689551 -3.747407 -10.878565 -0.796084 3.699652 -10.891613 19.165524 -14.781284 12.783779 -61.654152 -28.242163 -15.211781 -177.123535 -85.550537 176.540344 21.522955 -13.392492 -4.903141 -5.88211 9.861292 0.702589 -10.936875 -0.360573 7.156208 -2e-06 8.774829 -1e-06 -15.452738 17.575132 6.112374 -1.844029 2.498506 -2.507277 -10.163604 4.678949 4.621111 -20.97603 0.0 1e-06 -21.226294 2.4517 -3.594005 0.0 -6e-06 -1e-06 -1.362682 2.2408 -0.746324 -21.334921 0.584913 3.008322 -13.821217 0.0 1e-06 -23.887177 -0.249076 -0.839486 -59.653412 2.479971 -1.596994 -0.294024 1.679687 0.833256 -14.218212 0.093218 1.300582 -34.212059 -0.287559 0.967167 -20.033218 0.964538 1.212839 1e-06 0.0 1e-06 -3.44039 0.788234 0.501655 -15.928189 -3.167308 2.999709 -6.338829 -0.0 1e-06 -18.123453 3.648188 -4.905673 -4e-06 0.0 -2e-06 -13.481438 16.390295 19.417336 91.599495 -8.643292 13.277218 171.535614 66.251564 173.244278 -15.430795 9.472941 42.022682 2.243543 -5.255039 -3.180158 14.282892 -0.826596 6.952503 3e-06 -12.690607 -2e-06 14.485523 -17.962296 4.098659 1.665666 -1.955922 -2.8783 4.727799 -4.170588 4.993925 11.020528 -0.0 -4e-06 12.109055 -3.735716 -2.866787 -0.0 -1e-06 0.0 1.291986 -1.92855 -1.49809 14.800129 0.567467 3.86561 14.242573 -1.341737 -6.660661 19.631966 0.143927 -0.648248 50.019226 -0.658299 -5.766443 0.353029 -1.511151 -0.03194 20.222792 3.684307 2.316629 18.787273 4e-06 1e-06 10.751631 -0.479869 1.397907 -0.0 -1e-06 2e-06 3.273807 0.305946 -0.58011 21.486814 11.830373 2.266132 8.162929 0.0 -1e-06 18.399082 -3.798985 -4.940579 3e-06 0.0 -3e-06 -2.333318 22.268749 -56.305489 0.493787 0.173921 79.892418 -1.947115 22.857229 0.424237 1.684921 -1.887485 3.352232 0.0 -0.0 2e-06 -19.570652 3.068865 3.206548 0.186462 1.939994 116.865669 12.818933 4.76428 -3.979484 -2.300725 0.934607 -2.800085 -0.0 0.0 -1e-06
0.0 0.0 0.0 0.0 -0.0 0.0 19.394585 78.949707 15.0201 3.927796 39.977676 -0.314159 -7.050117 2.950207 11.825845 -2.975303 2.848046 -0.862609 -7.598833 4.911876 19.093182 -7.775387 7.980819 7.832848 2.351876 17.132925 -3.137994 -6.111825 18.614784 -15.74813 7.7e-05 -2.2e-05 6e-06 -0.050923 -0.003065 -0.096075 0.663886 -3.711264 -10.844788 -0.792528 3.709681 -10.865941 17.63587 -11.573273 12.929545 -60.087395 -26.716703 -14.756395 -175.836533 -81.335915 175.021347 22.569082 -12.142224 -4.695248 -5.882114 9.861299 0.70259 -10.936884 -0.360574 7.156215 -1e-06 8.774835 -2e-06 -15.508926 17.626648 6.132747 -1.844033 2.498507 -2.507281 -10.163614 4.678951 4.621114 -20.976048 -0.0 4e-06 -21.226311 2.451703 -3.594005 0.0 -6e-06 -0.0 -1.362683 2.2408 -0.746325 -21.334942 0.584913 3.008329 -13.821233 -0.0 1e-06 -23.887201 -0.249075 -0.839486 -59.535461 2.401852 -1.687444 -0.294026 1.67969 0.833256 -14.218225 0.093217 1.300582 -34.212097 -0.28756 0.967172 -20.033241 0.96454 1.212845 -1e-06 0.0 -0.0 -3.440395 0.788235 0.501657 -15.928206 -3.167311 2.999712 -6.338834 -0.0 3e-06 -18.12347 3.64819 -4.905677 -4e-06 -0.0 -1e-06 -15.948356 18.678835 18.655949 88.829498 -3.361712 11.464885 173.657639 64.672798 175.503555 -14.96825 7.977186 41.791969 2.243544 -5.255039 -3.18016 14.282897 -0.826598 6.952507 -1e-06 -12.69061 -1e-06 14.292016 -17.838646 3.998165 1.665666 -1.955922 -2.8783 4.727803 -4.170589 4.993927 11.020535 2e-06 -2e-06 12.10906 -3.73572 -2.866786 -0.0 -2e-06 0.0 1.291986 -1.928549 -1.498092 14.800136 0.567466 3.865608 14.242582 -1.341739 -6.660662 19.631979 0.143922 -0.648247 49.906963 -0.737117 -5.717139 0.35303 -1.511152 -0.03194 20.222801 3.684309 2.31663 18.787283 3e-06 -3e-06 10.751634 -0.47987 1.397905 -1e-06 0.0 0.0 3.273808 0.305947 -0.580111 21.486824 11.830376 2.266132 8.162933 1e-06 -1e-06 18.399094 -3.798988 -4.94058 2e-06 0.0 -2e-06 -4.434734 23.223864 -57.005116 0.427183 0.170486 82.946678 -3.902115 22.4496 -4.890885 1.666365 -1.81123 3.431868 0.0 -0.0 3e-06 -16.41243 8.900398 -6.301299 0.234916 1.3121 127.769333 10.483537 5.3792 -10.087066 -2.440771 0.896559 -4.071273 2e-06 0.0 -1e-06
0.0 0.0 0.0 0.0 -0.0 0.0 21.297821 78.24054 16.352236 4.819816 39.973759 0.927012 -6.904766 3.064471 13.554626 -3.033103 3.2098 -0.050504 -8.212032 5.651965 20.624769 -9.581499 8.386059 7.001784 1.656097 16.327293 -3.343043 -7.132736 17.389158 -16.207521 7.7e-05 -2.3e-05 5e-06 -0.026159 -0.033738 -0.092745 0.671109 -3.752166 -10.864696 -0.747326 3.68338 -10.925483 15.705496 -9.218471 13.551864 -59.410736 -23.612965 -14.317091 -175.798004 -77.729797 174.75827 23.476418 -10.957808 -4.961704 -5.882114 9.861299 0.702591 -10.936885 -0.360573 7.156216 -1e-06 8.774835 -0.0 -15.476749 17.727234 6.176658 -1.844036 2.498507 -2.50728 -10.163614 4.678953 4.621116 -20.976053 1e-06 3e-06 -21.226318 2.451704 -3.594006 0.0 -6e-06 0.0 -1.362685 2.240801 -0.746325 -21.334944 0.584913 3.008328 -13.821231 0.0 2e-06 -23.887203 -0.249075 -0.839485 -59.495277 2.349118 -1.665891 -0.294025 1.679689 0.833257 -14.218229 0.093218 1.300584 -34.212097 -0.287557 0.967169 -20.033241 0.964542 1.212842 0.0 -0.0 1e-06 -3.440393 0.788235 0.501656 -15.928209 -3.167311 2.999711 -6.338833 -1e-06 2e-06 -18.123472 3.64819 -4.905676 -5e-06 -0.0 -3e-06 -18.958641 19.249329 17.447893 86.513733 1.083487 10.134443 176.629807 63.280418 177.801056 -14.388499 6.427842 41.637344 2.243543 -5.255038 -3.180159 14.282904 -0.826595 6.952507 -3e-06 -12.690612 1e-06 14.438137 -17.745935 3.888222 1.665669 -1.955924 -2.878301 4.727801 -4.170588 4.993926 11.020532 4e-06 -0.0 12.109059 -3.735715 -2.866785 1e-06 -1e-06 -0.0 1.291987 -1.928552 -1.498089 14.800139 0.567469 3.865607 14.242584 -1.341736 -6.660659 19.631979 0.143927 -0.648246 50.113747 -0.7785 -5.582546 0.353029 -1.511151 -0.031941 20.222805 3.684313 2.316632 18.787287 6e-06 1e-06 10.751635 -0.479868 1.397908 -1e-06 0.0 2e-06 3.273809 0.305947 -0.58011 21.486832 11.830381 2.266135 8.162933 3e-06 -1e-06 18.399096 -3.798985 -4.940577 2e-06 1e-06 -2e-06 -5.047606 22.49824 -56.651791 0.424565 0.180128 84.923264 -6.051079 22.470743 -8.992408 1.67437 -1.846111 3.151336 0.0 -0.0 3e-06 -13.644678 12.239221 -17.273582 0.135601 0.793102 136.57486 7.87662 3.503957 -14.238585 -2.398553 0.93904 -4.687843 -1e-06 -0.0 -1e-06
0.0 0.0 0.0 0.0 -0.0 0.0 22.947311 77.978477 17.75425 4.676528 40.136044 1.021208 -6.448725 3.063799 15.339557 -2.97666 3.380952 0.680519 -8.603209 5.805937 21.977467 -10.764341 8.494331 6.838752 1.106573 15.167636 -3.501077 -7.824088 16.230118 -16.565559 7.7e-05 -2.2e-05 8e-06 -0.003215 -0.050904 -0.098481 0.684901 -3.77996 -10.858821 -0.711827 3.674257 -10.96347 13.513253 -7.618291 14.472117 -59.23653 -20.128899 -13.883518 -176.4505 -75.663528 175.513489 24.515852 -10.04124 -5.614731 -5.882112 9.861288 0.702588 -10.936878 -0.360575 7.15621 1e-06 8.774828 -1e-06 -15.342041 17.835613 6.269609 -1.844033 2.498505 -2.507279 -10.163604 4.678946 4.621112 -20.976034 -4e-06 2e-06 -21.226297 2.4517 -3.594003 0.0 -4e-06 -1e-06 -1.362682 2.240799 -0.746324 -21.334929 0.58491 3.008325 -13.821223 -2e-06 1e-06 -23.887184 -0.249078 -0.839485 -59.606503 2.322823 -1.578624 -0.294024 1.679688 0.833256 -14.218218 0.093215 1.300581 -34.212074 -0.287563 0.967171 -20.033228 0.964537 1.212844 0.0 1e-06 0.0 -3.440391 0.788233 0.501656 -15.928192 -3.16731 2.99971 -6.338829 -1e-06 1e-06 -18.123457 3.648183 -4.905674 -4e-06 -0.0 -2e-06 -21.574142 19.021669 16.189373 85.325676 4.230335 8.408428 178.782227 61.905941 179.198441 -13.962407 5.563045 40.241116 2.243543 -5.255041 -3.18016 14.2829 -0.826596 6.952511 -1e-06 -12.690612 2e-06 14.654769 -17.720743 3.733536 1.665668 -1.955922 -2.878302 4.727801 -4.17059 4.993928 11.020532 3e-06 0.0 12.109059 -3.735719 -2.866785 1e-06 -1e-06 -0.0 1.291986 -1.928552 -1.498091 14.800139 0.567468 3.865612 14.242581 -1.341738 -6.660665 19.631983 0.143927 -0.648246 50.286659 -0.739796 -5.555099 0.353031 -1.511152 -0.031941 20.222803 3.684312 2.316634 18.787283 3e-06 -0.0 10.751633 -0.479869 1.397907 -0.0 -0.0 1e-06 3.273809 0.305947 -0.580113 21.486828 11.830381 2.266138 8.162931 0.0 2e-06 18.399094 -3.798988 -4.940579 3e-06 2e-06 -2e-06 -4.246182 21.04735 -55.573498 0.520762 0.230123 86.603279 -8.461552 22.300667 -11.262495 1.69891 -1.953697 2.739166 0.0 -0.0 3e-06 -11.126886 12.46147 -28.23914 0.133628 0.79015 141.309845 5.246957 1.344568 -16.872147 -2.192315 1.031807 -4.281283 0.0 0.0 -1e-06
0.0 0.0 0.0 0.0 -0.0 0.0 24.190607 78.017067 19.12664 3.822929 40.642006 0.356392 -5.820305 3.015412 16.921423 -2.848541 3.423864 1.357834 -8.744628 5.627779 23.139853 -11.326718 8.478543 7.007199 0.836744 13.901396 -3.584788 -8.328144 15.200383 -16.689831 7.7e-05 -2.2e-05 6e-06 0.014259 -0.05367 -0.099781 0.687692 -3.786139 -10.817034 -0.675679 3.673426 -10.942564 11.211522 -6.642323 15.267018 -59.095924 -17.20252 -13.645486 -178.015106 -75.177971 177.403381 25.8892 -9.540163 -6.243767 -5.882111 9.861299 0.702592 -10.936884 -0.360573 7.156216 -2e-06 8.774835 -1e-06 -15.235252 17.975363 6.370537 -1.844034 2.498508 -2.507279 -10.163611 4.678951 4.621116 -20.976044 1e-06 2e-06 -21.226309 2.451704 -3.594006 0.0 -6e-06 -1e-06 -1.362684 2.240802 -0.746325 -21.334938 0.584913 3.008328 -13.821228 -1e-06 2e-06 -23.887196 -0.249075 -0.839485 -59.638618 2.340461 -1.465991 -0.294025 1.67969 0.833257 -14.218224 0.093217 1.300583 -34.212086 -0.287558 0.967171 -20.033236 0.964542 1.212844 0.0 -0.0 0.0 -3.440393 0.788235 0.501656 -15.928201 -3.167311 2.999712 -6.338831 -1e-06 2e-06 -18.123463 3.64819 -4.905676 -3e-06 -2e-06 -2e-06 -23.134405 18.434311 15.407207 84.735672 6.587199 6.616975 -179.84198 61.095531 -179.875214 -13.744702 5.493105 37.892391 2.243543 -5.255039 -3.18016 14.282898 -0.826595 6.952507 -0.0 -12.690608 1e-06 14.909256 -17.776905 3.578756 1.665667 -1.955922 -2.878302 4.727801 -4.170589 4.993928 11.020534 2e-06 -3e-06 12.109058 -3.735715 -2.866783 2e-06 -1e-06 -1e-06 1.291986 -1.928549 -1.49809 14.800138 0.567468 3.865608 14.24258 -1.341735 -6.660661 19.631977 0.143926 -0.648247 50.336948 -0.629917 -5.691555 0.35303 -1.511152 -0.031941 20.222801 3.684313 2.316628 18.787283 7e-06 0.0 10.751634 -0.479868 1.397908 -0.0 0.0 -0.0 3.273809 0.305948 -0.580113 21.486824 11.830379 2.266134 8.162931 1e-06 0.0 18.399092 -3.798985 -4.940578 4e-06 0.0 -2e-06 -2.673004 19.490616 -54.408554 0.668828 0.269584 88.153015 -10.589106 21.691971 -11.42299 1.720661 -2.059756 2.13192 -0.0 -0.0 3e-06 -8.66055 10.556775 -38.155048 0.266674 0.903985 141.169037 3.216472 -0.466742 -17.410162 -1.929407 1.109833 -3.06313 -1e-06 -0.0 -1e-06
0.0 0.0 0.0 0.0 -0.0 0.0 25.239635 78.376381 20.634899 2.642255 41.349964 -0.63473 -5.11094 2.934418 18.157465 -2.661588 3.352471 1.971827 -8.690445 5.398367 24.151548 -11.453314 8.410074 7.310042 0.755315 12.683065 -3.603089 -8.742628 14.216915 -16.653191 7.7e-05 -2.2e-05 5e-06 0.041597 -0.071365 -0.100076 0.70525 -3.805877 -10.777445 -0.634409 3.657229 -10.909769 8.940327 -6.012349 15.759086 -58.802219 -15.538399 -13.43272 179.226761 -75.882545 -179.447632 27.4142 -9.723095 -7.164386 -5.882109 9.86129 0.70259 -10.936877 -0.360574 7.156211 -0.0 8.77483 -2e-06 -15.237218 18.128424 6.432045 -1.844033 2.498506 -2.507282 -10.163605 4.678948 4.621111 -20.976034 -3e-06 0.0 -21.226301 2.4517 -3.594005 0.0 -6e-06 -0.0 -1.362683 2.240799 -0.746322 -21.334925 0.584912 3.008325 -13.821218 -2e-06 1e-06 -23.887182 -0.249077 -0.839485 -59.61797 2.386682 -1.416384 -0.294024 1.679688 0.833257 -14.218215 0.093217 1.300582 -34.212059 -0.28756 0.96717 -20.033222 0.964538 1.212843 -0.0 0.0 0.0 -3.440388 0.788234 0.501655 -15.928192 -3.16731 2.999709 -6.338829 -2e-06 1e-06 -18.123457 3.648184 -4.905674 -4e-06 -0.0 -2e-06 -23.681726 17.785879 15.185046 84.01284 8.675313 5.305609 -178.784882 61.48727 -179.124695 -13.655254 5.70433 35.817425 2.243543 -5.25504 -3.180157 14.282898 -0.826597 6.952505 1e-06 -12.690612 -1e-06 15.130953 -17.793629 3.472767 1.665667 -1.955923 -2.878301 4.727801 -4.170592 4.993928 11.020529 2e-06 -1e-06 12.109058 -3.735717 -2.866783 -0.0 -0.0 -1e-06 1.291987 -1.928551 -1.49809 14.800136 0.567467 3.865607 14.242578 -1.341738 -6.66066 19.631975 0.143924 -0.648249 50.306633 -0.564042 -5.840794 0.353029 -1.511151 -0.03194 20.222801 3.684309 2.31663 18.787287 3e-06 -1e-06 10.751634 -0.479871 1.397907 -1e-06 0.0 -0.0 3.273807 0.305947 -0.580111 21.486822 11.830378 2.266131 8.162931 -1e-06 -3e-06 18.399094 -3.798985 -4.940578 3e-06 0.0 -3e-06 -0.683332 18.074211 -52.893585 0.776225 0.339743 89.171486 -12.378785 20.684725 -10.637761 1.744863 -2.121014 1.407604 0.0 0.0 3e-06 -6.618609 8.637567 -46.7756 0.384915 0.802867 136.442413 2.306397 -0.900332 -15.591591 -1.708073 1.133244 -1.829358 0.0 -0.0 -1e-06
0.0 0.0 0.0 0.0 -0.0 0.0 26.134508 78.964165 22.22793 1.239331 42.065727 -1.802197 -4.376767 2.810897 19.065718 -2.453281 3.220476 2.477384 -8.409074 5.199446 24.994879 -11.326083 8.173935 7.507091 0.701247 11.863516 -3.599395 -9.189467 13.410624 -16.694048 7.7e-05 -2.2e-05 6e-06 0.070067 -0.102109 -0.100504 0.736555 -3.829194 -10.736356 -0.605517 3.619822 -10.873656 6.938685 -5.661752 16.114471 -58.660221 -14.741249 -13.314506 175.955368 -76.923782 -175.827118 28.89584 -10.312303 -8.339342 -5.882109 9.861295 0.70259 -10.936873 -0.360574 7.156212 -4e-06 8.774829 -3e-06 -15.283744 18.22163 6.471276 -1.844035 2.498507 -2.50728 -10.163604 4.67895 4.621113 -20.976034 1e-06 3e-06 -21.226301 2.451705 -3.594005 0.0 -6e-06 -0.0 -1.362683 2.2408 -0.746322 -21.334927 0.584913 3.008327 -13.82122 0.0 2e-06 -23.887184 -0.249074 -0.839486 -59.628063 2.403966 -1.422751 -0.294026 1.679689 0.833256 -14.218217 0.093217 1.300583 -34.21207 -0.287557 0.967172 -20.033226 0.964542 1.212843 -0.0 1e-06 0.0 -3.440391 0.788234 0.501657 -15.928196 -3.167309 2.999713 -6.338831 -1e-06 2e-06 -18.123457 3.648189 -4.905676 -5e-06 -1e-06 -2e-06 -23.735128 17.225117 15.168175 83.071648 10.637597 4.502398 -177.999451 62.922367 -178.591171 -13.720649 5.773316 34.506668 2.243543 -5.255039 -3.180159 14.282896 -0.826598 6.952505 0.0 -12.69061 2e-06 15.252252 -17.739805 3.413521 1.665666 -1.955922 -2.8783 4.727801 -4.17059 4.993927 11.020529 1e-06 -2e-06 12.109059 -3.735719 -2.866785 1e-06 -2e-06 -3e-06 1.291985 -1.928549 -1.498089 14.800138 0.567465 3.865607 14.242579 -1.341737 -6.660663 19.631977 0.143925 -0.648247 50.190056 -0.622266 -5.971389 0.353029 -1.51115 -0.031939 20.222801 3.684309 2.316629 18.787283 2e-06 -1e-06 10.751634 -0.47987 1.397905 0.0 -1e-06 0.0 3.273808 0.305947 -0.580112 21.486822 11.830376 2.266129 8.162933 -1e-06 -3e-06 18.399099 -3.798988 -4.940583 4e-06 0.0 -2e-06 1.521695 16.943718 -51.241871 0.791044 0.386067 89.812485 -13.83197 19.522346 -8.927556 1.767522 -2.135143 0.635366 -0.0 -0.0 2e-06 -5.496262 7.673392 -53.654236 0.437674 0.62466 129.032684 2.870586 0.290907 -12.436684 -1.592854 1.122101 -1.121037 -1e-06 -1e-06 0.0
0.0 0.0 0.0 0.0 -0.0 0.0 26.890749 79.665451 23.7887 -0.19006 42.526104 -2.852862 -3.704032 2.730734 19.606674 -2.267927 3.076649 2.854172 -7.977754 5.10922 25.700079 -11.146556 7.902737 7.523009 0.609028 11.345065 -3.605293 -9.629337 12.77947 -16.793219 7.7e-05 -2.3e-05 7e-06 0.099434 -0.142117 -0.104952 0.773641 -3.857987 -10.701247 -0.581243 3.570298 -10.841253 5.273212 -5.547316 16.497826 -58.718262 -14.234265 -13.295621 172.978058 -78.021317 -172.593079 30.220463 -10.939144 -9.461522 -5.882106 9.861284 0.70259 -10.936868 -0.360574 7.156204 -1e-06 8.774822 -4e-06 -15.236248 18.241531 6.490278 -1.844032 2.498505 -2.507277 -10.163595 4.678945 4.621106 -20.976017 -1e-06 1e-06 -21.22628 2.451699 -3.593999 0.0 -6e-06 0.0 -1.362682 2.240797 -0.746323 -21.334906 0.584911 3.008321 -13.821211 -1e-06 1e-06 -23.887165 -0.249077 -0.839485 -59.556736 2.409825 -1.487318 -0.294024 1.679686 0.833255 -14.218203 0.093216 1.300581 -34.21204 -0.287559 0.967168 -20.033209 0.964538 1.212842 -0.0 0.0 0.0 -3.440388 0.788233 0.501657 -15.928181 -3.167306 2.999706 -6.338825 1e-06 1e-06 -18.123444 3.648185 -4.90567 -5e-06 -0.0 -2e-06 -23.580097 16.915966 15.263306 81.962334 12.648377 3.856863 -177.737503 64.69294 -178.502808 -13.855576 5.647673 33.670151 2.243542 -5.255039 -3.18016 14.282897 -0.826594 6.952505 -1e-06 -12.690609 -2e-06 15.292808 -17.720375 3.391448 1.665667 -1.955923 -2.878301 4.727801 -4.170588 4.993926 11.020534 2e-06 -2e-06 12.109059 -3.735719 -2.866785 1e-06 -0.0 -1e-06 1.291986 -1.92855 -1.498089 14.800136 0.567469 3.865607 14.242579 -1.341736 -6.660659 19.631975 0.143924 -0.648247 50.090485 -0.771413 -6.068052 0.353029 -1.511151 -0.03194 20.222803 3.684309 2.316631 18.787285 5e-06 -2e-06 10.751633 -0.479868 1.397906 -0.0 0.0 1e-06 3.27381 0.305948 -0.580112 21.486826 11.830379 2.266131 8.162933 2e-06 -1e-06 18.399096 -3.798987 -4.940578 3e-06 0.0 -2e-06 3.669988 16.255711 -49.668579 0.703471 0.394949 90.061287 -14.978134 18.343647 -6.888246 1.775207 -2.09794 -0.182944 0.0 -0.0 2e-06 -5.412426 7.512447 -58.621101 0.543906 0.589451 120.783371 4.501683 2.414451 -9.122655 -1.564515 1.141733 -0.87476 -0.0 -2e-06 0.0
0.0 0.0 0.0 0.0 -0.0 0.0 27.580149 80.377304 25.340786 -1.342469 42.709858 -3.617497 -3.198196 2.718711 19.863834 -2.125187 2.948214 3.088392 -7.477741 5.135741 26.284225 -11.062556 7.744539 7.576703 0.536451 10.900769 -3.62279 -10.011971 12.285085 -16.909071 7.7e-05 -2.3e-05 7e-06 0.108005 -0.155373 -0.113185 0.787417 -3.861162 -10.675988 -0.576302 3.549439 -10.815894 4.080942 -5.536822 16.881531 -58.990379 -13.599029 -13.181796 171.27005 -79.198486 -170.657013 31.234049 -11.322636 -10.567298 -5.882107 9.861283 0.70259 -10.936873 -0.360574 7.156206 -1e-06 8.774824 1e-06 -15.179725 18.274433 6.487631 -1.844034 2.498504 -2.507278 -10.163599 4.678946 4.621109 -20.976023 -5e-06 -1e-06 -21.226288 2.451694 -3.594001 0.0 -5e-06 0.0 -1.36268 2.240798 -0.746322 -21.334915 0.584907 3.008321 -13.821217 -4e-06 1e-06 -23.887171 -0.249081 -0.839485 -59.547146 2.408276 -1.562751 -0.294023 1.679688 0.833256 -14.218209 0.093214 1.30058 -34.212051 -0.287567 0.967168 -20.033215 0.964534 1.212843 -0.0 0.0 0.0 -3.440389 0.788233 0.501655 -15.928185 -3.16731 2.999706 -6.338828 -1e-06 2e-06 -18.123444 3.64818 -4.905672 -6e-06 -0.0 -2e-06 -23.421427 16.799639 15.438081 80.662796 14.731774 3.340088 -178.00856 66.41964 -178.825958 -14.031265 5.233157 32.991734 2.24354 -5.255035 -3.180157 14.282887 -0.826594 6.952497 -1e-06 -12.6906 2e-06 15.298456 -17.825951 3.40071 1.665664 -1.95592 -2.878297 4.727797 -4.170588 4.993923 11.020522 4e-06 -1e-06 12.109046 -3.735713 -2.866784 -0.0 -0.0 -1e-06 1.291986 -1.928549 -1.498091 14.800125 0.567467 3.865604 14.242568 -1.341734 -6.660657 19.631962 0.143926 -0.648243 50.143665 -0.953497 -6.161866 0.353028 -1.51115 -0.03194 20.222786 3.684309 2.316629 18.78727 5e-06 -1e-06 10.751625 -0.479869 1.397907 -1e-06 -2e-06 0.0 3.273807 0.305947 -0.58011 21.486805 11.830372 2.266132 8.162923 2e-06 0.0 18.399078 -3.798982 -4.940572 3e-06 -2e-06 -2e-06 5.53954 16.056278 -47.992146 0.562238 0.356723 89.83625 -15.864371 17.196741 -5.437357 1.764056 -2.02696 -0.82045 0.0 -0.0 1e-06 -6.254527 7.775732 -61.45874 0.62773 0.678195 112.444237 6.309435 4.044454 -5.885839 -1.558012 1.187476 -0.562576 0.0 0.0 -3e-06
0.0 0.0 0.0 0.0 -0.0 0.0 28.281992 81.151405 26.921547 -2.25229 42.75729 -4.274045 -2.772036 2.732477 19.946291 -1.989446 2.835765 3.204989 -6.968646 5.179634 26.791843 -11.039299 7.693418 7.678529 0.525937 10.503367 -3.642206 -10.413033 11.936023 -17.027739 7.7e-05 -2.3e-05 5e-06 0.097346 -0.146386 -0.12207 0.775138 -3.848392 -10.65451 -0.583972 3.556382 -10.787982 3.206628 -5.544116 17.281483 -59.246838 -12.687463 -12.902851 170.490784 -80.261589 -169.683731 31.873552 -11.423305 -11.792322 -5.882109 9.861292 0.702591 -10.936877 -0.360572 7.156212 0.0 8.774831 0.0 -15.235181 18.363396 6.439738 -1.844031 2.498507 -2.507279 -10.163605 4.67895 4.621113 -20.97604 -2e-06 3e-06 -21.226303 2.4517 -3.594002 0.0 -6e-06 -0.0 -1.362683 2.2408 -0.746324 -21.334925 0.584912 3.008326 -13.821221 -1e-06 3e-06 -23.887184 -0.249079 -0.839485 -59.640297 2.43473 -1.629669 -0.294025 1.679688 0.833258 -14.218217 0.093216 1.300581 -34.21207 -0.287561 0.967172 -20.033226 0.964538 1.212843 0.0 -0.0 0.0 -3.440391 0.788234 0.501657 -15.928192 -3.167309 2.999711 -6.338831 0.0 3e-06 -18.123457 3.648187 -4.905673 -4e-06 -0.0 -2e-06 -23.284475 16.788534 15.577704 79.185501 16.778845 2.975684 -178.587784 68.053589 -179.385117 -14.268681 4.530656 32.699963 2.243544 -5.255038 -3.180162 14.282897 -0.826597 6.952505 -0.0 -12.690609 4e-06 15.343546 -17.956024 3.427171 1.665667 -1.955921 -2.878302 4.727801 -4.170589 4.993928 11.020531 3e-06 -1e-06 12.109058 -3.735717 -2.866785 1e-06 -2e-06 -0.0 1.291986 -1.92855 -1.498091 14.800134 0.567467 3.865611 14.242579 -1.341737 -6.660662 19.631973 0.143925 -0.648245 50.296734 -1.117976 -6.242702 0.35303 -1.51115 -0.03194 20.222801 3.684309 2.316632 18.787283 4e-06 -2e-06 10.751633 -0.47987 1.397907 0.0 -1e-06 -0.0 3.273808 0.305947 -0.58011 21.486826 11.830377 2.266132 8.162933 -1e-06 -1e-06 18.399096 -3.798988 -4.940579 3e-06 0.0 -3e-06 7.218668 16.083437 -45.999092 0.422833 0.28347 89.198875 -16.630573 16.116304 -4.259494 1.744402 -1.948167 -1.371731 0.0 0.0 2e-06 -7.421165 8.080648 -62.637657 0.695859 0.822325 104.222679 7.863622 4.749697 -2.551309 -1.537539 1.213499 -0.177693 -1e-06 -1e-06 -2e-06
0.0 0.0 0.0 0.0 -0.0 0.0 29.041729 81.952866 28.602337 -3.003423 42.76075 -4.918263 -2.363605 2.727882 19.895277 -1.838823 2.720582 3.220096 -6.454772 5.178507 27.194614 -10.978538 7.718086 7.871517 0.507682 10.156714 -3.654854 -10.918315 11.714804 -17.184256 7.7e-05 -2.2e-05 6e-06 0.088027 -0.137066 -0.129143 0.762083 -3.835649 -10.624227 -0.588528 3.563434 -10.744829 2.550297 -5.509789 17.687836 -59.369125 -11.569655 -12.470847 170.147308 -81.142929 -169.191833 32.126125 -11.21616 -13.055867 -5.88211 9.861294 0.70259 -10.936878 -0.360574 7.156213 -0.0 8.774831 -1e-06 -15.368448 18.450333 6.375897 -1.844033 2.498506 -2.507281 -10.163606 4.678949 4.621113 -20.976034 -1e-06 0.0 -21.226301 2.451697 -3.594004 0.0 -6e-06 0.0 -1.362684 2.240801 -0.746325 -21.334929 0.584912 3.008325 -13.821221 -2e-06 2e-06 -23.887184 -0.249079 -0.839484 -59.792271 2.458035 -1.673134 -0.294024 1.679689 0.833256 -14.218219 0.093214 1.300582 -34.212074 -0.287562 0.96717 -20.03323 0.964537 1.212844 -0.0 -1e-06 0.0 -3.44039 0.788233 0.501655 -15.928196 -3.167311 2.99971 -6.338831 -2e-06 2e-06 -18.123459 3.648185 -4.905674 -4e-06 -0.0 -2e-06 -23.213421 16.83456 15.600195 77.68116 18.748327 2.822159 -179.251968 69.630974 -179.996094 -14.439057 3.55089 32.804981 2.243544 -5.255039 -3.18016 14.282896 -0.826598 6.952503 -1e-06 -12.690608 3e-06 15.421029 -18.018551 3.433315 1.665667 -1.955922 -2.878302 4.727801 -4.170589 4.993927 11.020531 2e-06 -4e-06 12.109057 -3.735717 -2.866786 0.0 -1e-06 1e-06 1.291986 -1.928551 -1.498089 14.800134 0.567466 3.865608 14.242577 -1.341737 -6.660661 19.631973 0.143927 -0.648248 50.445812 -1.224423 -6.27156 0.35303 -1.511152 -0.03194 20.222797 3.684309 2.316628 18.787281 5e-06 -4e-06 10.751633 -0.479869 1.397905 -0.0 -1e-06 1e-06 3.273808 0.305947 -0.580112 21.486816 11.830376 2.266127 8.162931 -0.0 -1e-06 18.39909 -3.798988 -4.940579 3e-06 1e-06 -2e-06 8.833455 16.172447 -43.626068 0.298897 0.191977 88.221527 -17.429302 15.084885 -3.478258 1.731962 -1.893411 -1.902118 -0.0 0.0 4e-06 -8.421213 8.247264 -62.620274 0.776677 0.963536 96.203056 8.96502 4.734736 1.065334 -1.512069 1.206617 0.119168 -0.0 -0.0 -1e-06
0.0 0.0 0.0 0.0 -0.0 0.0 29.873732 82.704613 30.464817 -3.612056 42.769672 -5.529706 -1.952672 2.671981 19.712957 -1.677775 2.5923 3.140859 -5.946159 5.112408 27.443678 -10.886985 7.785917 8.14093 0.451154 9.860627 -3.671621 -11.521622 11.600465 -17.372919 7.7e-05 -2.3e-05 6e-06 0.088434 -0.137523 -0.137794 0.7584 -3.834555 -10.601452 -0.583443 3.562595 -10.707628 2.065437 -5.446851 18.038677 -59.291027 -10.343451 -11.989976 169.76503 -81.814125 -168.682953 32.040913 -10.582586 -14.379993 -5.882112 9.861293 0.70259 -10.93688 -0.360574 7.156211 1e-06 8.774831 -1e-06 -15.538317 18.465948 6.304003 -1.844035 2.498507 -2.50728 -10.163611 4.678949 4.621113 -20.97604 -1e-06 2e-06 -21.226305 2.451703 -3.594004 -1e-06 -7e-06 0.0 -1.362684 2.2408 -0.746324 -21.334929 0.584913 3.008327 -13.821225 -2e-06 2e-06 -23.887188 -0.249078 -0.839483 -60.027775 2.445878 -1.661372 -0.294026 1.679688 0.833257 -14.218218 0.093216 1.300582 -34.212074 -0.28756 0.96717 -20.03323 0.964537 1.212844 -0.0 -1e-06 0.0 -3.440392 0.788233 0.501657 -15.928201 -3.16731 2.99971 -6.338831 0.0 2e-06 -18.123461 3.648188 -4.905676 -4e-06 -2e-06 -1e-06 -23.197588 16.967354 15.496169 76.256119 20.587952 2.934825 -179.843491 71.175369 179.467041 -14.508165 2.345043 32.99641 2.243543 -5.255041 -3.18016 14.282898 -0.826595 6.952511 1e-06 -12.69061 -2e-06 15.454904 -18.040813 3.420539 1.665669 -1.955925 -2.878299 4.727801 -4.170589 4.993927 11.020534 3e-06 -1e-06 12.109058 -3.735716 -2.866787 1e-06 -0.0 -0.0 1.291986 -1.928549 -1.498088 14.800138 0.567469 3.86561 14.242579 -1.341737 -6.660661 19.631979 0.143926 -0.648246 50.515518 -1.274971 -6.291526 0.353031 -1.511152 -0.03194 20.222803 3.684311 2.31663 18.787283 3e-06 -1e-06 10.751635 -0.47987 1.397907 -2e-06 -1e-06 1e-06 3.273809 0.305948 -0.58011 21.486828 11.83038 2.266137 8.162933 2e-06 0.0 18.399096 -3.798985 -4.940577 3e-06 -1e-06 -2e-06 10.437927 16.252975 -40.891918 0.180548 0.077766 86.945259 -18.343569 14.096522 -3.438733 1.729792 -1.869775 -2.397915 0.0 -0.0 3e-06 -9.011021 8.318282 -61.557579 0.839998 1.083678 88.431816 9.540665 4.477416 5.097484 -1.491872 1.181686 0.300195 -0.0 -1e-06 -1e-06
0.0 0.0 0.0 0.0 -0.0 0.0 30.758053 83.35968 32.586761 -3.952545 42.807522 -6.007786 -1.576905 2.579559 19.432116 -1.526363 2.43819 2.974561 -5.470933 4.966898 27.496241 -10.771103 7.855994 8.415889 0.387054 9.616394 -3.695139 -12.193123 11.561836 -17.656797 7.7e-05 -2.3e-05 6e-06 0.085664 -0.137419 -0.144092 0.755433 -3.833924 -10.593043 -0.585539 3.562941 -10.686828 1.856352 -5.382722 18.33025 -59.104511 -9.075042 -11.585984 169.271439 -82.333046 -168.171524 31.658691 -9.547269 -15.817154 -5.882108 9.861284 0.702589 -10.936872 -0.360577 7.156208 -0.0 8.774824 -1e-06 -15.72507 18.414398 6.183965 -1.844033 2.498504 -2.507279 -10.163599 4.678945 4.621109 -20.976025 -3e-06 1e-06 -21.226288 2.451697 -3.594 -1e-06 -6e-06 -0.0 -1.362683 2.240798 -0.746324 -21.334913 0.58491 3.008324 -13.821213 -2e-06 3e-06 -23.887167 -0.249076 -0.839482 -60.298836 2.423794 -1.662811 -0.294024 1.679688 0.833257 -14.21821 0.093213 1.300581 -34.212048 -0.287563 0.967172 -20.033215 0.964536 1.212845 -0.0 -1e-06 1e-06 -3.440387 0.788233 0.501655 -15.928189 -3.16731 2.99971 -6.338826 0.0 3e-06 -18.123446 3.648184 -4.90567 -4e-06 -1e-06 -3e-06 -23.299824 17.172327 15.210842 75.008774 22.289356 3.389741 179.456955 72.773491 178.84874 -14.622558 1.066628 32.831684 2.243541 -5.255036 -3.180156 14.282888 -0.826595 6.952504 -1e-06 -12.690605 -1e-06 15.383075 -18.067202 3.419128 1.665666 -1.955922 -2.878298 4.727798 -4.170586 4.993925 11.020524 5e-06 -1e-06 12.10905 -3.735714 -2.866783 0.0 0.0 -2e-06 1.291986 -1.928548 -1.498092 14.800129 0.567468 3.865605 14.242571 -1.341736 -6.660655 19.631968 0.143927 -0.648245 50.49387 -1.331928 -6.344769 0.35303 -1.511153 -0.031941 20.222788 3.684311 2.31663 18.787271 5e-06 0.0 10.751625 -0.47987 1.397907 -1e-06 -0.0 -1e-06 3.273806 0.305949 -0.58011 21.486813 11.830377 2.266135 8.162926 2e-06 -1e-06 18.399082 -3.798985 -4.940574 4e-06 -1e-06 -2e-06 11.999644 16.252918 -37.849976 0.072374 -0.052019 85.489281 -19.432594 13.111511 -3.763565 1.730022 -1.856653 -2.979258 0.0 0.0 3e-06 -9.213404 8.285415 -59.528984 0.878545 1.184577 80.988289 9.929249 4.332792 9.170579 -1.479297 1.171305 0.399758 0.0 -1e-06 -0.0
0.0 0.0 0.0 0.0 -0.0 0.0 31.706015 83.931198 35.00769 -4.064946 42.840706 -6.388187 -1.200289 2.461304 19.05872 -1.422045 2.26349 2.750851 -5.029943 4.775464 27.400187 -10.639877 7.91756 8.653311 0.339852 9.40026 -3.724312 -12.836891 11.568519 -17.945566 7.7e-05 -2.2e-05 5e-06 0.076181 -0.134028 -0.152865 0.746748 -3.830553 -10.601075 -0.595749 3.567661 -10.680189 1.854411 -5.341885 18.56572 -58.687027 -7.812514 -11.280375 167.707275 -82.844398 -166.739197 30.996771 -8.257277 -17.32782 -5.882111 9.861293 0.702591 -10.936881 -0.360573 7.156209 -3e-06 8.774831 -2e-06 -15.812986 18.344381 6.089457 -1.844035 2.498505 -2.507279 -10.163605 4.678951 4.621111 -20.976038 -1e-06 2e-06 -21.226305 2.451703 -3.594003 -0.0 -7e-06 -1e-06 -1.362681 2.240801 -0.746326 -21.334929 0.584914 3.008324 -13.821222 -1e-06 0.0 -23.887186 -0.249077 -0.839486 -60.561695 2.432648 -1.685842 -0.294024 1.679687 0.833256 -14.218219 0.093218 1.300581 -34.212074 -0.28756 0.967169 -20.03323 0.964539 1.212841 0.0 -0.0 1e-06 -3.440392 0.788235 0.501656 -15.928194 -3.16731 2.999708 -6.33883 1e-06 3e-06 -18.123457 3.648185 -4.905675 -4e-06 -3e-06 -2e-06 -23.505194 17.449841 14.802878 73.89257 24.051941 4.220092 178.665024 74.655243 178.266068 -14.709167 -0.24905 32.389385 2.243545 -5.25504 -3.18016 14.282902 -0.826598 6.952505 -1e-06 -12.690612 0.0 15.303891 -18.082211 3.418666 1.665668 -1.955924 -2.878303 4.727803 -4.17059 4.993927 11.020533 2e-06 -2e-06 12.109062 -3.735719 -2.866785 0.0 0.0 -3e-06 1.291988 -1.92855 -1.498091 14.800139 0.567467 3.865611 14.242584 -1.341738 -6.660666 19.631985 0.143927 -0.648248 50.397163 -1.377181 -6.398624 0.353031 -1.511152 -0.031939 20.222803 3.684311 2.316627 18.787289 4e-06 -4e-06 10.751636 -0.47987 1.397905 -2e-06 0.0 0.0 3.27381 0.305946 -0.580112 21.486832 11.830381 2.266133 8.162935 1e-06 -3e-06 18.399103 -3.798988 -4.940581 4e-06 0.0 -2e-06 13.577878 16.049965 -34.43536 -0.025692 -0.169127 83.803108 -20.850555 12.142294 -4.351892 1.732098 -1.841768 -3.561336 0.0 -0.0 3e-06 -8.96743 8.13294 -56.692532 0.877903 1.257971 74.381012 10.874641 4.623742 12.869137 -1.477618 1.183778 0.423196 -0.0 -0.0 -0.0
0.0 0.0 0.0 0.0 -0.0 0.0 32.688423 84.426941 37.701942 -3.853136 43.010677 -6.650321 -0.901204 2.291723 18.676165 -1.388859 2.154733 2.43789 -4.649393 4.392005 27.157997 -10.474039 7.977822 8.897829 0.220202 9.277531 -3.704401 -13.201862 11.609372 -18.280281 7.7e-05 -2.2e-05 6e-06 0.057493 -0.120651 -0.15561 0.725357 -3.814253 -10.60423 -0.611813 3.580449 -10.662555 2.000881 -5.226403 18.705564 -57.90086 -6.542644 -11.187441 166.226669 -83.392593 -165.416443 30.123924 -6.71982 -18.865406 -5.882113 9.861291 0.702591 -10.936877 -0.360575 7.156209 -0.0 8.774829 -0.0 -15.728965 18.35907 6.161314 -1.844036 2.498506 -2.507279 -10.163609 4.678948 4.62111 -20.97604 -0.0 0.0 -21.226303 2.4517 -3.594006 -0.0 -6e-06 -0.0 -1.362685 2.2408 -0.746323 -21.334929 0.584914 3.008321 -13.821224 -2e-06 1e-06 -23.887184 -0.249077 -0.839488 -60.856937 2.490795 -1.684352 -0.294024 1.679688 0.833256 -14.218217 0.093217 1.30058 -34.212074 -0.287563 0.967164 -20.033226 0.964539 1.212839 0.0 -3e-06 0.0 -3.44039 0.788235 0.501654 -15.928196 -3.167309 2.999708 -6.338831 -1e-06 -1e-06 -18.123459 3.648185 -4.905676 -5e-06 -0.0 -1e-06 -23.720779 17.835789 14.318149 72.91983 25.941097 5.416546 177.8992 76.857445 177.789673 -14.727919 -1.468393 32.020359 2.243543 -5.255037 -3.180156 14.282896 -0.826596 6.952505 -1e-06 -12.690609 0.0 15.346066 -18.066027 3.374738 1.665667 -1.955923 -2.878299 4.727799 -4.170588 4.993925 11.020528 2e-06 -2e-06 12.109055 -3.735717 -2.866787 2e-06 0.0 -1e-06 1.291987 -1.92855 -1.498089 14.800129 0.567465 3.86561 14.242576 -1.341737 -6.660661 19.631969 0.143926 -0.648249 50.261234 -1.380505 -6.468308 0.353031 -1.51115 -0.031939 20.222794 3.684309 2.316629 18.787273 3e-06 -2e-06 10.751631 -0.479869 1.397906 -0.0 -0.0 -1e-06 3.273808 0.305947 -0.580112 21.486811 11.830377 2.266126 8.162928 -0.0 -1e-06 18.399088 -3.798987 -4.940578 4e-06 -1e-06 -0.0 14.993346 15.43821 -30.75127 -0.130545 -0.314226 81.949295 -22.516251 11.265064 -4.588756 1.740773 -1.841798 -4.146717 0.0 -0.0 2e-06 -8.31318 7.559006 -53.35918 0.866009 1.247355 70.49823 12.354146 5.667837 14.43562 -1.490554 1.187038 0.042258 -1e-06 0.0 0.0
0.0 0.0 0.0 0.0 -0.0 0.0 33.65802 84.94931 40.551674 -3.42707 43.45118 -6.939228 -0.62635 2.035845 18.354885 -1.407934 2.214676 2.116957 -4.373543 3.664433 26.79528 -10.315011 8.100542 9.19923 0.144168 9.172073 -3.663199 -13.778226 11.82267 -19.134995 7.7e-05 -2.3e-05 6e-06 0.042511 -0.099327 -0.145282 0.71208 -3.797011 -10.597561 -0.625263 3.604879 -10.623281 2.131221 -5.099302 18.753809 -56.841515 -5.306621 -11.992952 169.242554 -84.068817 -168.586334 29.13118 -4.984393 -20.654711 -5.882113 9.8613 0.702594 -10.93688 -0.360574 7.156214 -1e-06 8.774837 1e-06 -15.457388 18.401791 6.405882 -1.844032 2.498507 -2.507279 -10.163605 4.678953 4.621113 -20.976038 1e-06 2e-06 -21.226301 2.451707 -3.594006 -0.0 -6e-06 0.0 -1.362683 2.240801 -0.746322 -21.334929 0.584915 3.008327 -13.821221 1e-06 2e-06 -23.887182 -0.249073 -0.839484 -61.094849 2.54519 -1.501602 -0.294026 1.67969 0.833257 -14.218219 0.093218 1.300584 -34.212074 -0.287556 0.96717 -20.033228 0.964541 1.212842 0.0 -2e-06 0.0 -3.440392 0.788236 0.501657 -15.928196 -3.16731 2.999711 -6.338832 2e-06 2e-06 -18.123457 3.648192 -4.905675 -5e-06 -0.0 -1e-06 -23.75103 18.306679 13.727436 72.033508 27.940714 7.010041 177.274933 79.510895 177.828934 -14.672193 -2.529111 31.752958 2.243549 -5.255044 -3.180164 14.28291 -0.826598 6.952508 -4e-06 -12.690616 2e-06 15.36275 -18.134592 3.46549 1.665668 -1.955924 -2.878303 4.727805 -4.170592 4.993928 11.02054 3e-06 -4e-06 12.109069 -3.735719 -2.86679 -1e-06 1e-06 -2e-06 1.291989 -1.928552 -1.498094 14.800146 0.567468 3.86561 14.242596 -1.341737 -6.660672 19.631992 0.143928 -0.648253 50.326942 -1.275859 -6.54072 0.353029 -1.511151 -0.031941 20.222818 3.684311 2.316628 18.7873 6e-06 -5e-06 10.751643 -0.479866 1.397904 -0.0 1e-06 -0.0 3.273811 0.305948 -0.580115 21.486841 11.830384 2.266132 8.162937 0.0 -3e-06 18.399107 -3.798985 -4.940584 3e-06 0.0 -1e-06 16.38323 14.036641 -26.699226 -0.234469 -0.523943 79.569016 -23.925091 11.282705 -4.033085 1.797202 -1.885359 -4.387762 0.0 -0.0 3e-06 -7.291931 6.598869 -50.185448 0.704415 1.050337 70.388794 12.238358 7.404846 12.140862 -1.486652 1.123985 -0.264343 0.0 -1e-06 -1e-06
0.0 0.0 0.0 0.0 -0.0 0.0 34.501648 85.721336 43.458241 -3.150651 43.710453 -6.972008 -0.337648 1.861084 17.796743 -1.334816 2.189468 1.805964 -4.122933 3.2105 26.388313 -10.404898 8.267132 9.364216 0.100506 9.073763 -3.58483 -13.798676 11.94662 -19.795979 7.7e-05 -2.3e-05 6e-06 0.054781 -0.118252 -0.113851 0.709492 -3.817019 -10.570924 -0.597708 3.587391 -10.579102 2.06041 -5.054317 18.629946 -55.897755 -4.684661 -12.766433 166.166794 -85.073715 -165.514481 28.176466 -3.553116 -22.286577 -5.882108 9.86129 0.702589 -10.936875 -0.360576 7.156209 0.0 8.77483 -1e-06 -15.325747 18.380129 6.518817 -1.844034 2.498506 -2.507277 -10.163605 4.678946 4.621109 -20.976038 -3e-06 -0.0 -21.226301 2.451698 -3.594007 0.0 -7e-06 0.0 -1.362683 2.240798 -0.746324 -21.334929 0.58491 3.008321 -13.821221 -3e-06 -1e-06 -23.887184 -0.249082 -0.839487 -60.89753 2.561375 -1.436006 -0.294026 1.679688 0.833256 -14.218216 0.093213 1.300578 -34.21207 -0.287566 0.967167 -20.033226 0.964533 1.212841 -0.0 -1e-06 0.0 -3.440391 0.788234 0.501656 -15.928196 -3.167312 2.999706 -6.33883 -2e-06 2e-06 -18.123459 3.648183 -4.905677 -3e-06 1e-06 -2e-06 -23.343292 18.742765 13.097872 70.790817 30.15354 9.02809 178.968231 82.689278 -179.955704 -14.822417 -2.938408 31.005026 2.243544 -5.255039 -3.180158 14.282898 -0.826599 6.952507 -1e-06 -12.690609 2e-06 15.55744 -18.120972 3.363291 1.665666 -1.955921 -2.878299 4.727802 -4.170591 4.993926 11.020532 2e-06 -1e-06 12.109058 -3.735718 -2.866784 0.0 -1e-06 -1e-06 1.291986 -1.928549 -1.498091 14.800138 0.567467 3.86561 14.24258 -1.341739 -6.660661 19.631981 0.143925 -0.648245 50.410519 -1.174113 -6.54209 0.353029 -1.51115 -0.03194 20.222803 3.684309 2.316631 18.787283 1e-06 0.0 10.751634 -0.479869 1.397907 -0.0 0.0 1e-06 3.273808 0.305947 -0.58011 21.486822 11.830378 2.266135 8.16293 -0.0 -1e-06 18.399092 -3.798989 -4.940577 3e-06 -0.0 0.0 17.57687 12.384745 -23.231682 -0.319816 -0.774603 76.846382 -24.346701 12.310499 -2.314276 1.85931 -1.924938 -5.051432 -0.0 -0.0 4e-06 -5.955178 5.717525 -47.900196 0.606067 0.903014 71.059219 10.943237 8.437469 10.291141 -1.4874 1.099972 -0.16921 0.0 -1e-06 -2e-06
0.0 0.0 0.0 0.0 -0.0 0.0 35.264732 86.672333 46.266956 -2.815292 43.875317 -6.745196 -0.108513 1.758977 17.155825 -1.284728 2.171672 1.518631 -3.952577 2.861454 25.900692 -10.675266 8.464873 9.432579 0.152986 9.061277 -3.570266 -13.59775 12.010482 -20.376995 7.7e-05 -2.3e-05 7e-06 0.065619 -0.136408 -0.088502 0.712872 -3.843872 -10.586556 -0.578887 3.577947 -10.592587 1.851818 -5.051784 18.461346 -55.455845 -4.641837 -13.763309 158.636475 -86.369461 -158.10405 27.406452 -2.725823 -23.525255 -5.882109 9.861284 0.702587 -10.936873 -0.360579 7.156206 2e-06 8.774823 -2e-06 -15.234468 18.328444 6.572212 -1.844032 2.498504 -2.507277 -10.163603 4.678943 4.621107 -20.97603 -2e-06 1e-06 -21.226295 2.451695 -3.594002 -1e-06 -7e-06 -1e-06 -1.362682 2.240796 -0.746324 -21.334925 0.584908 3.008322 -13.821221 -5e-06 2e-06 -23.887182 -0.249081 -0.839484 -60.71748 2.590133 -1.363137 -0.294024 1.679686 0.833256 -14.218215 0.093215 1.300578 -34.212067 -0.28757 0.96717 -20.033224 0.964536 1.212844 -0.0 0.0 0.0 -3.44039 0.788234 0.501655 -15.928191 -3.16731 2.999707 -6.338829 1e-06 2e-06 -18.123455 3.648179 -4.905673 -4e-06 2e-06 -1e-06 -22.6707 19.299004 12.588946 69.638641 32.401962 10.966591 -176.194977 86.236465 -174.674911 -15.100094 -3.077249 30.162222 2.243541 -5.255037 -3.180157 14.282892 -0.826594 6.952505 -3e-06 -12.690608 0.0 15.678296 -18.10297 3.290663 1.665666 -1.955921 -2.8783 4.727798 -4.170587 4.993925 11.020526 4e-06 0.0 12.109055 -3.735717 -2.866784 -0.0 -1e-06 1e-06 1.291986 -1.92855 -1.49809 14.800131 0.567469 3.865612 14.242573 -1.341736 -6.660661 19.631969 0.143927 -0.648244 50.477791 -1.13049 -6.555848 0.353029 -1.511151 -0.03194 20.222797 3.68431 2.316631 18.787279 5e-06 2e-06 10.751629 -0.479869 1.397908 -0.0 1e-06 1e-06 3.273807 0.305948 -0.580112 21.486816 11.83038 2.266136 8.162931 0.0 -1e-06 18.399084 -3.798983 -4.940574 4e-06 -1e-06 -2e-06 18.281023 10.647334 -20.850803 -0.364784 -1.008607 74.768303 -22.819914 14.67516 0.574981 1.919028 -1.946274 -5.221506 0.0 -0.0 1e-06 -4.799741 5.278424 -45.649803 0.511288 0.774112 71.091919 9.594873 8.955434 9.039536 -1.48285 1.065236 -0.146943 0.0 0.0 -1e-06
0.0 0.0 0.0 0.0 -0.0 0.0 35.917236 87.735626 48.866028 -2.434833 44.007477 -6.429051 0.069279 1.718444 16.576677 -1.248452 2.142111 1.277145 -3.878757 2.612799 25.335621 -11.081975 8.64468 9.375049 0.300448 9.200397 -3.582883 -13.234608 12.067417 -20.87376 7.7e-05 -2.2e-05 5e-06 0.064401 -0.136546 -0.066259 0.711021 -3.850281 -10.613405 -0.579125 3.584167 -10.624188 1.545739 -5.036973 18.249126 -55.698792 -4.91222 -14.794306 141.285965 -87.567879 -140.919571 26.732347 -2.313735 -24.32019 -5.882107 9.861289 0.702593 -10.936872 -0.360577 7.156209 1e-06 8.774828 2e-06 -15.144759 18.242949 6.596658 -1.844033 2.498505 -2.507279 -10.163599 4.678946 4.62111 -20.976027 -2e-06 1e-06 -21.226288 2.451697 -3.594002 0.0 -6e-06 -1e-06 -1.362681 2.240798 -0.746325 -21.334917 0.584911 3.008324 -13.821218 -2e-06 3e-06 -23.887175 -0.249077 -0.839483 -60.56496 2.632773 -1.312064 -0.294025 1.679687 0.833256 -14.218211 0.093215 1.300581 -34.212055 -0.287565 0.96717 -20.033215 0.96454 1.212844 -0.0 -1e-06 0.0 -3.440389 0.788233 0.501656 -15.928185 -3.16731 2.99971 -6.338829 -2e-06 2e-06 -18.123444 3.648185 -4.905671 -4e-06 -0.0 -1e-06 -22.032459 19.929379 12.173627 68.719887 34.569748 12.727384 -109.540031 89.462219 -107.780701 -15.35287 -2.9913 29.193398 2.243542 -5.255038 -3.18016 14.282894 -0.826594 6.952509 -1e-06 -12.690607 0.0 15.645173 -18.038742 3.26462 1.665665 -1.955922 -2.878299 4.727799 -4.170588 4.993926 11.020524 3e-06 -2e-06 12.10905 -3.735714 -2.866785 -1e-06 -1e-06 0.0 1.291985 -1.928549 -1.498089 14.800131 0.567468 3.865611 14.242573 -1.341736 -6.660661 19.631969 0.143926 -0.648243 50.397278 -1.12267 -6.570208 0.353027 -1.511151 -0.03194 20.222794 3.684309 2.316632 18.787275 3e-06 -1e-06 10.751632 -0.479872 1.397906 0.0 -1e-06 -0.0 3.273807 0.305947 -0.58011 21.486816 11.830379 2.266136 8.16293 -0.0 0.0 18.399084 -3.798986 -4.940574 3e-06 -1e-06 -2e-06 18.603678 9.220635 -19.587111 -0.357752 -1.136402 73.65139 -18.923016 18.026279 4.462333 1.965855 -1.950319 -4.210558 1e-06 0.0 0.0 -3.795803 5.115086 -43.357616 0.405106 0.670713 70.523872 8.421273 9.190666 8.309847 -1.478301 1.024226 -0.232164 0.0 -1e-06 -2e-06
0.0 0.0 0.0 0.0 -0.0 0.0 36.493057 88.802887 51.183498 -1.971386 44.172283 -6.05518 0.177087 1.728985 16.10969 -1.220855 2.095947 1.068051 -3.86194 2.496662 24.772644 -11.572106 8.685078 9.169905 0.515711 9.546617 -3.609699 -12.73638 12.088542 -21.251255 7.7e-05 -2.2e-05 5e-06 0.056317 -0.124895 -0.049665 0.704979 -3.836923 -10.625299 -0.589537 3.594786 -10.640628 1.130959 -4.95608 18.058729 -56.576385 -5.343162 -15.684032 108.328796 -88.135651 -108.093697 26.166389 -2.074559 -24.706406 -5.88211 9.861293 0.702589 -10.93688 -0.360574 7.156215 1e-06 8.774832 -3e-06 -15.097104 18.140884 6.594464 -1.844033 2.498508 -2.507282 -10.163609 4.678948 4.621113 -20.97604 -3e-06 1e-06 -21.226305 2.451698 -3.594006 0.0 -7e-06 0.0 -1.362683 2.2408 -0.746326 -21.334932 0.584909 3.008329 -13.821225 -2e-06 4e-06 -23.887188 -0.249078 -0.839483 -60.470692 2.708685 -1.299791 -0.294026 1.679689 0.833256 -14.21822 0.093215 1.300583 -34.212074 -0.287563 0.967172 -20.033228 0.964537 1.212846 -0.0 0.0 1e-06 -3.440391 0.788235 0.501656 -15.928201 -3.167313 2.999713 -6.338832 1e-06 2e-06 -18.123459 3.648184 -4.905675 -3e-06 1e-06 -1e-06 -21.604507 20.528467 11.812521 67.948105 36.480938 14.08828 -10.303308 87.098289 -8.48221 -15.470418 -2.833684 28.095228 2.243541 -5.255037 -3.180155 14.282896 -0.826598 6.952503 2e-06 -12.690607 1e-06 15.533015 -17.965212 3.253411 1.665664 -1.955922 -2.878297 4.727803 -4.170591 4.993925 11.020527 2e-06 -1e-06 12.109055 -3.735719 -2.86678 -1e-06 0.0 0.0 1.291985 -1.928549 -1.498088 14.800129 0.567466 3.865611 14.242571 -1.341738 -6.660653 19.631968 0.143923 -0.648243 50.21373 -1.138013 -6.605822 0.35303 -1.51115 -0.03194 20.222792 3.684306 2.316631 18.787275 1e-06 0.0 10.751629 -0.479873 1.397906 0.0 0.0 -1e-06 3.273808 0.305947 -0.580112 21.486813 11.830369 2.266132 8.16293 0.0 -2e-06 18.399088 -3.798989 -4.940576 2e-06 -3e-06 -1e-06 18.523596 8.498652 -19.331993 -0.291375 -1.116651 73.428513 -13.473115 21.077639 8.561673 2.007247 -1.951687 -2.466145 -0.0 -1e-06 0.0 -3.027624 5.13788 -41.095642 0.290981 0.579405 69.563591 7.588563 9.27775 7.883803 -1.47413 0.990757 -0.319312 -1e-06 1e-06 -3e-06
0.0 0.0 0.0 0.0 -0.0 0.0 37.043266 89.780716 53.211845 -1.589507 44.337902 -5.755932 0.311781 1.711342 15.77169 -1.153419 2.07164 0.872082 -3.851992 2.557029 24.266762 -12.063197 8.613327 8.904515 0.656449 9.965388 -3.6323 -12.132623 12.112158 -21.634712 7.7e-05 -2.3e-05 5e-06 0.046834 -0.112599 -0.045701 0.70243 -3.816096 -10.623332 -0.606646 3.598362 -10.638677 0.678615 -4.787397 18.021061 -58.032436 -5.813171 -16.463551 78.249214 -88.128525 -78.047844 25.940468 -1.968033 -24.659182 -5.882111 9.861295 0.702591 -10.936877 -0.360575 7.15621 0.0 8.774832 0.0 -15.135921 18.105764 6.621786 -1.844033 2.498507 -2.507279 -10.163605 4.67895 4.62111 -20.976038 -2e-06 1e-06 -21.226301 2.451702 -3.594006 -0.0 -6e-06 1e-06 -1.362682 2.2408 -0.746324 -21.334925 0.584912 3.008323 -13.821221 -2e-06 1e-06 -23.887184 -0.249078 -0.839486 -60.448479 2.743532 -1.267926 -0.294026 1.679688 0.833255 -14.218216 0.093217 1.300582 -34.212074 -0.287562 0.967169 -20.033226 0.964539 1.212842 0.0 -1e-06 0.0 -3.440391 0.788235 0.501656 -15.928192 -3.16731 2.999708 -6.338833 0.0 2e-06 -18.123459 3.648189 -4.905675 -3e-06 -2e-06 -3e-06 -21.590256 21.044672 11.435967 67.250656 38.076675 14.999615 -4.587767 84.964249 -2.785643 -15.567569 -2.633497 27.067471 2.243546 -5.255042 -3.180161 14.28291 -0.826597 6.95251 1e-06 -12.690619 -0.0 15.448111 -17.934322 3.213507 1.665669 -1.955924 -2.878302 4.727806 -4.170592 4.993932 11.020543 4e-06 -3e-06 12.109071 -3.735717 -2.866791 0.0 -0.0 1e-06 1.291988 -1.928551 -1.498093 14.800149 0.567468 3.865611 14.242594 -1.341738 -6.660666 19.631998 0.143928 -0.648248 50.02816 -1.151503 -6.621846 0.35303 -1.511153 -0.03194 20.22282 3.684314 2.316629 18.7873 5e-06 -3e-06 10.751643 -0.479869 1.397906 0.0 -0.0 1e-06 3.273811 0.305946 -0.580111 21.486847 11.830388 2.266133 8.16294 2e-06 -2e-06 18.399113 -3.798988 -4.940584 3e-06 -1e-06 -0.0 18.26289 8.461377 -19.665964 -0.255808 -1.011559 73.929337 -11.234973 21.559345 8.59 2.023348 -1.998421 -1.538024 0.0 -0.0 -0.0 -2.378252 5.341198 -39.053703 0.181093 0.499289 68.635201 7.15342 9.181898 8.141272 -1.478811 0.991844 -0.286792 -1e-06 -1e-06 -3e-06
0.0 0.0 0.0 0.0 -0.0 0.0 37.616638 90.693726 54.970264 -1.260131 44.470379 -5.49339 0.47002 1.668506 15.528875 -1.042409 2.104359 0.709437 -3.83153 2.716738 23.890707 -12.599354 8.611448 8.652243 0.789977 10.165558 -3.633126 -11.520548 12.193561 -22.042946 7.7e-05 -2.2e-05 5e-06 0.042969 -0.110676 -0.046704 0.707226 -3.808288 -10.617255 -0.620114 3.593946 -10.628203 0.191899 -4.507205 18.086477 -59.828365 -6.255403 -17.038212 55.561646 -87.885292 -55.276768 26.099533 -1.941036 -24.237387 -5.88211 9.861292 0.702588 -10.936873 -0.360576 7.156209 -1e-06 8.774831 -2e-06 -15.249221 18.136633 6.657195 -1.844033 2.498507 -2.50728 -10.163605 4.678946 4.621111 -20.976034 -4e-06 -0.0 -21.226301 2.451698 -3.594005 2e-06 -4e-06 -2e-06 -1.362682 2.240799 -0.746325 -21.334923 0.58491 3.008325 -13.821221 -2e-06 3e-06 -23.887184 -0.249078 -0.839485 -60.539623 2.721378 -1.26718 -0.294025 1.679688 0.833255 -14.218214 0.093216 1.30058 -34.212067 -0.287563 0.967169 -20.033224 0.964537 1.212844 -0.0 0.0 0.0 -3.440391 0.788233 0.501657 -15.928194 -3.167311 2.99971 -6.33883 0.0 1e-06 -18.123455 3.648185 -4.905676 -4e-06 -2e-06 -1e-06 -21.846802 21.470467 11.01981 66.527283 39.555511 15.696994 -3.646079 83.405807 -1.874169 -15.747826 -2.551914 26.493492 2.243542 -5.255038 -3.180159 14.282896 -0.826596 6.952505 1e-06 -12.690609 1e-06 15.462801 -17.929438 3.166637 1.665667 -1.955922 -2.878298 4.7278 -4.170588 4.993926 11.020529 3e-06 0.0 12.109058 -3.735719 -2.866782 -1e-06 0.0 -0.0 1.291984 -1.928549 -1.498089 14.800136 0.567466 3.865608 14.242578 -1.341738 -6.660661 19.631973 0.143925 -0.648245 49.94067 -1.13659 -6.604075 0.353028 -1.511151 -0.031941 20.222801 3.684309 2.316633 18.787281 5e-06 -0.0 10.751631 -0.47987 1.397907 0.0 -0.0 1e-06 3.273807 0.305947 -0.58011 21.486822 11.830377 2.266135 8.162933 2e-06 0.0 18.399092 -3.79899 -4.940577 3e-06 -2e-06 1e-06 17.587378 9.091687 -20.544207 -0.273782 -0.869732 74.42141 -12.173954 20.379269 5.39606 1.965932 -2.03097 -1.26839 -1e-06 0.0 -1e-06 -1.873553 5.671764 -37.184505 0.086008 0.40749 67.691978 6.961505 8.90231 8.838853 -1.493653 1.008839 -0.308198 0.0 -1e-06 -1e-06
0.0 0.0 0.0 0.0 -0.0 0.0 38.191093 91.563156 56.491703 -0.920994 44.50174 -5.206541 0.633396 1.646469 15.32432 -0.915874 2.195646 0.595331 -3.800737 2.917182 23.60788 -13.159528 8.729134 8.421487 0.964403 10.167151 -3.61762 -10.927552 12.297674 -22.31238 7.7e-05 -2.2e-05 5e-06 0.04205 -0.114446 -0.039403 0.710198 -3.808911 -10.604511 -0.625891 3.586795 -10.612884 -0.388265 -4.133988 18.21711 -61.783009 -6.648316 -17.502905 39.819752 -87.404892 -39.451111 26.538731 -2.01496 -23.705082 -5.88211 9.861292 0.702591 -10.936878 -0.360574 7.156213 -0.0 8.77483 -1e-06 -15.360115 18.184341 6.679667 -1.844033 2.498506 -2.507281 -10.163605 4.678949 4.621113 -20.976036 -1e-06 5e-06 -21.226297 2.451699 -3.594002 2e-06 -6e-06 -1e-06 -1.362682 2.2408 -0.746324 -21.334929 0.584911 3.00833 -13.82122 0.0 3e-06 -23.887182 -0.249074 -0.839484 -60.663891 2.669995 -1.299195 -0.294025 1.679689 0.833257 -14.218215 0.093216 1.300583 -34.212067 -0.287561 0.967174 -20.033226 0.964541 1.212844 0.0 -0.0 1e-06 -3.44039 0.788234 0.501656 -15.928196 -3.167313 2.999712 -6.338831 -0.0 3e-06 -18.123459 3.648187 -4.905673 -3e-06 -2e-06 -2e-06 -22.143848 21.877344 10.613601 65.704498 41.025604 16.320347 -4.186208 82.082695 -2.442995 -15.862764 -2.70161 26.365923 2.243545 -5.255041 -3.180159 14.2829 -0.826598 6.952507 1e-06 -12.690611 1e-06 15.544993 -17.914345 3.108999 1.665668 -1.955922 -2.878302 4.727801 -4.17059 4.993928 11.020535 3e-06 -1e-06 12.10906 -3.735718 -2.866788 -1e-06 0.0 1e-06 1.291986 -1.92855 -1.498088 14.800142 0.567466 3.865608 14.242582 -1.341739 -6.660661 19.631985 0.143922 -0.648247 49.93095 -1.131048 -6.571471 0.35303 -1.511151 -0.03194 20.222805 3.68431 2.31663 18.787287 4e-06 -3e-06 10.751637 -0.479869 1.397905 0.0 -1e-06 0.0 3.27381 0.305947 -0.580111 21.486828 11.83038 2.266133 8.162934 -2e-06 -1e-06 18.399099 -3.798988 -4.940581 3e-06 -3e-06 -1e-06 16.301744 10.392262 -21.970835 -0.283254 -0.686 74.356628 -13.495758 19.377184 1.897581 1.896168 -2.02829 -1.043279 1e-06 0.0 1e-06 -1.512915 6.000446 -35.427349 0.022739 0.310239 66.582008 6.81206 8.55969 9.525279 -1.506231 1.011953 -0.414559 0.0 -1e-06 -2e-06
0.0 0.0 0.0 0.0 -0.0 0.0 38.752327 92.367813 57.828392 -0.593595 44.422977 -4.909886 0.801424 1.618406 15.123296 -0.79406 2.333357 0.513884 -3.757305 3.111803 23.396029 -13.705543 8.941714 8.17292 1.137037 10.120203 -3.58628 -10.420893 12.353181 -22.386425 7.7e-05 -2.2e-05 5e-06 0.043961 -0.120195 -0.022207 0.711821 -3.81241 -10.581519 -0.624848 3.578934 -10.590589 -1.086355 -3.652298 18.395781 -63.57568 -6.948146 -17.790247 31.39842 -86.785324 -30.972464 27.097073 -2.220156 -23.236082 -5.882111 9.861297 0.70259 -10.936878 -0.360574 7.156214 -0.0 8.774833 -0.0 -15.435824 18.203497 6.677317 -1.844034 2.498508 -2.507282 -10.163605 4.67895 4.621113 -20.976038 -2e-06 -2e-06 -21.226301 2.451698 -3.594007 0.0 -6e-06 -1e-06 -1.362683 2.240801 -0.746326 -21.334929 0.584913 3.008325 -13.821223 -2e-06 1e-06 -23.887184 -0.249078 -0.839487 -60.717861 2.632082 -1.330439 -0.294025 1.679687 0.833256 -14.218218 0.093217 1.30058 -34.212067 -0.287561 0.967166 -20.033226 0.964537 1.212843 0.0 -0.0 0.0 -3.440391 0.788235 0.501654 -15.928196 -3.16731 2.99971 -6.338831 -1e-06 1e-06 -18.123463 3.648186 -4.905679 -3e-06 -1e-06 -1e-06 -22.424881 22.370724 10.293169 64.925819 42.454006 16.828642 -4.912006 80.829666 -3.230571 -15.866055 -2.93003 26.518362 2.243542 -5.255038 -3.180158 14.282897 -0.826599 6.952507 1e-06 -12.690609 3e-06 15.616152 -17.9081 3.065588 1.665667 -1.955921 -2.878299 4.727801 -4.170592 4.993929 11.020534 2e-06 -2e-06 12.109059 -3.735717 -2.866784 -0.0 -0.0 1e-06 1.291986 -1.92855 -1.49809 14.800132 0.567465 3.86561 14.242579 -1.341735 -6.660661 19.631973 0.143925 -0.648246 49.935478 -1.12588 -6.564086 0.35303 -1.511151 -0.031939 20.222801 3.684309 2.31663 18.787287 2e-06 -3e-06 10.751636 -0.47987 1.397904 0.0 -0.0 0.0 3.273808 0.305948 -0.580113 21.486822 11.830379 2.266127 8.16293 -3e-06 -0.0 18.399092 -3.798988 -4.940578 3e-06 -3e-06 -0.0 14.557204 12.104125 -23.709915 -0.287187 -0.523937 73.532112 -14.415091 18.944515 -0.397573 1.846191 -2.020844 -0.884459 1e-06 0.0 2e-06 -1.235914 6.291342 -33.739086 -0.025793 0.220847 65.268257 6.671146 8.184111 9.808176 -1.506566 0.994906 -0.589566 0.0 0.0 -1e-06
0.0 0.0 0.0 0.0 -0.0 0.0 39.31131 93.11219 59.011536 -0.28603 44.348972 -4.619866 0.978116 1.581279 14.932286 -0.670398 2.485096 0.416142 -3.684271 3.310367 23.203945 -14.209619 9.126786 8.00531 1.293909 10.076655 -3.566022 -9.981671 12.344244 -22.356655 7.7e-05 -2.2e-05 6e-06 0.044305 -0.120784 -0.006648 0.713938 -3.809247 -10.560166 -0.62751 3.574372 -10.573182 -1.805393 -3.197501 18.579096 -65.042313 -7.110295 -17.84738 26.860987 -86.126877 -26.357599 27.667709 -2.614425 -22.844662 -5.882109 9.861291 0.702591 -10.936875 -0.360576 7.156213 2e-06 8.774828 0.0 -15.461424 18.196346 6.674583 -1.844033 2.498506 -2.507281 -10.163605 4.678946 4.621112 -20.976034 -5e-06 -1e-06 -21.226301 2.451696 -3.594006 2e-06 -5e-06 -2e-06 -1.362682 2.240801 -0.746324 -21.334925 0.58491 3.008326 -13.82122 -4e-06 2e-06 -23.887184 -0.249078 -0.839484 -60.665195 2.600066 -1.332373 -0.294025 1.679689 0.833256 -14.218215 0.093214 1.30058 -34.212067 -0.287565 0.967171 -20.033218 0.964536 1.212844 -1e-06 -1e-06 1e-06 -3.44039 0.788233 0.501657 -15.928192 -3.167312 2.999709 -6.33883 -1e-06 2e-06 -18.123455 3.648183 -4.905673 -3e-06 -0.0 -2e-06 -22.70953 22.894341 10.036062 64.352104 43.684189 17.157969 -4.864342 79.648125 -3.305463 -15.771037 -3.107085 26.638338 2.243542 -5.255037 -3.180158 14.282896 -0.826594 6.952505 -1e-06 -12.690607 0.0 15.65115 -17.914755 3.026327 1.665667 -1.955922 -2.878299 4.727798 -4.170587 4.993926 11.020529 4e-06 -1e-06 12.109056 -3.735716 -2.866784 -1e-06 -1e-06 0.0 1.291986 -1.928549 -1.498089 14.800129 0.567468 3.86561 14.242573 -1.341734 -6.660659 19.631971 0.143927 -0.648244 49.929516 -1.126141 -6.595245 0.35303 -1.51115 -0.031942 20.222792 3.68431 2.316631 18.787275 5e-06 -1e-06 10.751631 -0.479869 1.397906 0.0 -0.0 0.0 3.273807 0.305947 -0.580108 21.48682 11.830379 2.266132 8.162932 1e-06 -1e-06 18.399086 -3.798983 -4.940575 3e-06 -2e-06 -1e-06 12.491441 13.959787 -25.65015 -0.252437 -0.375583 72.21489 -15.012674 18.881855 -2.190147 1.80932 -2.016947 -0.675359 0.0 -0.0 1e-06 -1.027408 6.585589 -32.097591 -0.063656 0.156818 63.822163 6.480849 7.613779 9.704021 -1.501568 0.976699 -0.745778 -2e-06 -0.0 -2e-06
0.0 0.0 0.0 0.0 -0.0 0.0 39.912857 93.788925 60.083038 0.044308 44.313667 -4.276351 1.167373 1.544936 14.718455 -0.545794 2.651085 0.295063 -3.613656 3.476809 23.035746 -14.707307 9.310234 7.907012 1.405397 9.988936 -3.558349 -9.554289 12.299996 -22.292656 7.7e-05 -2.2e-05 5e-06 0.039747 -0.109593 0.004248 0.714814 -3.793894 -10.540009 -0.638788 3.581232 -10.559555 -2.570518 -2.766779 18.80044 -66.118744 -7.216624 -17.93605 23.776291 -85.620598 -23.233389 28.235481 -3.143287 -22.567663 -5.882112 9.861299 0.702591 -10.936881 -0.360575 7.156212 -0.0 8.774837 -3e-06 -15.464979 18.195799 6.6814 -1.844034 2.498507 -2.507281 -10.16361 4.678952 4.621115 -20.976044 -1e-06 1e-06 -21.226309 2.451702 -3.594006 1e-06 -7e-06 -0.0 -1.362683 2.240801 -0.746324 -21.334932 0.584913 3.008325 -13.821229 -2e-06 2e-06 -23.88719 -0.249076 -0.839487 -60.582645 2.581635 -1.318583 -0.294025 1.67969 0.833256 -14.218223 0.093217 1.300579 -34.212082 -0.287562 0.967169 -20.033232 0.964539 1.212842 -1e-06 -1e-06 1e-06 -3.440392 0.788234 0.501657 -15.928201 -3.167312 2.999709 -6.338833 -1e-06 2e-06 -18.123465 3.64819 -4.905678 -4e-06 0.0 -3e-06 -23.036779 23.401527 9.803002 63.978088 44.586002 17.448544 -4.702291 78.678185 -3.299039 -15.500953 -3.315845 26.683012 2.243545 -5.255041 -3.180162 14.282904 -0.826596 6.952507 1e-06 -12.690612 1e-06 15.680529 -17.900032 2.990531 1.665667 -1.955923 -2.878301 4.727805 -4.170591 4.993927 11.020538 3e-06 -1e-06 12.109064 -3.735718 -2.866787 -0.0 1e-06 1e-06 1.291987 -1.92855 -1.498089 14.80014 0.567467 3.86561 14.242588 -1.341737 -6.660665 19.631987 0.143927 -0.648248 49.919861 -1.117248 -6.615391 0.35303 -1.511151 -0.031941 20.222809 3.684311 2.31663 18.787294 3e-06 -3e-06 10.751639 -0.479869 1.397906 0.0 -1e-06 -0.0 3.27381 0.305947 -0.580114 21.486834 11.830381 2.266131 8.162937 -1e-06 -2e-06 18.399103 -3.798985 -4.940582 3e-06 -2e-06 -1e-06 10.150917 15.713962 -27.602785 -0.187905 -0.249075 70.178589 -15.496972 18.94083 -3.591753 1.783514 -2.036196 -0.486601 -0.0 -0.0 3e-06 -0.935987 6.816724 -30.53392 -0.099889 0.098372 62.346432 6.173864 6.965235 9.266378 -1.491923 0.953777 -0.927287 -1e-06 -1e-06 -2e-06
0.0 0.0 0.0 0.0 -0.0 0.0 40.60598 94.397385 61.099903 0.407734 44.302513 -3.860918 1.355615 1.504101 14.466499 -0.431451 2.810466 0.159862 -3.575636 3.612535 22.874628 -15.194407 9.524265 7.885698 1.460556 9.904304 -3.568354 -9.127699 12.202846 -22.183769 7.7e-05 -2.2e-05 5e-06 0.033318 -0.092215 0.010431 0.714279 -3.772405 -10.526732 -0.652318 3.594397 -10.551983 -3.384851 -2.319884 19.032251 -66.798538 -7.31338 -18.08242 22.036112 -85.314583 -21.436848 28.73699 -3.686903 -22.52952 -5.882107 9.861289 0.702592 -10.936873 -0.360572 7.156206 1e-06 8.774826 0.0 -15.47215 18.173054 6.686782 -1.844033 2.498503 -2.507277 -10.163602 4.678947 4.621111 -20.97603 -4e-06 2e-06 -21.226292 2.451697 -3.594002 -1e-06 -6e-06 0.0 -1.362682 2.240798 -0.746324 -21.334917 0.58491 3.008324 -13.821218 -2e-06 1e-06 -23.887171 -0.249077 -0.839483 -60.529076 2.5542 -1.307383 -0.294025 1.679689 0.833256 -14.218212 0.093215 1.30058 -34.212051 -0.287564 0.967171 -20.033215 0.964538 1.212841 -1e-06 -1e-06 1e-06 -3.440389 0.788234 0.501656 -15.928189 -3.167309 2.999707 -6.338829 1e-06 2e-06 -18.123455 3.648185 -4.905673 -4e-06 -0.0 -3e-06 -23.351795 23.886803 9.654756 63.615131 45.182064 17.708193 -4.548135 77.938972 -3.297215 -15.049707 -3.688709 26.692638 2.243546 -5.255041 -3.180161 14.2829 -0.826597 6.952504 1e-06 -12.690614 1e-06 15.715449 -17.878271 2.97138 1.665668 -1.955923 -2.878301 4.727802 -4.17059 4.993927 11.020537 2e-06 -5e-06 12.109067 -3.735718 -2.866791 -1e-06 -0.0 -1e-06 1.291987 -1.928551 -1.49809 14.800139 0.567467 3.865604 14.242586 -1.341736 -6.660669 19.631985 0.143929 -0.648252 49.917362 -1.110429 -6.622183 0.353029 -1.511151 -0.031942 20.222803 3.68431 2.316627 18.787287 5e-06 -7e-06 10.751636 -0.479868 1.397903 -0.0 0.0 0.0 3.273808 0.305947 -0.580112 21.486828 11.83038 2.266129 8.162933 0.0 -2e-06 18.399094 -3.798985 -4.940583 4e-06 -2e-06 -1e-06 7.638286 17.374004 -29.416235 -0.095114 -0.122009 67.386215 -15.754485 19.018307 -4.543906 1.772919 -2.069643 -0.376348 0.0 0.0 1e-06 -0.966648 6.950724 -29.021494 -0.136322 0.035146 60.878616 5.710488 6.345652 8.50892 -1.477651 0.924036 -1.117856 0.0 -1e-06 -1e-06
0.0 0.0 0.0 0.0 -0.0 0.0 41.419586 94.935402 62.086617 0.823014 44.294701 -3.377503 1.523798 1.465047 14.192346 -0.339696 2.957051 0.027475 -3.570375 3.736261 22.715 -15.678488 9.754189 7.936899 1.477757 9.839278 -3.589144 -8.737672 12.070327 -22.062738 7.7e-05 -2.3e-05 5e-06 0.022926 -0.065611 0.013492 0.70888 -3.741471 -10.517612 -0.668847 3.616639 -10.54452 -4.175984 -1.862502 19.225624 -67.180939 -7.38913 -18.244646 21.200476 -85.152847 -20.51424 29.09804 -4.192103 -22.633041 -5.88211 9.861294 0.702589 -10.936877 -0.360573 7.156213 0.0 8.774831 -3e-06 -15.479263 18.137569 6.699207 -1.844034 2.498507 -2.50728 -10.163605 4.678948 4.621112 -20.976038 -1e-06 2e-06 -21.226301 2.4517 -3.594004 -1e-06 -6e-06 1e-06 -1.362682 2.2408 -0.746324 -21.334929 0.58491 3.008327 -13.821223 -3e-06 3e-06 -23.887184 -0.249077 -0.839483 -60.502357 2.5193 -1.306782 -0.294025 1.679689 0.833256 -14.218219 0.093216 1.300582 -34.21207 -0.287565 0.967173 -20.033226 0.964539 1.212846 -2e-06 -1e-06 0.0 -3.440391 0.788233 0.501654 -15.928196 -3.167313 2.999712 -6.33883 0.0 3e-06 -18.123459 3.648187 -4.905674 -3e-06 0.0 -3e-06 -23.687489 24.348991 9.586928 63.219078 45.505009 17.909466 -4.238629 77.408699 -3.103346 -14.518747 -4.137658 26.593992 2.243544 -5.255038 -3.18016 14.282898 -0.826596 6.952507 -2e-06 -12.690609 2e-06 15.739096 -17.887085 2.975533 1.665668 -1.955922 -2.878301 4.727801 -4.170588 4.993925 11.02053 4e-06 -3e-06 12.109058 -3.735717 -2.866787 1e-06 0.0 0.0 1.291987 -1.92855 -1.498088 14.800136 0.567469 3.865611 14.24258 -1.341736 -6.660661 19.631979 0.143925 -0.648244 49.930035 -1.109344 -6.626458 0.353028 -1.511152 -0.031941 20.222803 3.684312 2.316633 18.787285 8e-06 -0.0 10.751634 -0.479867 1.397906 0.0 -1e-06 -1e-06 3.273809 0.305947 -0.58011 21.486828 11.83038 2.266133 8.16293 -0.0 1e-06 18.399092 -3.798985 -4.940578 3e-06 -1e-06 -0.0 5.109925 18.918961 -30.900305 0.012005 -0.009154 63.988499 -15.942541 18.908281 -4.865068 1.774975 -2.116875 -0.409825 0.0 0.0 3e-06 -1.129828 6.92363 -27.550957 -0.171339 -0.017615 59.494083 5.12146 5.823098 7.584071 -1.462159 0.891107 -1.317784 0.0 -1e-06 -2e-06
0.0 0.0 0.0 0.0 -0.0 0.0 42.363396 95.389763 63.057816 1.164372 44.269119 -2.949319 1.695524 1.420241 13.911819 -0.258132 3.099808 -0.107994 -3.564314 3.847457 22.559519 -16.17733 10.002217 8.054374 1.494117 9.777469 -3.608288 -8.388551 11.945288 -22.044765 7.7e-05 -2.3e-05 6e-06 0.012203 -0.040583 0.018576 0.700588 -3.712234 -10.511639 -0.683055 3.637834 -10.537695 -4.910191 -1.362308 19.446854 -67.424179 -7.483866 -18.501799 21.229063 -85.150955 -20.490284 29.502787 -4.764458 -23.102032 -5.882109 9.861293 0.702589 -10.936875 -0.360576 7.156213 2e-06 8.77483 -1e-06 -15.49166 18.055922 6.717386 -1.844033 2.498506 -2.50728 -10.163605 4.678948 4.621112 -20.976034 -2e-06 1e-06 -21.226299 2.451697 -3.594004 -1e-06 -6e-06 0.0 -1.362682 2.240799 -0.746323 -21.334925 0.584911 3.008327 -13.82122 -2e-06 3e-06 -23.88718 -0.249081 -0.839483 -60.498203 2.49 -1.299647 -0.294025 1.679687 0.833258 -14.218215 0.093214 1.300583 -34.212067 -0.287563 0.967172 -20.033222 0.964537 1.212845 -1e-06 0.0 0.0 -3.44039 0.788233 0.501655 -15.928192 -3.16731 2.999711 -6.338829 -0.0 0.0 -18.123451 3.648184 -4.905674 -3e-06 0.0 -3e-06 -24.085527 24.793581 9.513433 62.950733 45.498348 18.142576 -3.942074 77.130066 -2.896229 -13.966529 -4.59885 26.308523 2.24354 -5.255037 -3.180159 14.282894 -0.826598 6.952506 1e-06 -12.690609 2e-06 15.768392 -17.897657 2.979133 1.665668 -1.955922 -2.878301 4.727801 -4.170589 4.993926 11.020526 2e-06 -2e-06 12.109053 -3.735717 -2.866787 1e-06 -1e-06 -0.0 1.291986 -1.92855 -1.49809 14.800129 0.567467 3.865608 14.242573 -1.341737 -6.660661 19.631969 0.143926 -0.648247 49.915443 -1.092659 -6.631866 0.353028 -1.51115 -0.031941 20.222792 3.684307 2.31663 18.787279 2e-06 -2e-06 10.751631 -0.47987 1.397905 -0.0 2e-06 -0.0 3.273808 0.305947 -0.580111 21.486813 11.830372 2.266131 8.162927 -1e-06 0.0 18.39908 -3.798989 -4.940577 3e-06 -2e-06 -1e-06 2.761931 20.415331 -31.939754 0.109371 0.092437 60.328228 -15.877118 18.641079 -4.601638 1.78708 -2.170477 -0.510635 -0.0 0.0 3e-06 -1.311881 6.822241 -26.11095 -0.202038 -0.054595 58.275688 4.484981 5.417516 6.715398 -1.452562 0.867449 -1.462736 -1e-06 -0.0 -2e-06
0.0 0.0 0.0 0.0 -0.0 0.0 43.420788 95.76458 64.016876 1.425841 44.216248 -2.595068 1.848307 1.373116 13.614443 -0.190153 3.222106 -0.253144 -3.540686 3.978597 22.444408 -16.676968 10.211781 8.171466 1.541217 9.738118 -3.627627 -8.106988 11.866073 -22.094261 7.7e-05 -2.2e-05 6e-06 0.004806 -0.025364 0.021029 0.694054 -3.692821 -10.504885 -0.692103 3.649369 -10.529049 -5.550251 -0.817392 19.686438 -67.632858 -7.562984 -18.810486 22.655172 -85.338219 -21.941311 29.966824 -5.340044 -23.89534 -5.882111 9.861295 0.70259 -10.936877 -0.360576 7.156211 0.0 8.774831 -3e-06 -15.450299 17.932989 6.737377 -1.844034 2.498507 -2.50728 -10.163607 4.678948 4.621112 -20.976038 -0.0 2e-06 -21.226305 2.451699 -3.594006 -1e-06 -6e-06 0.0 -1.362683 2.2408 -0.746324 -21.33493 0.58491 3.008326 -13.821226 -1e-06 1e-06 -23.887192 -0.249079 -0.839485 -60.415386 2.476703 -1.303194 -0.294025 1.679688 0.833255 -14.218221 0.093215 1.300581 -34.212074 -0.287564 0.967169 -20.033232 0.964537 1.212843 0.0 -0.0 0.0 -3.440391 0.788233 0.501656 -15.928196 -3.167312 2.999709 -6.33883 0.0 2e-06 -18.123461 3.648187 -4.905677 -3e-06 0.0 -2e-06 -24.47006 25.182476 9.464591 62.860371 45.237278 18.428402 -3.633611 77.087738 -2.677342 -13.492437 -5.009331 25.94471 2.243542 -5.255037 -3.180157 14.282896 -0.826595 6.952504 -3e-06 -12.690607 3e-06 15.781577 -17.913116 2.988583 1.665667 -1.955921 -2.8783 4.727798 -4.170587 4.993925 11.020533 2e-06 -2e-06 12.109056 -3.735716 -2.866786 1e-06 1e-06 0.0 1.291984 -1.92855 -1.498087 14.800134 0.567468 3.865608 14.242579 -1.341735 -6.660659 19.631973 0.143928 -0.648245 49.862656 -1.059373 -6.653557 0.35303 -1.511151 -0.031941 20.222801 3.684311 2.316628 18.787281 6e-06 -2e-06 10.751633 -0.479869 1.397905 0.0 2e-06 -0.0 3.273808 0.305947 -0.580111 21.48682 11.830379 2.266127 8.16293 -2e-06 -2e-06 18.399088 -3.798984 -4.940579 3e-06 -2e-06 -1e-06 0.725423 21.784081 -32.438671 0.190869 0.183638 56.651451 -15.609736 18.56959 -3.753313 1.797816 -2.232544 -0.678393 -0.0 0.0 3e-06 -1.486614 6.704915 -24.718147 -0.220131 -0.057129 57.28054 3.860987 5.106393 6.067924 -1.448751 0.854562 -1.666248 -0.0 1e-06 -3e-06
0.0 0.0 0.0 0.0 -0.0 0.0 44.578915 96.037987 64.956635 1.580076 44.146534 -2.368781 1.977443 1.332592 13.312834 -0.141865 3.332198 -0.403997 -3.491562 4.094398 22.336557 -17.087831 10.382586 8.33891 1.612195 9.730006 -3.645599 -7.853533 11.849652 -22.177164 7.7e-05 -2.3e-05 5e-06 0.001429 -0.023201 0.02382 0.689552 -3.68652 -10.498846 -0.694815 3.647808 -10.519292 -5.984112 -0.23256 19.967436 -67.99588 -7.60324 -19.202782 24.848154 -85.723503 -24.287392 30.554388 -5.909721 -25.18347 -5.882106 9.861287 0.70259 -10.93687 -0.360575 7.156206 1e-06 8.774824 -2e-06 -15.38677 17.812639 6.762457 -1.844032 2.498505 -2.507277 -10.163599 4.678946 4.621108 -20.976023 -4e-06 -1e-06 -21.226286 2.451693 -3.594002 1e-06 -6e-06 -1e-06 -1.362682 2.240797 -0.746324 -21.334915 0.584909 3.008321 -13.821213 -3e-06 0.0 -23.887171 -0.24908 -0.839483 -60.298687 2.481587 -1.282941 -0.294025 1.679687 0.833255 -14.218208 0.093215 1.300579 -34.212051 -0.287566 0.967167 -20.033215 0.964535 1.212842 0.0 -0.0 0.0 -3.440389 0.788231 0.501655 -15.928185 -3.16731 2.999706 -6.338827 -0.0 2e-06 -18.123446 3.648183 -4.905673 -3e-06 1e-06 -2e-06 -24.846428 25.508232 9.428029 63.141335 44.778755 18.862326 -3.119264 77.193321 -2.252565 -13.155344 -5.375805 25.640432 2.243542 -5.255037 -3.180159 14.282894 -0.826598 6.952503 0.0 -12.690607 1e-06 15.77089 -17.904112 3.009748 1.665667 -1.955921 -2.878299 4.7278 -4.170589 4.993925 11.02053 2e-06 -2e-06 12.109056 -3.735717 -2.866785 1e-06 0.0 -1e-06 1.291987 -1.92855 -1.498088 14.800131 0.567465 3.865606 14.242577 -1.341737 -6.660661 19.631971 0.143926 -0.648248 49.758968 -1.015971 -6.652775 0.35303 -1.511151 -0.03194 20.222792 3.684309 2.316628 18.787273 3e-06 -3e-06 10.75163 -0.479868 1.397905 0.0 1e-06 0.0 3.273808 0.305947 -0.580113 21.486814 11.830374 2.266129 8.162928 -2e-06 -1e-06 18.399086 -3.798986 -4.94058 3e-06 -2e-06 -1e-06 -0.904733 22.981041 -32.368618 0.229807 0.232439 53.276386 -15.47522 18.426748 -2.575082 1.802197 -2.28366 -0.865494 0.0 -0.0 3e-06 -1.630864 6.546259 -23.395267 -0.22456 -0.022202 56.625355 3.182046 4.814741 5.746216 -1.446411 0.839985 -1.973981 -1e-06 -0.0 -2e-06
0.0 0.0 0.0 0.0 -0.0 0.0 45.786953 96.223213 65.856659 1.67433 44.113194 -2.242698 2.021819 1.289013 13.011857 -0.117607 3.428439 -0.558095 -3.423169 4.204759 22.23587 -17.340744 10.496898 8.533972 1.662426 9.789455 -3.654509 -7.597123 11.820582 -22.236511 7.7e-05 -2.3e-05 6e-06 -0.00188 -0.019352 0.02777 0.681746 -3.681819 -10.493735 -0.693787 3.650882 -10.509404 -6.278588 0.351095 20.262018 -68.397263 -7.638226 -19.553263 28.568758 -86.195435 -28.159845 31.20359 -6.351598 -26.898857 -5.882111 9.861295 0.702589 -10.936877 -0.360573 7.156212 -0.0 8.774835 -0.0 -15.359817 17.681129 6.765531 -1.844034 2.498507 -2.50728 -10.163605 4.678947 4.621113 -20.976038 -4e-06 -3e-06 -21.226303 2.451696 -3.59401 1e-06 -5e-06 -1e-06 -1.362682 2.240801 -0.746324 -21.334929 0.58491 3.008323 -13.821222 -3e-06 1e-06 -23.887184 -0.24908 -0.839487 -60.143047 2.493671 -1.234341 -0.294025 1.679688 0.833257 -14.218218 0.093216 1.300579 -34.212074 -0.287565 0.967165 -20.03323 0.964536 1.212842 -1e-06 -0.0 -0.0 -3.44039 0.788234 0.501657 -15.928196 -3.167312 2.999709 -6.338831 0.0 -0.0 -18.123457 3.648187 -4.905679 -4e-06 2e-06 -2e-06 -24.992367 25.736233 9.510746 63.731422 44.204018 19.43264 -2.51393 77.305328 -1.720548 -13.097414 -5.638904 25.374237 2.243543 -5.255042 -3.18016 14.282904 -0.826596 6.952508 -1e-06 -12.690618 4e-06 15.770929 -17.893291 3.027699 1.665669 -1.955923 -2.878302 4.727803 -4.170592 4.993931 11.020535 2e-06 -2e-06 12.10906 -3.735719 -2.866788 0.0 1e-06 -1e-06 1.291988 -1.928551 -1.498089 14.800139 0.567468 3.865609 14.242585 -1.341735 -6.660666 19.631985 0.143928 -0.648247 49.662113 -0.984407 -6.659426 0.353031 -1.511152 -0.031939 20.222807 3.684313 2.316631 18.787289 6e-06 -2e-06 10.751637 -0.479871 1.397907 0.0 -0.0 0.0 3.27381 0.305947 -0.580112 21.486834 11.830386 2.26613 8.162932 -1e-06 -0.0 18.399099 -3.798987 -4.940581 4e-06 -3e-06 -1e-06 -2.132159 23.902605 -31.898272 0.240413 0.26716 50.874489 -14.813354 18.65485 -0.803365 1.812238 -2.295687 -1.052896 -0.0 0.0 3e-06 -1.775355 6.377814 -22.19121 -0.22273 0.023874 56.374786 2.427978 4.539702 5.955076 -1.445315 0.81959 -2.373228 -1e-06 -1e-06 -2e-06
0.0 0.0 0.0 0.0 -0.0 0.0 47.076084 96.315193 66.747711 1.816008 44.165993 -2.116249 1.926231 1.2433 12.691807 -0.125978 3.522154 -0.718239 -3.344585 4.31334 22.154636 -17.421682 10.523261 8.750268 1.708151 9.910086 -3.651413 -7.342461 11.740794 -22.21641 7.7e-05 -2.3e-05 6e-06 -0.008891 0.001744 0.032526 0.670278 -3.662425 -10.49174 -0.696376 3.673513 -10.502927 -6.480994 0.899546 20.573412 -68.710724 -7.700413 -19.758333 33.972633 -86.632278 -33.635654 31.910242 -6.73482 -28.761541 -5.882106 9.861289 0.702591 -10.936872 -0.360576 7.156209 0.0 8.774828 -1e-06 -15.363078 17.534468 6.73159 -1.844032 2.498504 -2.507279 -10.163598 4.678946 4.621111 -20.976025 -4e-06 2e-06 -21.226286 2.451698 -3.594002 2e-06 -6e-06 -0.0 -1.362682 2.240799 -0.746324 -21.334913 0.584909 3.008325 -13.821212 -2e-06 2e-06 -23.887167 -0.249081 -0.839483 -59.918121 2.497956 -1.159533 -0.294025 1.679687 0.833256 -14.218209 0.093214 1.300581 -34.212055 -0.287562 0.967171 -20.033215 0.964537 1.212846 -1e-06 -1e-06 0.0 -3.440389 0.788234 0.501657 -15.928185 -3.16731 2.999709 -6.338827 -0.0 2e-06 -18.123444 3.648183 -4.905671 -3e-06 1e-06 -3e-06 -24.836412 25.852068 9.746912 64.537239 43.521435 20.093098 -2.174386 77.433044 -1.455256 -13.29639 -5.848491 25.188576 2.243544 -5.255037 -3.180161 14.282896 -0.826596 6.952507 -2e-06 -12.690609 1e-06 15.808384 -17.880154 3.015684 1.665667 -1.955922 -2.8783 4.727801 -4.170588 4.993926 11.020531 4e-06 -2e-06 12.109058 -3.735716 -2.866784 -0.0 -1e-06 -1e-06 1.291986 -1.92855 -1.498089 14.800132 0.567468 3.86561 14.242579 -1.341735 -6.660661 19.631981 0.143929 -0.648245 49.588661 -0.956646 -6.684931 0.353029 -1.511151 -0.031941 20.222803 3.68431 2.31663 18.787283 6e-06 -2e-06 10.751634 -0.479868 1.397907 0.0 -0.0 0.0 3.273808 0.305947 -0.580112 21.486822 11.830378 2.266129 8.16293 -0.0 0.0 18.39909 -3.798988 -4.940576 3e-06 -3e-06 -1e-06 -2.982636 24.28635 -31.051325 0.219684 0.300205 49.61422 -13.134169 19.456553 1.260826 1.834159 -2.290638 -1.369644 -0.0 0.0 5e-06 -2.035243 6.088252 -21.12763 -0.219383 0.048628 56.617104 1.696123 4.362321 6.807033 -1.445048 0.792906 -2.954101 -1e-06 -1e-06 -2e-06
0.0 0.0 0.0 0.0 -0.0 0.0 48.493271 96.321571 67.696846 1.98876 44.305737 -1.975642 1.718261 1.187701 12.356693 -0.168616 3.62448 -0.889999 -3.248568 4.463598 22.038502 -17.356653 10.464326 9.015585 1.799858 10.025887 -3.655795 -7.114199 11.636957 -22.118155 7.7e-05 -2.3e-05 6e-06 -0.010812 0.0117 0.031951 0.671163 -3.654612 -10.506415 -0.701159 3.685112 -10.510607 -6.602458 1.34582 20.874571 -68.860603 -7.753855 -19.843872 40.373158 -86.98085 -40.051029 32.727947 -7.075928 -30.498278 -5.882111 9.8613 0.70259 -10.93688 -0.360576 7.156215 0.0 8.774837 -3e-06 -15.370105 17.384241 6.684353 -1.844034 2.498508 -2.507281 -10.163609 4.678949 4.621115 -20.976044 -3e-06 1e-06 -21.226307 2.4517 -3.594005 1e-06 -7e-06 -0.0 -1.362682 2.240802 -0.746325 -21.334934 0.584909 3.008328 -13.821225 -2e-06 2e-06 -23.887192 -0.249079 -0.839485 -59.72176 2.466473 -1.07613 -0.294025 1.67969 0.833257 -14.218223 0.093215 1.300582 -34.212078 -0.287563 0.967172 -20.033232 0.964539 1.212846 -1e-06 0.0 0.0 -3.440391 0.788235 0.501656 -15.928201 -3.167314 2.999712 -6.338832 -1e-06 0.0 -18.123463 3.648188 -4.905678 -4e-06 -1e-06 -2e-06 -24.510927 25.836054 10.011442 65.57489 42.722298 20.93252 -1.891433 77.521606 -1.256074 -13.639365 -6.068666 25.206186 2.243543 -5.25504 -3.180158 14.2829 -0.826598 6.952508 -1e-06 -12.690613 3e-06 15.868434 -17.869595 3.007653 1.665666 -1.955923 -2.878301 4.727802 -4.170591 4.99393 11.020535 2e-06 -3e-06 12.109061 -3.73572 -2.866786 -0.0 -0.0 0.0 1.291986 -1.928551 -1.498091 14.800142 0.567467 3.865611 14.242584 -1.341738 -6.660661 19.631985 0.143926 -0.648246 49.561546 -0.938731 -6.66223 0.353028 -1.511152 -0.031941 20.222803 3.684311 2.316633 18.787289 3e-06 0.0 10.751637 -0.47987 1.397907 0.0 1e-06 0.0 3.273808 0.305948 -0.580112 21.48683 11.83038 2.266134 8.162935 0.0 -1e-06 18.399099 -3.798993 -4.940579 3e-06 -3e-06 -1e-06 -3.472962 24.085749 -29.811958 0.202685 0.331273 49.130844 -10.775662 20.152199 2.141779 1.851386 -2.277532 -1.728823 0.0 -0.0 4e-06 -2.412246 5.561256 -20.17695 -0.196746 0.060196 57.391155 1.096442 4.378789 8.599952 -1.45252 0.783966 -3.855369 0.0 -1e-06 -2e-06
0.0 0.0 0.0 0.0 -0.0 0.0 49.984257 96.267876 68.650978 2.210164 44.431801 -1.735263 1.416112 1.134553 11.977032 -0.206286 3.731366 -1.055209 -3.209304 4.638632 21.907196 -17.219036 10.403913 9.226562 1.876287 10.044716 -3.644631 -6.884935 11.62207 -21.937489 7.7e-05 -2.3e-05 6e-06 0.010559 -0.035414 0.03503 0.680011 -3.700289 -10.505833 -0.669282 3.636211 -10.504173 -6.789471 1.708068 21.019194 -68.877785 -7.783288 -19.98303 48.18047 -87.193832 -47.776421 33.678375 -7.340089 -31.768497 -5.882107 9.86129 0.702589 -10.936872 -0.360577 7.156208 -0.0 8.774826 -2e-06 -15.255241 17.227533 6.596139 -1.844033 2.498505 -2.507279 -10.163601 4.678946 4.621109 -20.976027 -4e-06 0.0 -21.226292 2.451697 -3.594005 -0.0 -6e-06 1e-06 -1.362682 2.240799 -0.746324 -21.334913 0.58491 3.008323 -13.821215 -2e-06 1e-06 -23.887171 -0.249079 -0.839486 -59.460964 2.390926 -1.072428 -0.294025 1.679688 0.833256 -14.218209 0.093215 1.300579 -34.212044 -0.287565 0.967168 -20.033211 0.964537 1.212843 -2e-06 -0.0 1e-06 -3.440389 0.788233 0.501655 -15.928185 -3.16731 2.999708 -6.338827 -1e-06 0.0 -18.123447 3.648183 -4.905675 -5e-06 -1e-06 -1e-06 -24.070858 25.740028 10.270239 66.532051 42.038448 22.089355 -1.852088 77.384583 -1.198595 -13.938782 -6.296956 25.279064 2.243542 -5.255039 -3.180156 14.282895 -0.826596 6.952503 -0.0 -12.690605 0.0 15.912898 -17.883198 2.989559 1.665666 -1.955922 -2.878298 4.7278 -4.170588 4.993924 11.020529 3e-06 -1e-06 12.109055 -3.735719 -2.866784 -0.0 1e-06 1e-06 1.291984 -1.92855 -1.498088 14.800132 0.567467 3.865611 14.242571 -1.341738 -6.660655 19.631971 0.143923 -0.648242 49.678043 -0.863358 -6.564708 0.353029 -1.51115 -0.031941 20.222797 3.684307 2.316633 18.787279 2e-06 1e-06 10.751632 -0.479871 1.397906 -0.0 -1e-06 0.0 3.273807 0.305946 -0.580109 21.486816 11.830373 2.266135 8.16293 -2e-06 0.0 18.399088 -3.798988 -4.940576 3e-06 -3e-06 -1e-06 -3.789252 23.506124 -28.361181 0.208341 0.388749 48.630299 -7.692169 20.574293 1.861968 1.825148 -2.17066 -2.085228 -0.0 0.0 4e-06 -2.9481 4.873036 -19.441599 -0.191903 0.035136 58.603508 0.829186 4.732103 11.392196 -1.467027 0.797611 -5.226602 1e-06 -1e-06 -2e-06
0.0 0.0 0.0 0.0 -0.0 0.0 51.472736 96.296547 69.52832 2.548221 44.47068 -1.29446 1.105307 1.191455 11.661536 -0.329776 3.838851 -1.188367 -3.290143 4.828417 21.77323 -16.961494 10.264268 9.249258 1.778947 10.094576 -3.614304 -6.647092 11.482948 -21.666645 7.7e-05 -2.3e-05 5e-06 0.010836 -0.031483 0.024827 0.685431 -3.695546 -10.532518 -0.674703 3.64141 -10.538668 -6.865984 1.961691 21.020222 -68.585983 -7.793249 -20.258501 54.098419 -87.268059 -53.612324 34.600193 -7.411287 -33.061646 -5.882111 9.8613 0.702591 -10.93688 -0.360575 7.156216 -0.0 8.774837 -1e-06 -15.380297 17.37985 6.514447 -1.844034 2.498508 -2.50728 -10.163607 4.678951 4.621116 -20.976038 -3e-06 3e-06 -21.226305 2.451701 -3.594005 1e-06 -6e-06 0.0 -1.362683 2.240801 -0.746325 -21.33493 0.58491 3.008328 -13.821225 -2e-06 2e-06 -23.887192 -0.249079 -0.839483 -59.436581 2.305182 -1.130828 -0.294024 1.67969 0.833257 -14.218222 0.093214 1.300583 -34.212078 -0.287564 0.967173 -20.033232 0.964538 1.212846 -1e-06 -0.0 -0.0 -3.440392 0.788234 0.501656 -15.928201 -3.167314 2.999712 -6.338831 -2e-06 2e-06 -18.123459 3.648189 -4.905675 -3e-06 0.0 -2e-06 -23.797827 25.578835 10.169664 67.349976 41.285378 23.456772 -1.512557 77.274681 -0.772032 -14.138717 -6.678224 25.057556 2.243546 -5.25504 -3.180162 14.282906 -0.826601 6.952507 -1e-06 -12.690618 4e-06 15.916553 -17.871647 2.955575 1.665669 -1.955923 -2.878304 4.727804 -4.170594 4.993931 11.020542 2e-06 -6e-06 12.109068 -3.735719 -2.866789 -0.0 1e-06 -0.0 1.291987 -1.928553 -1.498091 14.800144 0.567465 3.865609 14.24259 -1.341738 -6.660668 19.631989 0.143925 -0.648252 49.698647 -0.923555 -6.452787 0.353031 -1.511153 -0.031939 20.222811 3.684309 2.316628 18.787296 4e-06 -7e-06 10.751638 -0.479872 1.397905 -0.0 -1e-06 -0.0 3.273812 0.305946 -0.580111 21.486834 11.830382 2.266126 8.162935 -1e-06 -3e-06 18.399103 -3.798989 -4.940586 3e-06 -1e-06 -1e-06 -3.934372 22.882515 -26.961248 0.211622 0.40736 48.065178 -6.725531 20.685379 0.099328 1.805529 -2.133253 -1.67627 0.0 0.0 2e-06 -3.717998 4.344347 -19.940197 -0.143626 0.092055 60.963688 1.591221 5.266439 14.778436 -1.46795 0.807713 -7.315311 0.0 -1e-06 -3e-06
0.0 0.0 0.0 0.0 -0.0 0.0 52.849167 96.339676 70.333572 2.852797 44.294933 -0.844162 0.814316 1.204176 11.493294 -0.404669 4.047054 -1.214372 -3.510688 5.055856 21.637619 -16.896715 10.213469 9.116624 1.650113 10.09545 -3.63298 -6.465249 11.39065 -21.425577 7.7e-05 -2.3e-05 6e-06 0.007254 -0.014711 0.014346 0.673363 -3.695868 -10.569719 -0.669858 3.676397 -10.576694 -7.00667 1.952159 20.927078 -68.237236 -7.686067 -21.37188 57.606274 -87.639427 -57.169556 35.192863 -7.329539 -33.823261 -5.882108 9.861292 0.702592 -10.936877 -0.360575 7.156213 1e-06 8.774831 0.0 -15.484111 17.422716 6.414248 -1.844033 2.498506 -2.50728 -10.163604 4.678949 4.621114 -20.976034 -4e-06 2e-06 -21.226299 2.451698 -3.594002 0.0 -7e-06 -0.0 -1.362682 2.2408 -0.746324 -21.334929 0.584911 3.008327 -13.821221 -2e-06 2e-06 -23.887182 -0.249079 -0.839484 -59.507996 2.23198 -1.164513 -0.294026 1.679688 0.833257 -14.218215 0.093215 1.300582 -34.212067 -0.287562 0.967172 -20.033226 0.964539 1.212844 0.0 -0.0 0.0 -3.440392 0.788234 0.501657 -15.928196 -3.167311 2.99971 -6.338829 -1e-06 1e-06 -18.123457 3.648186 -4.905674 -3e-06 0.0 -1e-06 -23.856941 25.636129 10.14137 67.990181 40.890205 24.669008 -1.509658 77.065689 -0.605432 -14.089025 -7.12849 24.838392 2.243542 -5.255039 -3.180158 14.282896 -0.826594 6.952503 -4e-06 -12.69061 4e-06 15.868324 -17.873383 3.00682 1.665668 -1.95592 -2.8783 4.727798 -4.170588 4.993926 11.02053 6e-06 -6e-06 12.109058 -3.735715 -2.866787 -0.0 1e-06 -0.0 1.291985 -1.92855 -1.498091 14.800136 0.56747 3.865606 14.242582 -1.341732 -6.660664 19.631979 0.143932 -0.648246 49.734016 -0.941956 -6.432849 0.353029 -1.511151 -0.03194 20.222801 3.684316 2.316624 18.787281 8e-06 -3e-06 10.751633 -0.479866 1.397905 -0.0 -1e-06 0.0 3.273808 0.305948 -0.580112 21.486822 11.830384 2.266128 8.16293 2e-06 -2e-06 18.399088 -3.798983 -4.940578 3e-06 -2e-06 -1e-06 -4.103679 22.423414 -25.64744 0.239575 0.42743 47.370659 -6.369803 20.79187 -1.630251 1.796113 -2.145634 -1.370395 -0.0 0.0 2e-06 -4.554664 4.100932 -21.697193 -0.114186 0.082019 64.230446 2.716133 5.71037 19.021368 -1.45358 0.796933 -8.631582 1e-06 0.0 -2e-06
0.0 0.0 0.0 0.0 -0.0 0.0 54.081367 96.388008 71.144333 2.795407 43.977013 -0.689232 0.680081 1.206796 11.520987 -0.428378 4.147242 -1.164663 -3.675383 5.329141 21.450941 -17.00238 10.252867 8.810988 1.578972 10.093446 -3.632902 -6.37433 11.322566 -21.111246 7.7e-05 -2.3e-05 6e-06 0.00632 -0.004463 0.02077 0.662924 -3.69675 -10.58391 -0.661453 3.698863 -10.592816 -7.083659 1.897878 20.790079 -67.973976 -7.483868 -22.65884 65.356705 -87.994164 -64.953323 35.607716 -7.138534 -34.642178 -5.882109 9.861295 0.702591 -10.936876 -0.360574 7.156209 1e-06 8.774833 -0.0 -15.536696 17.457802 6.36357 -1.844033 2.498506 -2.507279 -10.163604 4.678948 4.621111 -20.976034 -6e-06 0.0 -21.226297 2.451697 -3.594005 0.0 -7e-06 -0.0 -1.362683 2.2408 -0.746324 -21.334925 0.584909 3.008322 -13.821221 -4e-06 1e-06 -23.88718 -0.249081 -0.839485 -59.463936 2.200911 -1.1912 -0.294026 1.679688 0.833257 -14.218215 0.093215 1.30058 -34.212067 -0.287567 0.967169 -20.033226 0.964536 1.212844 0.0 0.0 -0.0 -3.440389 0.788234 0.501655 -15.928192 -3.167313 2.999708 -6.33883 -1e-06 1e-06 -18.123457 3.648185 -4.905675 -4e-06 -0.0 -2e-06 -24.227739 25.834864 9.917741 68.329285 40.698727 25.896652 -2.124154 76.934822 -1.074878 -14.039765 -7.708443 24.782976 2.243546 -5.255041 -3.180162 14.282908 -0.826597 6.952507 -3e-06 -12.690616 2e-06 15.804284 -17.815409 3.057164 1.665669 -1.955923 -2.878303 4.727806 -4.170592 4.993927 11.020542 5e-06 -5e-06 12.10907 -3.735717 -2.86679 -0.0 3e-06 -0.0 1.291988 -1.928552 -1.498091 14.800146 0.567469 3.865606 14.242592 -1.341734 -6.660669 19.63199 0.143927 -0.648251 49.660748 -0.931307 -6.443041 0.353029 -1.511153 -0.03194 20.222815 3.684314 2.316627 18.787296 7e-06 -6e-06 10.751641 -0.47987 1.397905 0.0 1e-06 0.0 3.273811 0.305946 -0.580113 21.486843 11.830387 2.266128 8.162937 3e-06 -3e-06 18.399101 -3.798983 -4.940584 3e-06 -2e-06 -1e-06 -3.926166 22.039112 -24.44747 0.244168 0.452376 46.847099 -6.268634 20.968258 -3.150794 1.803557 -2.216744 -1.34077 -0.0 -0.0 3e-06 -5.208805 4.158555 -24.511599 -0.086517 0.103725 68.178398 4.886037 6.264385 23.508579 -1.384139 0.800139 -6.45023 0.0 -1e-06 -1e-06
0.0 0.0 0.0 0.0 -0.0 0.0 55.219002 96.367561 72.03978 2.530604 43.719875 -0.756284 0.623415 1.185612 11.679756 -0.43853 4.146217 -1.081764 -3.721478 5.529025 21.259649 -17.150454 10.28525 8.441202 1.595833 10.079016 -3.599197 -6.269212 11.2535 -20.895264 7.7e-05 -2.2e-05 5e-06 0.005053 0.012583 0.030294 0.656103 -3.682344 -10.578449 -0.657474 3.718178 -10.58506 -7.028885 1.834021 20.703194 -67.782616 -7.220976 -23.925558 79.821167 -88.248108 -79.434059 35.932003 -6.673404 -35.432415 -5.882113 9.861299 0.702591 -10.93688 -0.360575 7.156215 1e-06 8.774837 0.0 -15.524885 17.496994 6.34903 -1.844034 2.498507 -2.507282 -10.163609 4.67895 4.621114 -20.976044 -6e-06 -1e-06 -21.226307 2.451696 -3.594007 0.0 -7e-06 -0.0 -1.362682 2.2408 -0.746325 -21.33493 0.58491 3.008326 -13.821223 -3e-06 1e-06 -23.887192 -0.249081 -0.839485 -59.327633 2.234658 -1.199943 -0.294025 1.679689 0.833258 -14.21822 0.093215 1.300581 -34.212074 -0.287566 0.967168 -20.03323 0.964537 1.212844 1e-06 -0.0 0.0 -3.440392 0.788235 0.501656 -15.928201 -3.167314 2.99971 -6.338832 -1e-06 1e-06 -18.123463 3.648187 -4.905678 -3e-06 0.0 -2e-06 -24.725832 26.056467 9.604167 68.319191 40.692406 26.883688 -2.695038 76.977325 -1.604895 -14.192832 -8.115746 24.925404 2.243543 -5.25504 -3.180161 14.282902 -0.826595 6.952505 -2e-06 -12.690614 2e-06 15.729805 -17.763382 3.084407 1.665669 -1.955924 -2.878303 4.727805 -4.170592 4.993928 11.020538 3e-06 -2e-06 12.109064 -3.735719 -2.866787 -0.0 1e-06 -1e-06 1.291987 -1.928551 -1.498089 14.800142 0.567467 3.865607 14.242585 -1.341737 -6.660666 19.631987 0.143928 -0.648248 49.537231 -0.913725 -6.478734 0.353031 -1.511151 -0.03194 20.222811 3.684311 2.316629 18.787289 3e-06 -4e-06 10.751637 -0.479868 1.397905 -0.0 1e-06 0.0 3.273811 0.305948 -0.580113 21.486834 11.830383 2.26613 8.162937 -2e-06 -2e-06 18.399099 -3.798986 -4.940582 3e-06 -1e-06 -1e-06 -3.496538 21.542696 -23.444096 0.257036 0.476187 46.869354 -6.504062 21.125887 -4.410782 1.810181 -2.270938 -1.347903 0.0 -0.0 3e-06 -5.711626 4.553869 -27.608976 -0.034954 0.194593 71.739891 7.672652 6.976294 25.338154 -1.320989 0.830169 -2.768497 1e-06 -0.0 -1e-06
0.0 0.0 0.0 0.0 -0.0 0.0 56.283569 96.242279 73.032196 2.22552 43.649376 -0.877893 0.582761 1.146947 11.873683 -0.428507 4.148885 -1.020404 -3.687457 5.512698 21.159344 -17.173214 10.273028 8.043039 1.597577 10.063873 -3.555177 -6.151502 11.229996 -20.856211 7.7e-05 -2.2e-05 6e-06 0.004496 0.026466 0.028725 0.651901 -3.670157 -10.57535 -0.654231 3.73182 -10.57016 -6.893762 1.72899 20.648525 -67.542122 -6.838651 -24.973106 97.842865 -88.28685 -97.358627 36.269257 -5.860501 -36.215168 -5.88211 9.86129 0.702589 -10.936876 -0.360573 7.156209 -0.0 8.774827 -2e-06 -15.50442 17.540539 6.343217 -1.844032 2.498505 -2.507279 -10.163604 4.678947 4.621109 -20.976032 -3e-06 2e-06 -21.226292 2.451699 -3.594003 2e-06 -6e-06 -1e-06 -1.362681 2.240799 -0.746324 -21.334919 0.584911 3.008325 -13.821218 -2e-06 2e-06 -23.887177 -0.249076 -0.839484 -59.154594 2.322868 -1.194157 -0.294026 1.679688 0.833256 -14.218214 0.093216 1.300581 -34.212055 -0.287561 0.96717 -20.03322 0.964538 1.212844 -1e-06 -0.0 -0.0 -3.44039 0.788234 0.501656 -15.928191 -3.16731 2.99971 -6.338829 -1e-06 1e-06 -18.123455 3.648185 -4.905674 -3e-06 -0.0 -2e-06 -25.202158 26.226974 9.266762 67.959518 40.776642 27.40958 -2.627818 77.34745 -1.531957 -14.555454 -8.371837 25.014162 2.243543 -5.255037 -3.180159 14.282896 -0.826594 6.952507 -2e-06 -12.690606 0.0 15.770891 -17.763966 3.046646 1.665666 -1.955922 -2.878299 4.727801 -4.170588 4.993925 11.020535 3e-06 -2e-06 12.10906 -3.735718 -2.866787 -0.0 2e-06 -0.0 1.291987 -1.928549 -1.498092 14.800136 0.567468 3.865608 14.242578 -1.341737 -6.660661 19.631975 0.143927 -0.648246 49.488651 -0.896626 -6.560217 0.35303 -1.511151 -0.03194 20.222801 3.684309 2.316631 18.787285 5e-06 -3e-06 10.751634 -0.479866 1.397905 -0.0 1e-06 -0.0 3.273808 0.305948 -0.58011 21.486824 11.830379 2.266131 8.16293 -2e-06 -1e-06 18.399094 -3.798986 -4.94058 3e-06 -3e-06 -1e-06 -2.98689 20.892008 -22.598652 0.282531 0.471726 47.25872 -7.054949 21.243954 -5.743242 1.800537 -2.296606 -1.125382 -0.0 0.0 2e-06 -6.066596 5.065397 -30.620667 0.008537 0.270956 73.781998 8.46006 7.27063 22.396456 -1.35017 0.843099 -1.627069 1e-06 0.0 -1e-06
0.0 0.0 0.0 0.0 -0.0 0.0 57.300232 96.05159 74.077522 1.952435 43.780586 -1.006333 0.575953 1.121865 12.076072 -0.376356 4.085118 -0.957891 -3.634042 5.376111 21.176809 -17.089441 10.139189 7.605639 1.603978 10.069316 -3.542504 -6.160155 11.3665 -20.933538 7.7e-05 -2.2e-05 5e-06 0.007206 0.024718 0.02112 0.655705 -3.674836 -10.576953 -0.652032 3.73118 -10.561853 -6.757438 1.502849 20.709681 -67.222794 -6.401575 -25.876184 111.531242 -88.137016 -110.932648 36.626747 -5.017967 -37.088978 -5.882109 9.861293 0.702591 -10.936875 -0.360575 7.156211 -0.0 8.77483 -0.0 -15.524995 17.549839 6.303097 -1.844033 2.498506 -2.507279 -10.163604 4.678948 4.621113 -20.976034 -2e-06 2e-06 -21.226295 2.451698 -3.594003 0.0 -7e-06 -0.0 -1.362682 2.2408 -0.746324 -21.334925 0.584911 3.008326 -13.82122 -2e-06 2e-06 -23.887182 -0.249077 -0.839484 -59.053017 2.389079 -1.203054 -0.294026 1.679688 0.833256 -14.218217 0.093216 1.300582 -34.212067 -0.287561 0.96717 -20.033226 0.964539 1.212844 1e-06 0.0 -0.0 -3.44039 0.788234 0.501655 -15.928192 -3.16731 2.99971 -6.338829 -0.0 1e-06 -18.123455 3.648186 -4.905674 -3e-06 -0.0 -2e-06 -25.759329 26.261372 8.969397 67.478455 40.964878 27.606222 -2.39462 78.091866 -1.329877 -14.954694 -8.623213 25.022308 2.243544 -5.255039 -3.18016 14.282897 -0.826596 6.952504 -1e-06 -12.690607 3e-06 15.891429 -17.829166 2.997601 1.665668 -1.955921 -2.878301 4.727802 -4.170589 4.993927 11.020531 2e-06 -2e-06 12.109057 -3.735717 -2.866787 -0.0 2e-06 -0.0 1.291987 -1.928551 -1.49809 14.800138 0.567466 3.865608 14.242579 -1.341735 -6.660662 19.631975 0.143926 -0.648247 49.564678 -0.914293 -6.656546 0.353028 -1.511151 -0.03194 20.222801 3.684307 2.31663 18.787285 4e-06 -2e-06 10.751634 -0.47987 1.397906 0.0 -0.0 0.0 3.273808 0.305947 -0.580111 21.486824 11.830374 2.266129 8.162932 -2e-06 -1e-06 18.399096 -3.798988 -4.940579 3e-06 -3e-06 -1e-06 -2.468913 20.241756 -21.768658 0.292843 0.44077 47.721058 -7.775576 21.277256 -7.211139 1.787513 -2.287331 -0.971344 -0.0 -0.0 3e-06 -6.398883 5.489428 -33.3895 0.013867 0.328662 73.212738 7.660452 6.478662 18.049337 -1.414181 0.874023 -1.299991 1e-06 -1e-06 -2e-06
0.0 0.0 0.0 0.0 -0.0 0.0 58.347054 95.878777 75.181915 1.731288 43.943962 -1.086768 0.626958 1.121605 12.256416 -0.294564 3.9465 -0.895148 -3.57389 5.212837 21.232313 -17.045048 9.902572 7.132163 1.633573 10.150681 -3.54336 -6.285327 11.595712 -21.005774 7.7e-05 -2.2e-05 5e-06 0.006751 0.028087 0.014378 0.659806 -3.675885 -10.583039 -0.656293 3.737546 -10.563503 -6.705068 1.201659 20.832672 -66.927925 -5.872133 -26.690374 117.798676 -87.97522 -117.181404 36.902061 -4.301427 -37.984722 -5.882112 9.861297 0.702592 -10.936881 -0.360575 7.156215 1e-06 8.774837 -1e-06 -15.597622 17.496792 6.216617 -1.844034 2.498507 -2.50728 -10.163609 4.678949 4.621114 -20.976044 -4e-06 3e-06 -21.226309 2.451699 -3.594002 1e-06 -7e-06 -1e-06 -1.362683 2.2408 -0.746324 -21.334934 0.58491 3.008328 -13.821229 -3e-06 3e-06 -23.88719 -0.249078 -0.839482 -59.02758 2.433922 -1.228286 -0.294025 1.679689 0.833257 -14.218221 0.093215 1.300583 -34.212078 -0.287563 0.967173 -20.033232 0.964539 1.212846 1e-06 -0.0 0.0 -3.440392 0.788234 0.501657 -15.928203 -3.167313 2.999712 -6.338833 -1e-06 2e-06 -18.123465 3.648187 -4.905675 -3e-06 -0.0 -2e-06 -26.433975 26.208101 8.656017 66.954903 41.190189 27.628281 -2.087107 79.089867 -1.100574 -15.307918 -8.942546 25.033133 2.243544 -5.255037 -3.180159 14.282896 -0.826591 6.952506 -3e-06 -12.690607 0.0 16.025862 -17.869169 2.939214 1.665668 -1.955923 -2.878299 4.727804 -4.170589 4.993926 11.020535 4e-06 -3e-06 12.10906 -3.735714 -2.866786 -0.0 -0.0 -1e-06 1.291984 -1.92855 -1.498089 14.800138 0.56747 3.865609 14.242581 -1.341733 -6.660659 19.631981 0.143929 -0.648245 49.649578 -0.922993 -6.726748 0.353028 -1.511151 -0.031941 20.222803 3.684315 2.316631 18.787285 8e-06 -1e-06 10.751634 -0.479868 1.397906 -0.0 0.0 0.0 3.273808 0.305947 -0.580111 21.486828 11.830383 2.266131 8.16293 0.0 -1e-06 18.39909 -3.798983 -4.940577 3e-06 -2e-06 -1e-06 -1.959682 19.746519 -20.841965 0.27252 0.405528 48.06263 -8.600267 21.254219 -8.622154 1.779034 -2.262213 -0.968603 -0.0 0.0 3e-06 -6.754509 5.701847 -35.80883 0.001839 0.393871 69.964355 6.926532 5.412384 14.815985 -1.461071 0.919612 -1.064833 1e-06 -2e-06 -3e-06
0.0 0.0 0.0 0.0 -0.0 0.0 59.493973 95.736382 76.350792 1.562311 44.041904 -1.105218 0.716056 1.117319 12.389427 -0.180237 3.780509 -0.845745 -3.512319 5.047335 21.252535 -17.070311 9.628795 6.676816 1.683115 10.337897 -3.54488 -6.521859 11.871116 -21.026569 7.7e-05 -2.3e-05 5e-06 0.004849 0.038849 0.015094 0.662071 -3.6671 -10.578012 -0.66178 3.749416 -10.555676 -6.765147 0.955336 20.951506 -66.73114 -5.26364 -27.332764 118.220177 -87.84623 -117.615814 37.048065 -3.62167 -38.966576 -5.882106 9.861286 0.70259 -10.936872 -0.360575 7.15621 0.0 8.774826 -1e-06 -15.726738 17.409092 6.109149 -1.844033 2.498505 -2.507279 -10.1636 4.678946 4.621111 -20.976023 -3e-06 4e-06 -21.226286 2.451698 -3.593999 0.0 -7e-06 -0.0 -1.362681 2.240799 -0.746324 -21.334913 0.58491 3.008327 -13.821213 -2e-06 4e-06 -23.887171 -0.249078 -0.839481 -59.052567 2.471448 -1.260685 -0.294024 1.679687 0.833256 -14.218208 0.093215 1.300583 -34.212048 -0.287561 0.967175 -20.033213 0.964539 1.212846 0.0 0.0 -0.0 -3.440389 0.788233 0.501656 -15.928189 -3.167311 2.999711 -6.338828 -1e-06 1e-06 -18.123447 3.648185 -4.905671 -3e-06 -0.0 -2e-06 -27.216772 26.159506 8.266602 66.390762 41.420544 27.625099 -1.702984 80.088669 -0.770729 -15.565294 -9.298775 24.85244 2.243545 -5.255038 -3.180159 14.282896 -0.826598 6.952503 1e-06 -12.690609 3e-06 16.133066 -17.876148 2.903155 1.665668 -1.955922 -2.878299 4.727801 -4.17059 4.993925 11.020531 1e-06 -3e-06 12.109058 -3.735717 -2.866787 0.0 1e-06 0.0 1.291988 -1.928549 -1.498089 14.800132 0.567466 3.865608 14.242579 -1.341737 -6.660661 19.631973 0.143925 -0.64825 49.731125 -0.944327 -6.769675 0.35303 -1.511151 -0.031941 20.222797 3.684308 2.316628 18.787281 2e-06 -4e-06 10.751631 -0.479869 1.397904 0.0 -0.0 0.0 3.273807 0.305947 -0.58011 21.486816 11.830376 2.266127 8.16293 -2e-06 -1e-06 18.39909 -3.798986 -4.940579 3e-06 -2e-06 -1e-06 -1.489681 19.371872 -19.770861 0.232383 0.359968 48.245293 -9.465895 21.183945 -9.937905 1.775782 -2.234943 -1.061794 -0.0 0.0 3e-06 -7.023693 5.627704 -37.705498 -0.001889 0.44332 64.791336 6.434721 4.447695 12.920528 -1.481203 0.954033 -0.84283 0.0 0.0 -2e-06
0.0 0.0 0.0 0.0 -0.0 0.0 60.73439 95.593475 77.568146 1.463593 44.039104 -1.025136 0.835191 1.073321 12.448146 -0.052923 3.640198 -0.810603 -3.457298 4.88695 21.203358 -17.235989 9.433549 6.245288 1.75738 10.504328 -3.534041 -6.829298 12.153777 -21.008896 7.7e-05 -2.3e-05 6e-06 0.007748 0.034554 0.020766 0.66857 -3.671713 -10.567736 -0.662108 3.744956 -10.544218 -6.993741 0.87217 21.036221 -66.613846 -4.592312 -27.878529 115.124687 -87.755371 -114.509895 37.044682 -2.927942 -40.030891 -5.882109 9.861288 0.702593 -10.936877 -0.360573 7.156208 1e-06 8.77483 1e-06 -15.844069 17.298676 6.04706 -1.844033 2.498505 -2.507278 -10.163602 4.678948 4.621112 -20.976028 -4e-06 2e-06 -21.226292 2.451698 -3.594 0.0 -7e-06 -0.0 -1.362683 2.240798 -0.746324 -21.334921 0.584911 3.008325 -13.821218 -2e-06 2e-06 -23.887178 -0.249077 -0.839483 -59.080189 2.489463 -1.266548 -0.294026 1.679688 0.833257 -14.218214 0.093215 1.300581 -34.212055 -0.287562 0.96717 -20.033218 0.964538 1.212843 1e-06 -0.0 0.0 -3.44039 0.788234 0.501656 -15.928189 -3.16731 2.999707 -6.338828 -0.0 1e-06 -18.123451 3.648185 -4.905672 -3e-06 0.0 -2e-06 -28.106163 26.168709 7.777496 65.819427 41.648849 27.774603 -1.793537 80.962906 -0.853855 -15.657928 -9.60147 24.475353 2.243543 -5.255038 -3.180161 14.282896 -0.826594 6.952504 -3e-06 -12.69061 1e-06 16.191423 -17.863358 2.897438 1.665667 -1.955921 -2.878302 4.7278 -4.170588 4.993926 11.020531 5e-06 -5e-06 12.109056 -3.735714 -2.866787 -1e-06 2e-06 1e-06 1.291986 -1.92855 -1.498091 14.800132 0.56747 3.865607 14.242578 -1.341733 -6.660663 19.631973 0.14393 -0.648246 49.761333 -0.965048 -6.772357 0.353029 -1.511151 -0.031941 20.222803 3.684315 2.316627 18.787283 1e-05 -3e-06 10.751633 -0.479866 1.397906 0.0 1e-06 -0.0 3.273807 0.305947 -0.580112 21.486826 11.830383 2.266129 8.16293 1e-06 -1e-06 18.39909 -3.798983 -4.940579 3e-06 -1e-06 -1e-06 -1.09753 19.086899 -18.59244 0.189963 0.311396 48.263973 -10.36323 21.029991 -11.276582 1.771389 -2.203732 -1.225141 -0.0 0.0 3e-06 -7.16949 5.297201 -39.017014 0.0091 0.475655 58.358707 6.650624 3.999395 12.563274 -1.491438 0.981549 -0.680695 -0.0 -1e-06 -1e-06
0.0 0.0 0.0 0.0 -0.0 0.0 62.053307 95.422852 78.853889 1.512813 43.90279 -0.834398 0.975845 1.022329 12.44594 0.062894 3.53906 -0.814551 -3.41078 4.762351 21.125717 -17.574759 9.349223 5.830031 1.827678 10.595938 -3.497974 -7.113313 12.36789 -20.932514 7.7e-05 -2.2e-05 6e-06 0.012383 0.021481 0.022765 0.679763 -3.685516 -10.563923 -0.663822 3.732553 -10.541877 -7.361555 0.979266 21.162069 -66.621246 -3.953504 -28.44046 110.825089 -87.664597 -110.202827 36.844212 -2.228307 -41.10603 -5.882106 9.86129 0.70259 -10.936874 -0.360577 7.15621 2e-06 8.774831 -2e-06 -15.920679 17.208061 6.055521 -1.844032 2.498505 -2.507279 -10.163604 4.678945 4.621111 -20.976032 -6e-06 3e-06 -21.226295 2.451696 -3.594 0.0 -7e-06 -0.0 -1.36268 2.240799 -0.746324 -21.334923 0.584907 3.008326 -13.821219 -4e-06 3e-06 -23.887182 -0.24908 -0.839481 -59.079353 2.475467 -1.258821 -0.294024 1.679688 0.833256 -14.218215 0.093212 1.300582 -34.212063 -0.287566 0.967175 -20.033222 0.964537 1.212847 2e-06 -0.0 -0.0 -3.440391 0.788233 0.501655 -15.928192 -3.167312 2.999711 -6.338829 -2e-06 1e-06 -18.123455 3.648183 -4.905671 -3e-06 0.0 -2e-06 -29.117199 26.198046 7.261697 65.245789 41.956852 28.248461 -2.966042 81.659317 -1.965864 -15.566491 -9.833237 24.082693 2.243541 -5.255041 -3.180161 14.282902 -0.826593 6.952511 -4e-06 -12.690613 1e-06 16.20826 -17.831646 2.907658 1.665667 -1.955922 -2.878304 4.727805 -4.17059 4.993928 11.020536 3e-06 -1e-06 12.109064 -3.735717 -2.866786 -1e-06 0.0 0.0 1.291983 -1.928549 -1.498091 14.800146 0.567469 3.865614 14.242584 -1.341735 -6.660664 19.631987 0.143926 -0.648243 49.729694 -0.983706 -6.725669 0.353029 -1.511152 -0.031939 20.222813 3.684315 2.316635 18.787291 6e-06 2e-06 10.751637 -0.479872 1.397908 0.0 -0.0 0.0 3.273812 0.305947 -0.580112 21.486835 11.830385 2.266138 8.162937 -1e-06 2e-06 18.399099 -3.798986 -4.940577 3e-06 -2e-06 -1e-06 -0.816466 18.878319 -17.333694 0.155863 0.266681 48.293785 -11.327613 20.768824 -12.468541 1.771753 -2.181953 -1.534382 -0.0 -0.0 3e-06 -7.178693 4.779036 -39.711807 0.022397 0.477994 51.62067 8.205619 4.512515 13.66965 -1.497981 1.008096 -0.643895 0.0 -1e-06 -1e-06
0.0 0.0 0.0 0.0 -0.0 0.0 63.37326 95.210915 80.22525 1.602332 43.713631 -0.643267 1.175458 0.97215 12.404127 0.168427 3.440421 -0.852187 -3.334699 4.680842 21.027805 -18.06818 9.404606 5.474867 1.845181 10.579908 -3.483693 -7.2725 12.472784 -20.758913 7.7e-05 -2.2e-05 6e-06 0.014332 0.014579 0.014685 0.689812 -3.690722 -10.564068 -0.669557 3.724539 -10.549116 -7.751654 1.221631 21.309441 -66.768715 -3.297073 -28.952574 106.687897 -87.486824 -106.061371 36.481472 -1.566152 -42.117092 -5.882103 9.861285 0.70259 -10.936869 -0.360575 7.156208 1e-06 8.774824 -1e-06 -15.941189 17.140242 6.06048 -1.844032 2.498505 -2.507279 -10.163596 4.678944 4.62111 -20.976019 -6e-06 1e-06 -21.226276 2.451695 -3.594 1e-06 -8e-06 -0.0 -1.362681 2.240798 -0.746324 -21.334908 0.584908 3.008325 -13.82121 -3e-06 3e-06 -23.887167 -0.249079 -0.839482 -58.974831 2.442356 -1.266588 -0.294023 1.679687 0.833256 -14.218205 0.093214 1.300581 -34.21204 -0.287564 0.967172 -20.033209 0.964537 1.212845 -1e-06 0.0 1e-06 -3.440387 0.788234 0.501655 -15.928183 -3.16731 2.999709 -6.338825 -1e-06 1e-06 -18.123444 3.648181 -4.90567 -3e-06 -0.0 -2e-06 -30.231653 26.24156 6.756244 64.770744 42.365253 28.957317 -4.586036 82.199432 -3.549248 -15.377625 -9.994028 23.662165 2.243542 -5.255039 -3.180161 14.282896 -0.826595 6.952507 -3e-06 -12.69061 2e-06 16.184883 -17.839018 2.925717 1.665667 -1.955923 -2.878298 4.7278 -4.17059 4.993927 11.020534 6e-06 -1e-06 12.109056 -3.735716 -2.866786 0.0 1e-06 0.0 1.291986 -1.92855 -1.498089 14.800134 0.56747 3.86561 14.242578 -1.341734 -6.660662 19.631975 0.143928 -0.648243 49.644608 -1.02232 -6.675865 0.353028 -1.511151 -0.031938 20.222801 3.684314 2.31663 18.787283 7e-06 -0.0 10.751633 -0.479868 1.397907 0.0 1e-06 0.0 3.273807 0.305947 -0.580111 21.486824 11.830382 2.266132 8.162933 -0.0 0.0 18.399092 -3.798986 -4.940577 3e-06 -3e-06 -1e-06 -0.517879 18.66254 -16.160854 0.143104 0.237374 48.703457 -12.366349 20.383305 -13.12466 1.782296 -2.155817 -2.196704 -0.0 0.0 3e-06 -6.950227 4.212155 -39.876102 0.040475 0.483022 45.619095 11.458796 5.794256 16.179697 -1.485841 1.055363 -0.683593 0.0 0.0 -1e-06
0.0 0.0 0.0 0.0 -0.0 0.0 64.625717 94.949707 81.699303 1.659491 43.510521 -0.559563 1.493828 0.937104 12.354362 0.223069 3.350689 -0.869208 -3.250977 4.587917 20.934828 -18.679586 9.63339 5.229619 1.767265 10.538467 -3.535934 -7.247345 12.48724 -20.397825 7.7e-05 -2.2e-05 5e-06 0.011628 0.01888 -0.003292 0.689315 -3.682966 -10.572415 -0.673776 3.727119 -10.570747 -8.094434 1.540526 21.456408 -66.915161 -2.455374 -29.513968 104.648682 -87.258331 -103.96505 36.00893 -0.837436 -43.273838 -5.882106 9.861284 0.70259 -10.936868 -0.360575 7.156205 0.0 8.774824 -1e-06 -15.892179 17.11783 6.044199 -1.844032 2.498504 -2.507277 -10.163596 4.678944 4.621109 -20.976021 -4e-06 2e-06 -21.226282 2.451696 -3.594 1e-06 -7e-06 -1e-06 -1.36268 2.240798 -0.746323 -21.334908 0.584909 3.008323 -13.82121 -2e-06 2e-06 -23.887165 -0.249078 -0.839483 -58.901367 2.428984 -1.308499 -0.294024 1.679687 0.833256 -14.218205 0.093215 1.300581 -34.212044 -0.287564 0.96717 -20.033209 0.964536 1.212843 1e-06 -0.0 0.0 -3.44039 0.788234 0.501655 -15.928183 -3.167309 2.999707 -6.338825 -1e-06 1e-06 -18.123444 3.648183 -4.90567 -3e-06 0.0 -2e-06 -31.389732 26.313391 6.263785 64.400314 42.929005 29.73863 -5.889943 82.579338 -4.814241 -15.100381 -10.059133 22.83798 2.243545 -5.255038 -3.180159 14.282905 -0.826597 6.952509 -4e-06 -12.69061 2e-06 16.174824 -17.9175 2.917035 1.665667 -1.955922 -2.878301 4.727804 -4.170591 4.993928 11.020535 5e-06 -1e-06 12.10906 -3.735715 -2.866785 -1e-06 0.0 0.0 1.291986 -1.928549 -1.498091 14.800142 0.567468 3.865611 14.242584 -1.341735 -6.660662 19.631985 0.143929 -0.648245 49.535458 -1.061749 -6.674208 0.353029 -1.51115 -0.031941 20.222811 3.684312 2.316632 18.787292 6e-06 1e-06 10.751637 -0.479866 1.397908 0.0 -0.0 0.0 3.27381 0.305946 -0.58011 21.486832 11.830382 2.266135 8.162935 2e-06 0.0 18.399096 -3.798984 -4.940576 3e-06 -1e-06 -1e-06 -0.057979 18.588209 -15.258349 0.142558 0.188063 50.026897 -13.428851 19.650198 -12.473448 1.822608 -2.149707 -3.659907 -0.0 -0.0 2e-06 -6.513714 3.898317 -39.812809 0.053261 0.503824 42.029572 14.652514 7.186768 19.593651 -1.448687 1.052514 -0.632639 -0.0 1e-06 -2e-06
0.0 0.0 0.0 0.0 -0.0 0.0 65.856262 94.580109 83.320801 1.916644 43.572838 -0.625281 1.861229 0.851147 12.475979 0.236196 3.432989 -0.799906 -3.296174 4.21736 20.88254 -19.228706 10.036624 5.122921 1.602379 10.465112 -3.666741 -7.216372 12.416328 -19.852659 7.7e-05 -2.3e-05 5e-06 0.006255 0.04294 -0.004907 0.68279 -3.670913 -10.598014 -0.674809 3.764523 -10.603434 -8.3973 1.882451 21.641748 -66.84024 -1.295761 -30.408091 110.969803 -87.217796 -110.691368 35.429504 -0.172323 -44.747444 -5.882103 9.861284 0.70259 -10.93687 -0.360576 7.156206 2e-06 8.774824 -0.0 -15.737111 16.870106 6.056655 -1.84403 2.498505 -2.507279 -10.163599 4.678942 4.621109 -20.976023 -8e-06 2e-06 -21.226286 2.451691 -3.593999 1e-06 -6e-06 -0.0 -1.36268 2.240798 -0.746324 -21.334913 0.584905 3.008324 -13.821213 -6e-06 2e-06 -23.887167 -0.249084 -0.83948 -58.929035 2.479859 -1.277686 -0.294026 1.679687 0.833256 -14.218207 0.093211 1.30058 -34.212048 -0.287572 0.967174 -20.033213 0.964533 1.212847 2e-06 -0.0 0.0 -3.440388 0.788233 0.501655 -15.928185 -3.167314 2.999707 -6.338826 -3e-06 1e-06 -18.123444 3.648178 -4.905669 -3e-06 0.0 -2e-06 -32.46526 26.424025 6.035841 63.990295 43.647503 29.843494 -5.183796 82.942062 -4.017404 -14.597548 -9.932748 21.999083 2.243543 -5.255038 -3.18016 14.282896 -0.826596 6.952504 -1e-06 -12.690606 2e-06 16.124495 -17.966272 2.941751 1.665667 -1.955922 -2.8783 4.727801 -4.17059 4.993925 11.020533 3e-06 -2e-06 12.109056 -3.735717 -2.866784 0.0 -0.0 0.0 1.291987 -1.92855 -1.498089 14.800134 0.567467 3.865609 14.242579 -1.341736 -6.660658 19.631973 0.143921 -0.648246 49.35519 -1.097504 -6.822816 0.35303 -1.511151 -0.03194 20.222801 3.684305 2.316631 18.787283 3e-06 0.0 10.751632 -0.47987 1.397905 -0.0 0.0 0.0 3.27381 0.305947 -0.58011 21.48682 11.830376 2.26613 8.16293 -2e-06 -1e-06 18.399092 -3.798987 -4.940578 3e-06 -1e-06 -1e-06 0.632269 18.839184 -15.339995 0.097571 0.081707 53.225578 -14.343628 18.514393 -10.125976 1.933151 -2.217435 -6.953587 -0.0 -0.0 3e-06 -6.48594 4.297843 -39.710732 0.048341 0.387762 42.864384 14.263448 8.87188 20.426373 -1.444644 0.939366 -1.272895 -0.0 -0.0 -1e-06
0.0 0.0 0.0 0.0 -0.0 0.0 66.970016 94.22718 84.979271 2.453532 43.712173 -0.719272 2.143177 0.814054 12.733605 0.276029 3.35202 -0.657927 -3.415542 4.07784 20.949932 -19.7376 10.484312 5.276737 1.609485 10.161648 -3.630865 -7.392581 12.331131 -19.635313 7.7e-05 -2.3e-05 5e-06 0.008491 0.04154 0.00914 0.674554 -3.669902 -10.575089 -0.662679 3.762545 -10.595884 -8.422615 2.206728 21.684513 -66.754951 -0.134906 -31.005541 116.497841 -86.719795 -116.339256 35.117794 0.961569 -46.559845 -5.882107 9.861288 0.702593 -10.936873 -0.360572 7.156207 0.0 8.774826 1e-06 -15.683761 16.740097 6.054276 -1.844033 2.498505 -2.507278 -10.163602 4.678948 4.62111 -20.976028 -3e-06 1e-06 -21.226292 2.451699 -3.594002 2e-06 -8e-06 -1e-06 -1.362684 2.240798 -0.746323 -21.334921 0.584912 3.008323 -13.821218 -2e-06 1e-06 -23.887182 -0.249078 -0.839485 -58.848774 2.457772 -1.299888 -0.294026 1.679688 0.833256 -14.218211 0.093216 1.30058 -34.212055 -0.287561 0.967168 -20.033218 0.964538 1.212842 0.0 -0.0 0.0 -3.44039 0.788234 0.501656 -15.928189 -3.167309 2.999707 -6.338828 -0.0 1e-06 -18.123451 3.648185 -4.905671 -3e-06 0.0 -2e-06 -33.298645 26.440048 5.636181 63.431393 44.050476 29.973532 -7.026441 83.562675 -5.889573 -14.254354 -9.75 21.26119 2.243542 -5.255038 -3.180161 14.282898 -0.826593 6.952505 -3e-06 -12.69061 -1e-06 16.044128 -18.029562 2.987558 1.665666 -1.955922 -2.878302 4.727802 -4.170588 4.993927 11.020531 4e-06 -4e-06 12.109058 -3.735713 -2.866788 -1e-06 2e-06 0.0 1.291986 -1.92855 -1.498091 14.800136 0.56747 3.865606 14.24258 -1.341734 -6.660664 19.631977 0.143931 -0.648248 49.504429 -1.114211 -6.732779 0.35303 -1.51115 -0.03194 20.222803 3.684315 2.316628 18.787285 8e-06 -3e-06 10.751634 -0.479865 1.397907 -0.0 1e-06 -0.0 3.273807 0.305948 -0.580114 21.486824 11.830384 2.266131 8.16293 1e-06 -2e-06 18.399092 -3.798985 -4.94058 3e-06 -3e-06 -1e-06 1.522181 19.330538 -17.060497 -0.054011 -0.11237 59.010532 -14.975347 16.629068 -5.65619 2.021247 -2.17902 -9.812137 -0.0 0.0 3e-06 -6.721782 4.87901 -39.415207 0.093323 0.37843 45.995949 12.939145 9.807699 17.060669 -1.45665 0.976239 -1.095843 0.0 0.0 -1e-06
0.0 0.0 0.0 0.0 -0.0 0.0 68.089836 93.808083 86.61348 3.191696 43.873165 -0.826024 2.314129 0.770688 13.121005 0.276229 3.305732 -0.487517 -3.50635 4.048635 21.184605 -20.160463 10.905242 5.549636 1.684844 9.73113 -3.608549 -7.636092 12.209102 -19.569912 7.7e-05 -2.3e-05 5e-06 0.016443 0.009703 0.007364 0.683074 -3.692681 -10.547477 -0.656572 3.722549 -10.579865 -8.412769 2.479568 21.820045 -66.454628 0.708713 -31.885792 122.794754 -86.188438 -122.778252 35.434235 2.167416 -48.559772 -5.882108 9.86129 0.702591 -10.936877 -0.360578 7.156211 2e-06 8.774828 -3e-06 -15.701823 16.65148 6.025103 -1.844031 2.498506 -2.507279 -10.163603 4.678945 4.621111 -20.976027 -5e-06 6e-06 -21.226288 2.451697 -3.593998 2e-06 -7e-06 -1e-06 -1.36268 2.240798 -0.746324 -21.334919 0.584907 3.008329 -13.821215 -3e-06 5e-06 -23.887173 -0.249077 -0.839478 -58.704212 2.520991 -1.274663 -0.294025 1.679688 0.833256 -14.218211 0.093213 1.300583 -34.212059 -0.287564 0.967179 -20.033222 0.964539 1.212848 2e-06 -0.0 -0.0 -3.440391 0.788233 0.501656 -15.928189 -3.167313 2.999713 -6.338827 -2e-06 3e-06 -18.123446 3.648183 -4.905669 -4e-06 0.0 -2e-06 -33.737751 26.419846 5.294967 62.558216 44.165119 29.319599 -8.188048 84.356804 -7.056982 -13.94132 -9.665558 21.04895 2.243545 -5.255037 -3.18016 14.282896 -0.826596 6.952505 1e-06 -12.690608 -0.0 16.079523 -18.049582 2.944064 1.665666 -1.955921 -2.878299 4.7278 -4.17059 4.993926 11.020529 2e-06 -1e-06 12.109058 -3.735718 -2.866785 0.0 -2e-06 0.0 1.291986 -1.928549 -1.49809 14.800132 0.567466 3.86561 14.242577 -1.341739 -6.660659 19.631973 0.143924 -0.648245 49.540646 -1.108204 -6.747231 0.353029 -1.511151 -0.031941 20.222797 3.684306 2.316632 18.787279 2e-06 -1e-06 10.751632 -0.479869 1.397906 0.0 0.0 -0.0 3.273808 0.305947 -0.58011 21.486818 11.830372 2.266137 8.16293 -1e-06 0.0 18.399092 -3.798988 -4.940576 3e-06 -2e-06 -1e-06 2.553349 20.054506 -19.900455 -0.297193 -0.404894 65.541908 -15.263923 14.309153 -0.224841 1.99756 -2.117175 -8.05584 0.0 -0.0 0.0 -7.071466 5.55727 -39.016068 0.08299 0.39425 49.26712 11.267269 10.159831 13.814558 -1.452337 1.017473 -0.919735 0.0 -1e-06 -0.0
0.0 0.0 0.0 0.0 -0.0 0.0 69.239029 93.293167 88.092247 4.044677 43.985641 -0.815513 2.384414 0.710075 13.543679 0.263659 3.305986 -0.343376 -3.577943 4.066913 21.516127 -20.415377 11.239936 5.979011 1.601962 9.416237 -3.621156 -7.781813 12.133105 -19.968609 7.7e-05 -2.3e-05 6e-06 0.015443 -0.01396 -0.003982 0.689202 -3.708399 -10.551184 -0.666271 3.689752 -10.584167 -8.46644 2.802427 21.92387 -66.018494 1.148453 -32.95385 131.146942 -85.844841 -131.257935 35.972862 3.161956 -49.8237 -5.882108 9.861294 0.70259 -10.936877 -0.360576 7.156209 -1e-06 8.774831 -2e-06 -15.507485 16.661591 6.124639 -1.844034 2.498507 -2.507279 -10.163604 4.678948 4.62111 -20.976032 -2e-06 2e-06 -21.226295 2.4517 -3.594004 1e-06 -6e-06 -1e-06 -1.362682 2.2408 -0.746324 -21.334923 0.584911 3.008326 -13.821219 -2e-06 2e-06 -23.887182 -0.249077 -0.839484 -58.41177 2.620761 -1.203594 -0.294025 1.679689 0.833256 -14.218214 0.093216 1.300581 -34.212055 -0.287562 0.967171 -20.033218 0.964538 1.212844 1e-06 -0.0 1e-06 -3.440387 0.788234 0.501656 -15.928192 -3.167312 2.99971 -6.338829 -1e-06 1e-06 -18.123457 3.648188 -4.905675 -4e-06 -0.0 -2e-06 -33.686253 26.295214 5.191314 61.544521 44.235817 28.115242 -7.210519 84.923836 -6.033408 -13.790166 -9.575866 21.132494 2.243543 -5.255038 -3.180158 14.282898 -0.826595 6.952504 -1e-06 -12.690607 2e-06 16.174213 -17.990713 2.829964 1.665667 -1.955922 -2.878299 4.7278 -4.17059 4.993927 11.020534 2e-06 -1e-06 12.109058 -3.735718 -2.866784 0.0 -1e-06 1e-06 1.291986 -1.92855 -1.498089 14.800138 0.567467 3.865609 14.242582 -1.341734 -6.660661 19.631981 0.143923 -0.648247 49.54155 -1.061282 -6.773641 0.353031 -1.511149 -0.031941 20.222801 3.684309 2.31663 18.787283 3e-06 -1e-06 10.751634 -0.479869 1.397906 0.0 1e-06 -0.0 3.273808 0.305946 -0.58011 21.486822 11.830377 2.266132 8.16293 1e-06 -0.0 18.39909 -3.798988 -4.940577 3e-06 -2e-06 -1e-06 3.278702 20.558252 -22.648537 -0.42282 -0.51638 69.245514 -16.268007 11.472066 -0.397857 1.902762 -2.103852 -4.408285 0.0 -0.0 4e-06 -7.557937 6.234006 -38.734489 0.009347 0.383141 52.568645 9.778771 10.23396 10.88199 -1.455979 1.052953 -0.775229 -0.0 1e-06 -1e-06
0.0 0.0 0.0 0.0 -0.0 0.0 70.360535 92.844597 89.299217 4.996366 43.958675 -0.462367 2.349287 0.68057 13.88123 0.2827 3.312244 -0.162833 -3.739342 4.107553 21.930309 -20.634661 11.468252 6.245998 1.379412 9.307408 -3.66103 -7.862833 12.073769 -20.433292 7.7e-05 -2.3e-05 4e-06 0.015469 -0.028858 -0.008822 0.69119 -3.716186 -10.55327 -0.669269 3.666823 -10.576741 -8.65761 3.077731 21.859667 -65.737526 0.991533 -33.884304 137.335266 -85.630089 -137.361038 36.233891 3.575838 -49.823441 -5.882105 9.861292 0.70259 -10.936873 -0.360576 7.15621 2e-06 8.774831 -2e-06 -15.33059 16.717323 6.247301 -1.844032 2.498506 -2.507279 -10.163602 4.678945 4.621111 -20.976027 -6e-06 3e-06 -21.226288 2.451696 -3.594001 -1e-06 -6e-06 -0.0 -1.362679 2.2408 -0.746324 -21.334917 0.584907 3.008326 -13.821215 -4e-06 3e-06 -23.887173 -0.24908 -0.839481 -58.321476 2.598175 -1.193342 -0.294024 1.679688 0.833256 -14.218212 0.093213 1.300582 -34.212055 -0.287566 0.967175 -20.033215 0.964536 1.212847 0.0 -0.0 0.0 -3.440388 0.788233 0.501656 -15.928191 -3.167314 2.999711 -6.338828 -2e-06 2e-06 -18.123449 3.648185 -4.905672 -4e-06 0.0 -2e-06 -33.54668 26.136703 5.313455 60.677795 44.404423 26.640339 -5.311359 85.10643 -4.093054 -13.915062 -9.640065 21.408022 2.243543 -5.255038 -3.180159 14.282904 -0.826598 6.952507 -3e-06 -12.690609 2e-06 16.226635 -17.974463 2.746349 1.665667 -1.955923 -2.878299 4.727803 -4.17059 4.993928 11.020534 2e-06 -0.0 12.109056 -3.735716 -2.866784 0.0 -0.0 0.0 1.291986 -1.928551 -1.498089 14.800139 0.567466 3.865611 14.24258 -1.341735 -6.66066 19.631981 0.143924 -0.648245 49.555458 -1.012961 -6.831358 0.35303 -1.51115 -0.031941 20.222803 3.684309 2.31663 18.787287 3e-06 -1e-06 10.751634 -0.479873 1.397905 -0.0 -1e-06 0.0 3.273809 0.305947 -0.58011 21.486828 11.830379 2.266131 8.162935 0.0 -0.0 18.399096 -3.798987 -4.940578 4e-06 -1e-06 -1e-06 3.065969 21.255112 -25.371859 -0.330229 -0.354138 67.949631 -15.818616 11.665713 -4.20014 1.849989 -2.120628 -2.871729 0.0 1e-06 2e-06 -8.244859 6.745106 -38.741932 -0.027292 0.350027 55.517784 8.769156 10.279038 8.885912 -1.453266 1.028083 -0.807235 0.0 0.0 -1e-06
0.0 0.0 0.0 0.0 -0.0 0.0 71.450592 92.495544 90.232155 5.817143 43.799068 0.129269 2.286939 0.670586 14.104768 0.303077 3.350632 0.048961 -3.923613 4.150987 22.263786 -20.851049 11.541814 6.413714 1.19286 9.357028 -3.70715 -8.004251 11.985373 -20.872292 7.7e-05 -2.3e-05 5e-06 0.009186 -0.013805 -0.006716 0.684544 -3.687541 -10.538258 -0.675529 3.668396 -10.551964 -8.769782 3.284336 21.751925 -65.840622 0.182436 -34.230812 138.576294 -85.514458 -138.41803 36.200401 3.331108 -48.693844 -5.882109 9.861288 0.702591 -10.936878 -0.360576 7.156211 3e-06 8.774828 -1e-06 -15.302278 16.742004 6.300775 -1.844035 2.498505 -2.507279 -10.163607 4.678945 4.621112 -20.976036 -5e-06 5e-06 -21.226301 2.451698 -3.593999 0.0 -7e-06 -0.0 -1.362682 2.240798 -0.746324 -21.334925 0.584908 3.008327 -13.82122 -4e-06 4e-06 -23.887182 -0.249079 -0.83948 -58.372841 2.523304 -1.197866 -0.294022 1.679688 0.833256 -14.218217 0.093213 1.300583 -34.212067 -0.287565 0.967176 -20.033226 0.964538 1.212847 0.0 -0.0 0.0 -3.440391 0.788233 0.501656 -15.928196 -3.167312 2.999711 -6.338831 -2e-06 2e-06 -18.123459 3.648183 -4.905671 -4e-06 -0.0 -2e-06 -33.610687 25.982384 5.511528 60.160923 44.574654 25.317947 -5.583504 85.013435 -4.415488 -14.250091 -9.984153 21.886217 2.243541 -5.255039 -3.180159 14.282896 -0.826595 6.952507 -3e-06 -12.690609 -1e-06 16.232521 -17.973967 2.718807 1.665665 -1.955922 -2.8783 4.727798 -4.170587 4.993926 11.020529 3e-06 -1e-06 12.109056 -3.735717 -2.866783 0.0 -0.0 0.0 1.291985 -1.928549 -1.498091 14.800138 0.567469 3.86561 14.242577 -1.341738 -6.660658 19.631973 0.143924 -0.648243 49.587334 -1.047906 -6.858033 0.353028 -1.511149 -0.031941 20.222799 3.684312 2.316633 18.787283 5e-06 1e-06 10.751634 -0.47987 1.397908 -0.0 -1e-06 0.0 3.273807 0.305946 -0.58011 21.486824 11.83038 2.266138 8.162931 -1e-06 1e-06 18.39909 -3.798986 -4.940574 3e-06 -1e-06 -1e-06 2.067635 22.200796 -27.909922 -0.147682 -0.179577 62.666637 -13.9624 14.781663 -7.273932 1.808164 -2.158602 -2.043846 -0.0 -0.0 3e-06 -8.968772 7.030084 -39.039219 -0.052204 0.310258 57.984795 8.291569 10.485133 7.784245 -1.445374 0.968872 -0.981937 0.0 0.0 -2e-06
0.0 0.0 0.0 0.0 -0.0 0.0 72.519699 92.20536 90.938721 6.402319 43.569847 0.727249 2.257881 0.631546 14.254321 0.34456 3.358879 0.247935 -4.102544 4.227784 22.463802 -21.090143 11.507416 6.539232 1.134268 9.530387 -3.739694 -8.265796 11.914529 -21.319363 7.7e-05 -2.3e-05 5e-06 -0.004301 0.023839 0.002492 0.678089 -3.636596 -10.51829 -0.695963 3.692797 -10.527752 -8.782018 3.433909 21.757311 -66.266106 -1.016234 -34.238205 137.75766 -85.527229 -137.549377 36.116642 2.630403 -47.084049 -5.882109 9.86129 0.70259 -10.936873 -0.360575 7.156212 1e-06 8.77483 -1e-06 -15.307955 16.700888 6.281343 -1.844031 2.498506 -2.50728 -10.163601 4.678946 4.621113 -20.97603 -5e-06 3e-06 -21.226292 2.451697 -3.594001 1e-06 -6e-06 -0.0 -1.362682 2.240799 -0.746324 -21.334921 0.584909 3.008327 -13.821217 -3e-06 3e-06 -23.887175 -0.249079 -0.839481 -58.390392 2.466352 -1.173832 -0.294025 1.679688 0.833257 -14.218214 0.093214 1.300582 -34.212063 -0.287564 0.967174 -20.03322 0.964538 1.212846 1e-06 -0.0 -0.0 -3.44039 0.788233 0.501657 -15.928189 -3.167311 2.999711 -6.338828 -1e-06 2e-06 -18.123447 3.648184 -4.905672 -4e-06 0.0 -2e-06 -33.890995 25.795193 5.624425 60.101669 44.629639 24.199629 -6.351696 84.947586 -5.265237 -14.53357 -10.307147 22.392319 2.243543 -5.255039 -3.180161 14.282902 -0.826596 6.952509 -2e-06 -12.690609 1e-06 16.239202 -17.960289 2.721854 1.665669 -1.955923 -2.8783 4.727801 -4.170589 4.993927 11.020536 4e-06 -2e-06 12.109059 -3.735717 -2.866785 0.0 -0.0 0.0 1.291986 -1.92855 -1.49809 14.800139 0.567469 3.865608 14.242581 -1.341734 -6.660662 19.631985 0.143926 -0.648244 49.632248 -1.164167 -6.87973 0.35303 -1.51115 -0.031941 20.222805 3.68431 2.316632 18.787291 5e-06 -1e-06 10.751637 -0.47987 1.397907 0.0 1e-06 0.0 3.273811 0.305947 -0.580111 21.486834 11.830381 2.266132 8.162935 0.0 -1e-06 18.399099 -3.798984 -4.940578 3e-06 -1e-06 -1e-06 0.705114 23.189995 -29.940777 0.02797 -0.063724 56.014866 -11.262027 18.379194 -8.695553 1.767583 -2.20872 -1.581392 -0.0 -0.0 1e-06 -9.64061 7.257085 -39.44492 -0.074337 0.278468 60.031216 8.143831 10.841376 7.193005 -1.444212 0.92474 -1.138355 0.0 0.0 -1e-06
0.0 0.0 0.0 0.0 -0.0 0.0 73.594696 91.91758 91.503136 6.618149 43.272602 1.031101 2.313603 0.556221 14.344719 0.413265 3.354186 0.398689 -4.17701 4.292899 22.587139 -21.346584 11.48821 6.629807 1.109164 9.750705 -3.74808 -8.550364 11.949539 -21.764629 7.7e-05 -2.2e-05 6e-06 -0.001361 0.016865 0.020576 0.695776 -3.635748 -10.500861 -0.707685 3.679054 -10.511462 -8.717676 3.655606 21.775896 -66.932983 -2.269975 -34.142155 137.199677 -85.721901 -137.013016 36.056789 1.793282 -45.627441 -5.882107 9.86129 0.702593 -10.93687 -0.360572 7.156208 0.0 8.77483 3e-06 -15.272458 16.62748 6.239839 -1.844032 2.498505 -2.507279 -10.163599 4.678949 4.621111 -20.976023 -2e-06 -1e-06 -21.226288 2.451699 -3.594004 1e-06 -5e-06 -0.0 -1.362683 2.240799 -0.746323 -21.334913 0.584913 3.008323 -13.821214 -2e-06 1e-06 -23.887169 -0.249077 -0.839486 -58.365574 2.452126 -1.124144 -0.294025 1.679688 0.833257 -14.218209 0.093217 1.300581 -34.212048 -0.28756 0.967167 -20.033215 0.964539 1.212842 0.0 0.0 0.0 -3.440388 0.788234 0.501657 -15.928185 -3.167309 2.999707 -6.338826 -0.0 0.0 -18.123447 3.648187 -4.905673 -5e-06 0.0 -2e-06 -34.312611 25.604647 5.567157 60.506454 44.496452 23.243822 -4.65567 85.076225 -3.66977 -14.755363 -10.450007 22.907688 2.243544 -5.255037 -3.180161 14.282896 -0.826598 6.952504 -2e-06 -12.690609 2e-06 16.252064 -17.907389 2.718954 1.665668 -1.955922 -2.8783 4.727799 -4.170591 4.993929 11.020534 2e-06 -5e-06 12.109059 -3.735716 -2.866789 -0.0 -1e-06 -0.0 1.291987 -1.928551 -1.498089 14.800132 0.567466 3.865605 14.242582 -1.341734 -6.660666 19.631975 0.143928 -0.648251 49.55534 -1.233138 -6.869101 0.35303 -1.511151 -0.031941 20.222801 3.684309 2.316625 18.787283 4e-06 -6e-06 10.751633 -0.479867 1.397904 -0.0 0.0 0.0 3.273807 0.305947 -0.580111 21.48682 11.830379 2.266127 8.162933 0.0 -3e-06 18.39909 -3.798985 -4.940581 3e-06 -3e-06 -1e-06 -0.481161 24.06531 -31.165781 0.101819 -0.014667 50.449635 -8.443775 20.854116 -8.150144 1.738976 -2.23415 -0.893739 0.0 -0.0 2e-06 -10.081315 7.527503 -39.741035 -0.073637 0.291864 61.786697 8.017576 11.282251 6.783346 -1.44666 0.897906 -1.298453 0.0 1e-06 -0.0
0.0 0.0 0.0 0.0 -0.0 0.0 74.626923 91.555557 91.958061 6.275562 43.087421 0.817776 2.518961 0.423305 14.451052 0.413672 3.424713 0.475909 -3.961901 4.167026 22.560894 -21.611113 11.580116 6.937792 1.219061 9.913747 -3.69488 -8.855206 12.176536 -22.329754 7.7e-05 -2.2e-05 5e-06 0.046814 -0.108787 0.02198 0.746938 -3.751956 -10.505222 -0.663823 3.544914 -10.525012 -8.587443 4.025829 21.830915 -67.737244 -3.483803 -33.398129 130.598145 -85.531387 -130.24173 35.836681 0.998031 -44.422016 -5.882108 9.86129 0.702591 -10.936875 -0.360576 7.15621 2e-06 8.77483 -1e-06 -15.088758 16.579626 6.294585 -1.844031 2.498505 -2.507279 -10.163603 4.678946 4.621112 -20.97603 -7e-06 4e-06 -21.226295 2.451698 -3.593999 0.0 -6e-06 -0.0 -1.362681 2.240799 -0.746323 -21.334923 0.584907 3.008327 -13.821218 -4e-06 3e-06 -23.887178 -0.24908 -0.83948 -58.062714 2.546632 -1.07504 -0.294023 1.679688 0.833257 -14.218213 0.093213 1.300582 -34.212055 -0.287568 0.967175 -20.03322 0.964537 1.212848 1e-06 -0.0 -0.0 -3.440389 0.788233 0.501656 -15.928191 -3.167313 2.99971 -6.338829 -2e-06 1e-06 -18.123451 3.648184 -4.905671 -5e-06 -0.0 -2e-06 -34.551197 25.537714 5.527619 61.096458 44.107319 22.678272 -4.774225 85.279922 -3.966522 -14.956243 -10.397862 22.691986 2.243546 -5.255041 -3.180161 14.282904 -0.826594 6.95251 -2e-06 -12.690612 2e-06 16.250795 -17.907457 2.657592 1.665667 -1.955922 -2.878302 4.727805 -4.170591 4.993928 11.020537 4e-06 -1e-06 12.10906 -3.735717 -2.866785 -0.0 1e-06 -1e-06 1.291987 -1.928551 -1.498089 14.800142 0.567468 3.865612 14.242584 -1.341735 -6.660663 19.631985 0.143927 -0.648246 49.470024 -1.234746 -6.915521 0.35303 -1.511152 -0.031939 20.222809 3.684313 2.316634 18.787289 4e-06 0.0 10.751636 -0.47987 1.397908 -0.0 1e-06 0.0 3.273808 0.305947 -0.58011 21.486834 11.830381 2.266134 8.162937 0.0 -1e-06 18.399097 -3.798986 -4.940578 3e-06 -2e-06 -1e-06 -0.918567 24.643648 -31.493839 0.044303 -0.034232 48.143757 -5.825499 22.326414 -7.169644 1.703794 -2.136487 0.487136 0.0 0.0 2e-06 -10.103368 7.808941 -39.751968 -0.04933 0.298602 63.196518 7.584797 11.766131 5.932394 -1.441361 0.866489 -1.445857 0.0 0.0 -1e-06
0.0 0.0 0.0 0.0 -0.0 0.0 75.669548 91.376846 92.430717 5.924116 43.112976 0.478708 2.562617 0.373305 14.555569 0.370786 3.424363 0.46774 -3.629353 4.031889 22.617424 -21.557444 11.685592 7.260365 1.22279 10.097418 -3.714792 -9.064436 12.377762 -22.916468 7.7e-05 -2.3e-05 5e-06 0.042987 -0.090281 0.02454 0.739659 -3.730411 -10.498432 -0.664452 3.560368 -10.517373 -8.329964 4.143929 21.77203 -68.310158 -4.303189 -33.049126 128.96196 -85.672058 -128.596268 35.942528 0.170255 -43.362152 -5.882111 9.861293 0.702592 -10.936877 -0.360574 7.156213 0.0 8.774831 -1e-06 -15.147335 16.673323 6.292495 -1.844034 2.498507 -2.50728 -10.163605 4.67895 4.621115 -20.976038 -2e-06 2e-06 -21.226303 2.451701 -3.594004 1e-06 -5e-06 -0.0 -1.362684 2.2408 -0.746324 -21.334929 0.584912 3.008327 -13.821223 -1e-06 2e-06 -23.887186 -0.249076 -0.839485 -58.243935 2.569386 -1.064052 -0.294025 1.679689 0.833257 -14.218217 0.093216 1.300583 -34.212067 -0.28756 0.967171 -20.033224 0.96454 1.212844 1e-06 0.0 0.0 -3.44039 0.788234 0.501657 -15.928196 -3.16731 2.999712 -6.338831 -0.0 2e-06 -18.123459 3.648188 -4.905674 -3e-06 -0.0 -2e-06 -34.321663 25.422956 5.675169 61.408039 43.591557 21.931385 -3.347274 85.61367 -2.544168 -14.907392 -10.433765 22.500792 2.243541 -5.255037 -3.180158 14.282894 -0.826596 6.952503 -1e-06 -12.690605 -1e-06 16.208441 -17.888596 2.670225 1.665666 -1.955921 -2.8783 4.7278 -4.170588 4.993925 11.020528 2e-06 -2e-06 12.109055 -3.735716 -2.866784 -0.0 -1e-06 -1e-06 1.291986 -1.92855 -1.498089 14.800129 0.567467 3.865611 14.242574 -1.341737 -6.660656 19.631969 0.143926 -0.648243 49.457932 -1.154643 -6.940743 0.35303 -1.511152 -0.03194 20.222792 3.684309 2.31663 18.787273 5e-06 -1e-06 10.75163 -0.479869 1.397906 -0.0 1e-06 0.0 3.273808 0.305947 -0.58011 21.486818 11.830377 2.266134 8.16293 -1e-06 -0.0 18.399088 -3.798987 -4.940576 3e-06 -1e-06 -1e-06 -0.561989 24.674179 -31.122332 0.079263 -0.036716 49.314354 -6.368889 22.538975 -8.682368 1.683854 -2.160933 1.219063 0.0 -0.0 2e-06 -10.074421 8.094303 -39.443031 -0.007389 0.358258 64.438393 7.199083 11.868782 5.866989 -1.448406 0.885098 -1.762649 0.0 -1e-06 -1e-06
0.0 0.0 0.0 0.0 -0.0 0.0 76.642067 91.206635 92.847687 5.634603 43.207394 0.203678 2.539865 0.382834 14.591364 0.336834 3.391909 0.472483 -3.443533 3.894223 22.731621 -21.467146 11.735447 7.417133 1.286518 10.293346 -3.722703 -9.193299 12.677086 -23.388319 7.7e-05 -2.2e-05 6e-06 0.039933 -0.08002 0.021535 0.731138 -3.720261 -10.489743 -0.662106 3.571378 -10.508442 -8.093227 4.140768 21.65661 -68.639153 -5.008524 -32.763588 129.292297 -85.655396 -128.788254 36.120956 -0.250102 -42.331188 -5.882109 9.861295 0.702591 -10.936878 -0.360576 7.156213 2e-06 8.774835 -2e-06 -15.226357 16.734026 6.285089 -1.844032 2.498507 -2.50728 -10.163605 4.678948 4.621113 -20.976038 -6e-06 3e-06 -21.226301 2.451698 -3.594002 2e-06 -6e-06 -1e-06 -1.362682 2.2408 -0.746324 -21.334929 0.584908 3.008327 -13.821223 -4e-06 4e-06 -23.887186 -0.249081 -0.839482 -58.430843 2.55418 -1.070114 -0.294026 1.679688 0.833256 -14.218217 0.093214 1.300583 -34.212067 -0.287566 0.967175 -20.033226 0.964537 1.212847 2e-06 0.0 -0.0 -3.44039 0.788233 0.501656 -15.928198 -3.167314 2.999712 -6.33883 -2e-06 2e-06 -18.123459 3.648185 -4.905674 -4e-06 -0.0 -2e-06 -34.07766 25.279222 5.781944 61.687668 43.045944 21.387163 -3.140388 85.890343 -2.393963 -14.903333 -10.384021 22.698477 2.243545 -5.255041 -3.180163 14.282907 -0.826598 6.952511 -2e-06 -12.690612 3e-06 16.144857 -17.866678 2.731721 1.665669 -1.955924 -2.878303 4.727804 -4.170591 4.993931 11.020538 5e-06 -2e-06 12.109065 -3.735718 -2.866787 -0.0 1e-06 1e-06 1.29199 -1.92855 -1.498091 14.800142 0.567466 3.865613 14.242587 -1.341736 -6.660665 19.631989 0.143927 -0.648247 49.467712 -1.112599 -6.912779 0.353027 -1.511151 -0.031941 20.222809 3.684312 2.316631 18.787291 5e-06 -1e-06 10.751639 -0.479868 1.397907 -0.0 0.0 0.0 3.273809 0.305948 -0.580113 21.486834 11.830382 2.266135 8.162936 1e-06 -1e-06 18.399103 -3.798988 -4.94058 3e-06 -2e-06 -1e-06 -0.27603 24.545937 -30.85301 0.093706 -0.036252 50.493217 -6.984933 22.543476 -9.935713 1.673091 -2.178769 1.554305 0.0 0.0 2e-06 -10.088797 8.321532 -39.047897 0.028683 0.407631 65.399734 6.966842 11.931668 5.54194 -1.452171 0.895635 -2.022824 0.0 0.0 -1e-06
0.0 0.0 0.0 0.0 -0.0 0.0 77.556488 91.064781 93.242661 5.365705 43.325405 0.015426 2.460955 0.418515 14.577099 0.308359 3.340234 0.475266 -3.38068 3.799033 22.801983 -21.366501 11.784914 7.529047 1.354599 10.544265 -3.719873 -9.221051 12.943434 -23.778807 7.7e-05 -2.2e-05 6e-06 0.033623 -0.062253 0.024385 0.719114 -3.702413 -10.47539 -0.662717 3.589757 -10.49549 -7.88959 4.084201 21.464695 -68.815445 -5.588242 -32.693047 132.038483 -85.624489 -131.483261 36.24881 -0.504375 -41.322414 -5.882108 9.86129 0.70259 -10.936875 -0.360575 7.156209 -0.0 8.774829 -2e-06 -15.257912 16.78956 6.282868 -1.844035 2.498506 -2.507279 -10.163604 4.678947 4.621111 -20.976032 -2e-06 1e-06 -21.226295 2.4517 -3.594004 2e-06 -7e-06 -0.0 -1.362682 2.240799 -0.746324 -21.334921 0.584911 3.008325 -13.821217 -2e-06 2e-06 -23.887175 -0.249078 -0.839484 -58.535439 2.53457 -1.085193 -0.294023 1.679688 0.833256 -14.218215 0.093215 1.300581 -34.212063 -0.287563 0.96717 -20.03322 0.964538 1.212844 -1e-06 0.0 -0.0 -3.440389 0.788234 0.501656 -15.928192 -3.16731 2.99971 -6.338829 -1e-06 2e-06 -18.123453 3.648185 -4.905673 -5e-06 0.0 -2e-06 -33.878551 25.128727 5.776126 61.980278 42.455276 21.127817 -4.08751 86.144051 -3.363183 -14.907702 -10.431446 23.196718 2.243542 -5.255035 -3.180157 14.282887 -0.826595 6.9525 -1e-06 -12.6906 1e-06 16.093645 -17.840063 2.783719 1.665666 -1.955922 -2.878299 4.727797 -4.170588 4.993926 11.020526 2e-06 -4e-06 12.109048 -3.735714 -2.866785 -0.0 0.0 1e-06 1.291986 -1.928549 -1.498092 14.800125 0.567467 3.865606 14.242568 -1.341735 -6.660661 19.63196 0.143929 -0.648248 49.437763 -1.097675 -6.886036 0.353028 -1.51115 -0.03194 20.222786 3.684309 2.316627 18.78727 5e-06 -2e-06 10.751625 -0.479868 1.397906 0.0 -0.0 0.0 3.273808 0.305947 -0.580111 21.486809 11.830371 2.266129 8.162924 1e-06 -1e-06 18.399076 -3.798982 -4.940576 3e-06 -2e-06 -1e-06 -0.038408 24.363718 -30.55077 0.096447 -0.025848 51.360222 -7.547518 22.563034 -11.220605 1.673054 -2.197795 1.7268 0.0 -0.0 2e-06 -10.112529 8.457848 -38.63821 0.049823 0.428344 66.122749 6.805789 11.986917 5.076162 -1.450868 0.89006 -2.278881 0.0 0.0 -2e-06
0.0 0.0 0.0 0.0 -0.0 0.0 78.441032 90.963676 93.660568 5.081546 43.449932 -0.123443 2.344422 0.454029 14.532416 0.278659 3.2928 0.463004 -3.396029 3.740835 22.808863 -21.269037 11.83206 7.64498 1.435256 10.813705 -3.70001 -9.232906 13.209605 -24.151573 7.7e-05 -2.3e-05 6e-06 0.029555 -0.054459 0.02864 0.714224 -3.696144 -10.470068 -0.665963 3.59971 -10.492193 -7.709341 4.018615 21.280516 -68.88736 -6.06634 -32.646652 134.988327 -85.539368 -134.465088 36.303139 -0.712306 -40.403473 -5.882109 9.861293 0.702593 -10.93688 -0.360574 7.156214 0.0 8.774831 -0.0 -15.294253 16.839603 6.261705 -1.844033 2.498506 -2.50728 -10.16361 4.67895 4.621116 -20.97604 -2e-06 4e-06 -21.226301 2.4517 -3.594001 2e-06 -6e-06 -1e-06 -1.362684 2.2408 -0.746324 -21.33493 0.584911 3.00833 -13.821223 -2e-06 5e-06 -23.887188 -0.249076 -0.839482 -58.574474 2.524329 -1.124718 -0.294025 1.679689 0.833256 -14.21822 0.093216 1.300584 -34.212078 -0.287559 0.967175 -20.03323 0.964541 1.212846 -0.0 0.0 -0.0 -3.440392 0.788234 0.501657 -15.928201 -3.167311 2.999712 -6.338832 -1e-06 2e-06 -18.123461 3.648188 -4.905673 -4e-06 0.0 -2e-06 -33.716637 24.986757 5.694663 62.254471 41.839577 21.056578 -5.656473 86.436905 -4.919063 -14.929312 -10.512562 23.580969 2.243543 -5.255041 -3.18016 14.282908 -0.826595 6.95251 -1e-06 -12.690618 0.0 16.061312 -17.816221 2.803036 1.66567 -1.955923 -2.878301 4.727805 -4.170591 4.993928 11.020541 4e-06 -2e-06 12.109068 -3.735717 -2.866787 -0.0 1e-06 1e-06 1.291987 -1.928551 -1.49809 14.800146 0.567469 3.865611 14.242592 -1.341736 -6.660667 19.631992 0.143927 -0.648246 49.426544 -1.095059 -6.871999 0.353028 -1.511152 -0.031939 20.22282 3.684313 2.31663 18.7873 6e-06 -2e-06 10.751643 -0.47987 1.397907 0.0 -1e-06 0.0 3.273811 0.305948 -0.580112 21.486843 11.830392 2.266133 8.162938 -1e-06 -2e-06 18.399105 -3.798986 -4.940582 3e-06 -3e-06 -1e-06 0.208897 24.144041 -30.19861 0.099995 -0.005648 51.991871 -8.091048 22.611061 -12.489664 1.674475 -2.219964 1.883162 0.0 -0.0 2e-06 -10.098051 8.560648 -38.189354 0.059738 0.434475 66.653908 6.716466 12.030714 4.553979 -1.448551 0.884989 -2.511772 0.0 0.0 -0.0
0.0 0.0 0.0 0.0 -0.0 0.0 79.286079 90.907913 94.103539 4.751393 43.555611 -0.238347 2.198846 0.488233 14.465292 0.241225 3.252532 0.432598 -3.460782 3.729887 22.765915 -21.189318 11.869671 7.754556 1.524792 11.083858 -3.683194 -9.226181 13.468223 -24.452347 7.7e-05 -2.2e-05 5e-06 0.028975 -0.060764 0.03114 0.714787 -3.705536 -10.477232 -0.667533 3.596528 -10.499161 -7.598279 3.939275 21.088467 -68.823517 -6.432817 -32.623611 137.638382 -85.424225 -137.160858 36.324284 -0.84 -39.765453 -5.882111 9.861292 0.702592 -10.936878 -0.360574 7.156213 -0.0 8.774831 -0.0 -15.341239 16.867325 6.228842 -1.844033 2.498506 -2.507281 -10.163607 4.678948 4.621114 -20.976038 -3e-06 2e-06 -21.226301 2.451698 -3.594003 0.0 -6e-06 -0.0 -1.362683 2.2408 -0.746324 -21.334929 0.584911 3.008327 -13.821222 -2e-06 2e-06 -23.887184 -0.249077 -0.839484 -58.588577 2.522307 -1.142476 -0.294026 1.679688 0.833256 -14.218219 0.093216 1.300583 -34.212074 -0.287562 0.967173 -20.033226 0.964539 1.212844 0.0 0.0 -0.0 -3.440391 0.788234 0.501656 -15.928194 -3.167311 2.99971 -6.33883 -1e-06 2e-06 -18.123457 3.648186 -4.905674 -4e-06 1e-06 -2e-06 -33.508808 24.844465 5.614892 62.453503 41.282944 21.102552 -7.533836 86.707764 -6.759799 -14.965501 -10.596181 23.927219 2.243544 -5.255042 -3.180161 14.282907 -0.826592 6.95251 -4e-06 -12.690618 0.0 16.062212 -17.796499 2.795462 1.665667 -1.955924 -2.8783 4.727806 -4.170592 4.993927 11.020543 6e-06 -2e-06 12.109068 -3.735716 -2.866787 -0.0 0.0 0.0 1.291987 -1.928551 -1.498092 14.800144 0.567472 3.865611 14.24259 -1.341734 -6.660666 19.631992 0.143928 -0.648244 49.438354 -1.082391 -6.881701 0.353031 -1.511152 -0.03194 20.222818 3.684318 2.316631 18.787298 1e-05 -1e-06 10.751643 -0.479866 1.397908 -0.0 1e-06 0.0 3.27381 0.305948 -0.580113 21.486843 11.830395 2.266135 8.162938 2e-06 -1e-06 18.399103 -3.798981 -4.940581 3e-06 -3e-06 -1e-06 0.493628 23.948166 -29.854568 0.107731 0.014149 52.500057 -8.583231 22.688745 -13.596736 1.674959 -2.227821 2.022968 0.0 0.0 2e-06 -10.00691 8.616999 -37.71479 0.064605 0.438246 67.000526 6.587829 12.015868 4.004627 -1.445192 0.880077 -2.75988 0.0 0.0 -0.0
0.0 0.0 0.0 0.0 -0.0 0.0 80.071617 90.899681 94.542358 4.392678 43.613319 -0.311453 2.02642 0.529183 14.367873 0.190496 3.229868 0.39479 -3.577341 3.760807 22.67996 -21.130585 11.891706 7.828033 1.602974 11.337942 -3.66355 -9.174675 13.723966 -24.680134 7.7e-05 -2.3e-05 6e-06 0.031324 -0.075532 0.03614 0.716055 -3.724327 -10.486909 -0.663865 3.585636 -10.507613 -7.566263 3.847374 20.890982 -68.646202 -6.736649 -32.710808 140.027878 -85.356667 -139.58194 36.335838 -0.95106 -39.393353 -5.882107 9.861292 0.702591 -10.936877 -0.360578 7.156214 2e-06 8.774831 -2e-06 -15.399261 16.913702 6.207794 -1.844031 2.498506 -2.50728 -10.163604 4.678946 4.621114 -20.97603 -5e-06 5e-06 -21.226292 2.451697 -3.593999 1e-06 -7e-06 -0.0 -1.362681 2.240799 -0.746323 -21.334925 0.584907 3.00833 -13.821219 -4e-06 6e-06 -23.887182 -0.249078 -0.839477 -58.620571 2.523456 -1.130505 -0.294024 1.679688 0.833256 -14.218214 0.093213 1.300584 -34.212063 -0.287564 0.96718 -20.033222 0.96454 1.21285 1e-06 0.0 0.0 -3.44039 0.788233 0.501656 -15.928194 -3.167314 2.999715 -6.338829 -2e-06 3e-06 -18.123451 3.648185 -4.90567 -3e-06 1e-06 -2e-06 -33.229488 24.690275 5.561796 62.628014 40.839035 21.256632 -9.201615 86.905663 -8.365896 -15.110942 -10.620459 24.20097 2.243545 -5.255042 -3.180163 14.282911 -0.826597 6.952511 -0.0 -12.690616 0.0 16.095257 -17.797174 2.782156 1.665669 -1.955922 -2.878303 4.727806 -4.170592 4.99393 11.02054 2e-06 -2e-06 12.109066 -3.735719 -2.866788 -0.0 0.0 1e-06 1.291986 -1.92855 -1.498094 14.800146 0.567468 3.865612 14.24259 -1.341737 -6.660666 19.631992 0.143926 -0.648248 49.473957 -1.064921 -6.888207 0.35303 -1.511152 -0.03194 20.222815 3.684311 2.316633 18.787296 5e-06 -1e-06 10.75164 -0.47987 1.397907 -1e-06 1e-06 0.0 3.27381 0.305947 -0.580111 21.486837 11.830384 2.266135 8.162937 0.0 -1e-06 18.399105 -3.798987 -4.940581 3e-06 -3e-06 -1e-06 0.78757 23.776585 -29.556728 0.129526 0.040213 52.89637 -8.998874 22.746 -14.485194 1.675557 -2.218014 2.096346 0.0 0.0 2e-06 -9.863983 8.636868 -37.270981 0.071097 0.444088 67.179733 6.460348 11.923031 3.51567 -1.444478 0.881422 -2.991816 -0.0 1e-06 -0.0
0.0 0.0 0.0 0.0 -0.0 0.0 80.824966 90.940979 94.981003 4.006924 43.607174 -0.344313 1.83801 0.568 14.231711 0.125138 3.225497 0.35039 -3.739547 3.81298 22.570829 -21.095894 11.880076 7.825966 1.673916 11.616816 -3.642284 -9.116151 13.973127 -24.842882 7.7e-05 -2.2e-05 5e-06 0.031647 -0.081621 0.043791 0.713685 -3.734224 -10.491348 -0.660623 3.583278 -10.509625 -7.615134 3.765317 20.701805 -68.389816 -7.022774 -32.933449 142.292343 -85.303307 -141.847092 36.282059 -1.016467 -39.289753 -5.882106 9.861286 0.70259 -10.936869 -0.360574 7.156206 -0.0 8.774826 -1e-06 -15.479795 16.966887 6.186091 -1.844034 2.498505 -2.507279 -10.163599 4.678946 4.62111 -20.976023 -3e-06 1e-06 -21.226288 2.451696 -3.594003 1e-06 -5e-06 -0.0 -1.36268 2.240798 -0.746323 -21.334909 0.58491 3.008324 -13.821213 -3e-06 1e-06 -23.887167 -0.249078 -0.839484 -58.657978 2.512096 -1.102266 -0.294026 1.679687 0.833256 -14.218206 0.093215 1.30058 -34.212044 -0.287563 0.967169 -20.033215 0.964537 1.212843 1e-06 0.0 0.0 -3.440388 0.788234 0.501655 -15.928183 -3.167309 2.999708 -6.338825 -1e-06 1e-06 -18.123444 3.648185 -4.905673 -3e-06 -0.0 -2e-06 -32.934738 24.550709 5.516469 62.854866 40.508167 21.526239 -10.462074 87.024811 -9.547708 -15.317502 -10.579626 24.452677 2.243545 -5.255039 -3.180159 14.282902 -0.826597 6.952507 -1e-06 -12.69061 2e-06 16.118263 -17.811443 2.779622 1.665666 -1.955922 -2.878299 4.727802 -4.170591 4.993929 11.020535 3e-06 -2e-06 12.109058 -3.735718 -2.866784 0.0 -0.0 0.0 1.291986 -1.92855 -1.49809 14.800139 0.567467 3.86561 14.242579 -1.341735 -6.660661 19.631979 0.143926 -0.648245 49.487495 -1.046218 -6.902355 0.353029 -1.511151 -0.031941 20.222805 3.68431 2.316631 18.787285 4e-06 -3e-06 10.751635 -0.47987 1.397905 0.0 -0.0 0.0 3.27381 0.305946 -0.58011 21.486824 11.830379 2.266131 8.162933 -1e-06 0.0 18.399092 -3.798986 -4.940577 3e-06 -3e-06 -1e-06 1.0875 23.613543 -29.287876 0.161279 0.069795 53.193607 -9.382302 22.810982 -15.190955 1.677634 -2.201415 2.101299 0.0 0.0 2e-06 -9.688937 8.610575 -36.87254 0.077019 0.444546 67.244911 6.28544 11.806517 3.187875 -1.441888 0.875337 -3.263524 0.0 0.0 -0.0
0.0 0.0 0.0 0.0 -0.0 0.0 81.599083 91.021255 95.447083 3.607718 43.568882 -0.35653 1.647004 0.619955 14.071604 0.055762 3.231345 0.3023 -3.918041 3.860741 22.431374 -21.079649 11.848215 7.774652 1.736877 11.891283 -3.622118 -9.032836 14.19693 -24.981678 7.7e-05 -2.3e-05 5e-06 0.028374 -0.072569 0.051075 0.7079 -3.728873 -10.490719 -0.661107 3.595881 -10.506934 -7.702684 3.700532 20.493084 -68.121094 -7.270237 -33.210068 143.974792 -85.26931 -143.506531 36.156719 -1.081912 -39.290508 -5.88211 9.861292 0.70259 -10.936876 -0.360574 7.156212 -0.0 8.77483 -0.0 -15.551476 17.01627 6.161019 -1.844032 2.498507 -2.507279 -10.163605 4.678948 4.621113 -20.976034 -2e-06 2e-06 -21.226301 2.451699 -3.594003 2e-06 -6e-06 -0.0 -1.362682 2.240799 -0.746324 -21.334923 0.584911 3.008327 -13.821219 -2e-06 2e-06 -23.887178 -0.249077 -0.839484 -58.692795 2.500327 -1.08995 -0.294026 1.679688 0.833257 -14.218216 0.093216 1.300583 -34.212067 -0.287561 0.967171 -20.033224 0.964539 1.212844 1e-06 -1e-06 -0.0 -3.440389 0.788234 0.501656 -15.928192 -3.16731 2.999711 -6.338829 -1e-06 1e-06 -18.123455 3.648186 -4.905674 -4e-06 0.0 -2e-06 -32.635098 24.4438 5.473695 63.143837 40.228455 21.899027 -11.418183 87.102005 -10.414821 -15.523948 -10.527362 24.688917 2.243541 -5.255037 -3.180159 14.282894 -0.826595 6.952505 -2e-06 -12.690607 0.0 16.151772 -17.843248 2.775615 1.665669 -1.955922 -2.878302 4.7278 -4.170586 4.993925 11.020529 4e-06 -1e-06 12.109052 -3.735715 -2.866785 0.0 -0.0 1e-06 1.291987 -1.92855 -1.498089 14.800129 0.567469 3.865607 14.242572 -1.341735 -6.660658 19.631969 0.143925 -0.648244 49.484921 -1.039389 -6.925989 0.353028 -1.511151 -0.03194 20.222797 3.684311 2.316631 18.787279 4e-06 1e-06 10.751629 -0.47987 1.397907 -0.0 2e-06 -0.0 3.27381 0.305947 -0.580112 21.486816 11.830376 2.266133 8.162928 -0.0 0.0 18.399084 -3.798983 -4.940575 4e-06 -3e-06 -1e-06 1.396582 23.450127 -28.949818 0.189609 0.095315 53.349262 -9.787165 22.834938 -15.887184 1.680526 -2.194438 2.057889 0.0 -0.0 2e-06 -9.503862 8.549558 -36.450951 0.071161 0.430431 67.23336 6.123007 11.715891 2.9852 -1.437536 0.862713 -3.528138 0.0 0.0 -0.0
0.0 0.0 0.0 0.0 -0.0 0.0 82.399796 91.118088 95.950638 3.216541 43.554092 -0.386967 1.450674 0.680386 13.907109 -0.011358 3.239554 0.254756 -4.095612 3.903432 22.278982 -21.060305 11.7759 7.687478 1.805832 12.146692 -3.606958 -8.911292 14.395604 -25.137133 7.7e-05 -2.3e-05 4e-06 0.024785 -0.0624 0.057481 0.702915 -3.725007 -10.495462 -0.66294 3.612254 -10.509815 -7.781514 3.619705 20.307924 -67.865944 -7.527247 -33.521423 144.985199 -85.270721 -144.521866 36.021278 -1.211444 -39.19289 -5.882111 9.861294 0.702592 -10.93688 -0.360574 7.156213 -1e-06 8.774833 -1e-06 -15.626662 17.063658 6.119422 -1.844034 2.498507 -2.50728 -10.163607 4.67895 4.621113 -20.97604 -1e-06 3e-06 -21.226303 2.451702 -3.594003 0.0 -6e-06 -1e-06 -1.362682 2.2408 -0.746324 -21.33493 0.584913 3.008328 -13.821225 -0.0 3e-06 -23.887186 -0.249075 -0.839484 -58.728214 2.495031 -1.120426 -0.294024 1.679689 0.833257 -14.218221 0.093217 1.300583 -34.212078 -0.287558 0.967173 -20.03323 0.96454 1.212843 1e-06 -0.0 -0.0 -3.440393 0.788234 0.501657 -15.928201 -3.16731 2.999712 -6.33883 -0.0 2e-06 -18.123459 3.648188 -4.905674 -3e-06 0.0 -2e-06 -32.32959 24.366032 5.47643 63.498268 39.970467 22.26 -11.146809 87.210419 -10.070653 -15.699354 -10.499007 24.843168 2.243544 -5.255039 -3.18016 14.282896 -0.826596 6.952507 -1e-06 -12.690607 0.0 16.191145 -17.873312 2.759616 1.665667 -1.955922 -2.878301 4.727799 -4.170588 4.993929 11.020532 2e-06 -2e-06 12.109058 -3.735716 -2.866789 -0.0 0.0 0.0 1.291987 -1.92855 -1.498091 14.800134 0.567468 3.865609 14.242579 -1.341737 -6.660663 19.631975 0.143926 -0.648247 49.450809 -1.041372 -6.966156 0.353027 -1.51115 -0.031939 20.222803 3.684308 2.316632 18.787281 5e-06 -2e-06 10.751633 -0.479869 1.397906 0.0 1e-06 -0.0 3.273809 0.305947 -0.58011 21.486818 11.830376 2.266131 8.162933 -0.0 0.0 18.399092 -3.798985 -4.940578 3e-06 -2e-06 -1e-06 1.72316 23.300306 -28.507059 0.204453 0.109343 53.418694 -10.224362 22.792835 -16.596533 1.683719 -2.205428 2.028653 -0.0 0.0 2e-06 -9.309972 8.4777 -35.93845 0.060266 0.415457 67.183235 6.032202 11.621334 2.835881 -1.433678 0.849693 -3.727301 0.0 0.0 -1e-06
0.0 0.0 0.0 0.0 -0.0 0.0 83.20652 91.209938 96.497849 2.88096 43.61776 -0.429257 1.251907 0.737777 13.753249 -0.071777 3.235106 0.206647 -4.258132 3.949522 22.127508 -21.000782 11.677264 7.623985 1.889145 12.356695 -3.60201 -8.788056 14.536393 -25.319897 7.7e-05 -2.3e-05 6e-06 0.022045 -0.054472 0.061975 0.700968 -3.725487 -10.510208 -0.666232 3.628436 -10.525052 -7.837828 3.521479 20.145012 -67.611397 -7.812577 -33.807526 145.371689 -85.325089 -144.913849 35.873825 -1.375867 -38.900829 -5.882102 9.861284 0.70259 -10.936868 -0.360577 7.156209 2e-06 8.774826 -2e-06 -15.673429 17.105963 6.082501 -1.844032 2.498504 -2.507279 -10.163597 4.678943 4.621111 -20.976021 -7e-06 3e-06 -21.226286 2.451694 -3.593999 2e-06 -6e-06 -1e-06 -1.362681 2.240798 -0.746324 -21.334909 0.584905 3.008326 -13.821212 -5e-06 4e-06 -23.887165 -0.249081 -0.839479 -58.734894 2.494052 -1.170894 -0.294024 1.679687 0.833256 -14.218204 0.093212 1.300582 -34.212048 -0.287568 0.967176 -20.033209 0.964536 1.212848 -1e-06 -0.0 0.0 -3.440388 0.788232 0.501656 -15.928185 -3.167312 2.999711 -6.338825 -2e-06 3e-06 -18.123444 3.648181 -4.905669 -3e-06 0.0 -2e-06 -32.024357 24.301426 5.493903 63.927471 39.669628 22.596397 -9.8843 87.337364 -8.79061 -15.823665 -10.444858 24.812561 2.243541 -5.255036 -3.180157 14.282889 -0.826596 6.952503 -2e-06 -12.690604 3e-06 16.226562 -17.89513 2.745923 1.665665 -1.955921 -2.878301 4.727801 -4.170588 4.993923 11.020528 5e-06 -3e-06 12.10905 -3.735714 -2.866785 -0.0 1e-06 -0.0 1.291986 -1.928549 -1.498088 14.800129 0.567468 3.865608 14.242576 -1.341735 -6.660659 19.631969 0.143926 -0.648246 49.407169 -1.049745 -7.008812 0.353029 -1.511151 -0.031941 20.22279 3.684309 2.316627 18.787271 6e-06 -1e-06 10.751628 -0.479868 1.397905 -0.0 0.0 0.0 3.273806 0.305947 -0.580112 21.486813 11.830374 2.266131 8.162927 1e-06 0.0 18.399082 -3.798982 -4.940573 4e-06 -2e-06 -1e-06 2.048622 23.085114 -27.977846 0.208186 0.116064 53.464268 -10.695262 22.711271 -17.282084 1.685763 -2.228573 2.026437 0.0 0.0 2e-06 -9.126633 8.361455 -35.325291 0.053359 0.40784 67.151329 5.999776 11.522946 2.703627 -1.433216 0.84359 -3.803687 -0.0 1e-06 -2e-06
0.0 0.0 0.0 0.0 -0.0 0.0 84.004791 91.27092 97.105919 2.597699 43.755039 -0.506054 1.058031 0.784106 13.618035 -0.13203 3.228539 0.153385 -4.388772 3.971226 21.976709 -20.879122 11.57354 7.60172 1.959676 12.521189 -3.60772 -8.663633 14.628346 -25.437933 7.7e-05 -2.3e-05 5e-06 0.019879 -0.046916 0.060504 0.697158 -3.722509 -10.527294 -0.666557 3.640664 -10.543323 -7.850511 3.467463 19.963511 -67.391861 -8.093544 -34.012585 145.509079 -85.425209 -145.080612 35.676846 -1.542895 -38.57542 -5.882108 9.861293 0.702592 -10.936876 -0.360575 7.156211 0.0 8.774831 0.0 -15.71138 17.120426 6.049164 -1.844032 2.498507 -2.507279 -10.163605 4.678949 4.621112 -20.976034 -2e-06 2e-06 -21.226299 2.4517 -3.594003 1e-06 -6e-06 -1e-06 -1.362682 2.2408 -0.746324 -21.334925 0.584911 3.008326 -13.82122 -1e-06 2e-06 -23.887178 -0.249078 -0.839484 -58.694016 2.499923 -1.182922 -0.294026 1.679688 0.833257 -14.218215 0.093216 1.300582 -34.212067 -0.287562 0.967171 -20.033226 0.964539 1.212843 2e-06 -0.0 -0.0 -3.44039 0.788234 0.501656 -15.928192 -3.167311 2.99971 -6.338829 -1e-06 1e-06 -18.123457 3.648188 -4.905674 -4e-06 -0.0 -2e-06 -31.69101 24.273783 5.52176 64.404419 39.32098 22.875406 -7.306868 87.452629 -6.247854 -15.908915 -10.362472 24.727789 2.243544 -5.255039 -3.180161 14.282896 -0.826595 6.952503 -0.0 -12.690609 -1e-06 16.225332 -17.890533 2.742393 1.665667 -1.955922 -2.878303 4.727803 -4.170588 4.993927 11.020532 3e-06 -3e-06 12.10906 -3.735718 -2.86679 -1e-06 0.0 0.0 1.291986 -1.928552 -1.49809 14.800138 0.567467 3.865607 14.242582 -1.341736 -6.660665 19.631981 0.143927 -0.648248 49.350269 -1.036834 -7.038249 0.353029 -1.511152 -0.03194 20.222803 3.684309 2.316629 18.787287 7e-06 -4e-06 10.751634 -0.479865 1.397905 -0.0 1e-06 0.0 3.273808 0.305948 -0.580111 21.486824 11.830379 2.266131 8.162931 0.0 -1e-06 18.399092 -3.798985 -4.94058 4e-06 -2e-06 -1e-06 2.399524 22.759205 -27.3437 0.202553 0.113743 53.498325 -11.205268 22.625242 -18.025255 1.686141 -2.256378 2.058086 -0.0 -0.0 2e-06 -8.929414 8.200412 -34.592831 0.051179 0.408471 67.146553 5.907982 11.41931 2.413953 -1.433951 0.839366 -3.825142 -0.0 -0.0 -2e-06
0.0 0.0 0.0 0.0 -0.0 0.0 84.787788 91.305473 97.751213 2.367699 43.874557 -0.624096 0.868843 0.824686 13.485733 -0.195893 3.231453 0.098805 -4.493231 4.01305 21.844429 -20.738131 11.489953 7.62143 2.024346 12.677279 -3.616855 -8.526091 14.655011 -25.531021 7.7e-05 -2.3e-05 5e-06 0.016004 -0.032081 0.057171 0.689883 -3.710234 -10.542073 -0.667059 3.657908 -10.557129 -7.852465 3.47508 19.778326 -67.211258 -8.35855 -34.094494 145.391556 -85.51223 -144.982285 35.469452 -1.700411 -38.255356 -5.882106 9.861293 0.702591 -10.936873 -0.360577 7.15621 1e-06 8.774833 -1e-06 -15.735638 17.139292 6.032916 -1.844033 2.498506 -2.507279 -10.163602 4.678947 4.621112 -20.976032 -6e-06 4e-06 -21.226294 2.451698 -3.594001 1e-06 -6e-06 -1e-06 -1.362683 2.2408 -0.746324 -21.334925 0.584907 3.008327 -13.821221 -4e-06 4e-06 -23.887182 -0.249079 -0.83948 -58.677856 2.512047 -1.181736 -0.294025 1.679689 0.833256 -14.218214 0.093213 1.300582 -34.212067 -0.287566 0.967176 -20.033222 0.964537 1.212847 2e-06 -0.0 0.0 -3.440389 0.788234 0.501657 -15.928194 -3.167314 2.99971 -6.338829 -2e-06 2e-06 -18.123451 3.648185 -4.905671 -5e-06 0.0 -2e-06 -31.317459 24.26758 5.603755 64.92556 39.017071 23.093094 -3.436762 87.47113 -2.424407 -15.973273 -10.233004 24.63891 2.243544 -5.255039 -3.18016 14.282905 -0.826598 6.952507 -0.0 -12.690607 3e-06 16.221621 -17.873697 2.735757 1.665665 -1.955921 -2.878301 4.727803 -4.17059 4.993927 11.020536 2e-06 -1e-06 12.109062 -3.735721 -2.866784 -1e-06 1e-06 -1e-06 1.291986 -1.928552 -1.49809 14.80014 0.567465 3.865609 14.242584 -1.341739 -6.66066 19.631985 0.143923 -0.648247 49.294895 -1.004303 -7.054962 0.353029 -1.511152 -0.03194 20.222811 3.684306 2.316632 18.787291 3e-06 -3e-06 10.751636 -0.47987 1.397905 -0.0 2e-06 -0.0 3.273808 0.305947 -0.58011 21.486828 11.830376 2.266133 8.162935 -2e-06 -1e-06 18.399099 -3.798989 -4.940581 4e-06 -2e-06 -1e-06 2.772491 22.399336 -26.600657 0.195459 0.112077 53.527206 -11.759371 22.577379 -18.793579 1.685503 -2.276156 2.103085 0.0 0.0 2e-06 -8.732099 8.049032 -33.773693 0.053714 0.414637 67.158203 5.689127 11.299964 2.002263 -1.435012 0.833159 -3.887379 -0.0 -0.0 -2e-06
0.0 0.0 0.0 0.0 -0.0 0.0 85.535606 91.318924 98.388565 2.163065 43.950283 -0.799226 0.698001 0.866827 13.350618 -0.264055 3.258107 0.033697 -4.565206 4.062824 21.731224 -20.611471 11.469926 7.701954 2.100869 12.78065 -3.62133 -8.377342 14.668026 -25.618849 7.7e-05 -2.3e-05 5e-06 0.01137 -0.017924 0.054073 0.680695 -3.698457 -10.555387 -0.667044 3.674124 -10.569649 -7.864347 3.562443 19.599598 -67.076355 -8.623439 -34.093395 145.669525 -85.595444 -145.285019 35.297836 -1.867639 -37.932697 -5.882109 9.861292 0.702591 -10.936875 -0.360576 7.156214 0.0 8.774833 -1e-06 -15.735031 17.149294 6.038588 -1.844032 2.498507 -2.507281 -10.163603 4.678947 4.621115 -20.97603 -4e-06 3e-06 -21.226295 2.451697 -3.594002 1e-06 -6e-06 -1e-06 -1.362681 2.2408 -0.746324 -21.334925 0.584909 3.008329 -13.82122 -3e-06 4e-06 -23.887184 -0.249079 -0.839481 -58.70071 2.523971 -1.158215 -0.294026 1.679688 0.833256 -14.218217 0.093214 1.300584 -34.212067 -0.287564 0.967175 -20.033224 0.964539 1.212847 1e-06 -0.0 0.0 -3.440392 0.788234 0.501656 -15.928196 -3.167313 2.999713 -6.338829 -1e-06 3e-06 -18.123455 3.648185 -4.905673 -3e-06 0.0 -2e-06 -30.911095 24.268688 5.757896 65.50618 38.795521 23.349037 -0.28059 87.332664 0.677217 -16.044624 -10.046033 24.705467 2.243544 -5.255041 -3.180161 14.282907 -0.826597 6.952506 -2e-06 -12.690613 2e-06 16.224712 -17.839706 2.727226 1.665669 -1.955924 -2.878304 4.727805 -4.170592 4.993929 11.02054 3e-06 -3e-06 12.109066 -3.735718 -2.866789 -0.0 1e-06 -1e-06 1.291988 -1.92855 -1.498091 14.800142 0.567468 3.865609 14.242588 -1.341735 -6.660666 19.631989 0.143928 -0.648248 49.244602 -0.942924 -7.064374 0.35303 -1.511152 -0.03194 20.222815 3.684311 2.316627 18.787291 7e-06 -4e-06 10.751639 -0.479868 1.397906 -0.0 1e-06 -0.0 3.27381 0.305947 -0.580111 21.486834 11.830384 2.266129 8.162935 0.0 -2e-06 18.399099 -3.798985 -4.940581 3e-06 -3e-06 -1e-06 3.162278 22.022909 -25.784365 0.195531 0.120758 53.547905 -12.333027 22.597788 -19.560522 1.684284 -2.292152 2.187942 0.0 0.0 1e-06 -8.53356 7.960685 -32.92337 0.058678 0.422218 67.198349 5.377666 11.167337 1.608222 -1.435303 0.822792 -3.940039 0.0 0.0 -3e-06
0.0 0.0 0.0 0.0 -0.0 0.0 86.237625 91.320953 99.008347 1.985242 43.957355 -1.000441 0.542011 0.918848 13.200925 -0.328131 3.314652 -0.040294 -4.618973 4.118918 21.644075 -20.50419 11.499771 7.813336 2.162444 12.863403 -3.619069 -8.198595 14.654405 -25.717939 7.7e-05 -2.3e-05 5e-06 0.009097 -0.014038 0.054709 0.675318 -3.697964 -10.563414 -0.666197 3.681124 -10.575969 -7.871391 3.695457 19.444502 -67.029678 -8.890939 -34.103523 146.564133 -85.686478 -146.157028 35.131351 -2.037227 -37.683052 -5.88211 9.861293 0.70259 -10.936878 -0.360576 7.156213 -1e-06 8.77483 -2e-06 -15.7381 17.169231 6.048113 -1.844033 2.498507 -2.50728 -10.163607 4.678948 4.621113 -20.976038 -3e-06 3e-06 -21.226303 2.4517 -3.594003 2e-06 -6e-06 -1e-06 -1.362683 2.2408 -0.746324 -21.334927 0.58491 3.008327 -13.821221 -2e-06 3e-06 -23.887184 -0.249077 -0.839482 -58.720764 2.520795 -1.135212 -0.294024 1.679689 0.833257 -14.218217 0.093215 1.300583 -34.21207 -0.287561 0.967173 -20.033224 0.964539 1.212845 1e-06 -0.0 0.0 -3.440389 0.788234 0.501657 -15.928194 -3.167312 2.999711 -6.33883 -1e-06 2e-06 -18.123455 3.648187 -4.905674 -4e-06 -0.0 -2e-06 -30.4629 24.269989 5.970557 66.167236 38.675037 23.646223 1.916355 87.021912 2.833086 -16.188993 -9.828305 24.849806 2.243543 -5.255039 -3.180161 14.282902 -0.826596 6.95251 1e-06 -12.690614 2e-06 16.2348 -17.808937 2.722128 1.665666 -1.955924 -2.8783 4.727802 -4.17059 4.993927 11.020531 3e-06 1e-06 12.10906 -3.735717 -2.866783 -0.0 1e-06 -0.0 1.291988 -1.928551 -1.498089 14.80014 0.567466 3.865613 14.242583 -1.341738 -6.660659 19.631983 0.143924 -0.648243 49.208057 -0.872905 -7.062316 0.353028 -1.511152 -0.031939 20.222805 3.68431 2.316634 18.787292 3e-06 0.0 10.751639 -0.47987 1.397907 0.0 1e-06 -0.0 3.27381 0.305947 -0.58011 21.486832 11.83038 2.266136 8.162935 -2e-06 1e-06 18.399099 -3.79899 -4.940578 3e-06 -3e-06 -1e-06 3.548733 21.653481 -24.941917 0.204388 0.136734 53.567204 -12.900345 22.70466 -20.265398 1.683762 -2.292269 2.265893 -0.0 -0.0 2e-06 -8.339314 7.954779 -32.081169 0.065119 0.428329 67.241402 5.027846 11.044411 1.243645 -1.437026 0.815092 -3.987876 -0.0 1e-06 -4e-06
0.0 0.0 0.0 0.0 -0.0 0.0 86.898636 91.308022 99.640884 1.824663 43.912109 -1.22286 0.391161 0.982086 13.038416 -0.385407 3.395186 -0.127878 -4.656155 4.180168 21.574633 -20.385281 11.543723 7.928755 2.201072 12.942132 -3.615974 -7.964128 14.619691 -25.80801 7.7e-05 -2.3e-05 6e-06 0.006074 -0.011336 0.056157 0.670781 -3.699577 -10.568347 -0.667636 3.687781 -10.578827 -7.859162 3.838256 19.30772 -67.06739 -9.143146 -34.16288 147.905457 -85.79644 -147.463547 34.940121 -2.209734 -37.409508 -5.882113 9.8613 0.702591 -10.936885 -0.360576 7.156217 1e-06 8.774838 -2e-06 -15.752549 17.193775 6.034042 -1.844034 2.498509 -2.507281 -10.163611 4.67895 4.621116 -20.976048 -3e-06 5e-06 -21.226309 2.4517 -3.594002 2e-06 -5e-06 -0.0 -1.362682 2.240801 -0.746324 -21.334942 0.58491 3.00833 -13.821232 -2e-06 4e-06 -23.887203 -0.249078 -0.839481 -58.707294 2.500655 -1.114681 -0.294024 1.67969 0.833257 -14.218225 0.093214 1.300584 -34.212086 -0.287563 0.967177 -20.033237 0.96454 1.212848 1e-06 0.0 0.0 -3.440392 0.788234 0.501657 -15.928208 -3.167315 2.999714 -6.338834 -1e-06 2e-06 -18.12347 3.648187 -4.905675 -5e-06 -0.0 -2e-06 -29.942614 24.246428 6.276088 66.920609 38.669769 24.002998 3.149511 86.558327 4.043122 -16.374125 -9.587493 25.029474 2.243542 -5.255038 -3.18016 14.282896 -0.826598 6.952507 -1e-06 -12.69061 2e-06 16.230125 -17.778807 2.723946 1.665665 -1.95592 -2.8783 4.727801 -4.170591 4.993927 11.020529 1e-06 -1e-06 12.109056 -3.73572 -2.866782 -0.0 1e-06 -0.0 1.291985 -1.928551 -1.498088 14.800136 0.567465 3.86561 14.242578 -1.341737 -6.66066 19.631975 0.143924 -0.648244 49.184147 -0.81544 -7.050361 0.353029 -1.511152 -0.031938 20.222801 3.684309 2.316633 18.787287 1e-06 0.0 10.751634 -0.479872 1.397907 0.0 -0.0 0.0 3.273809 0.305946 -0.58011 21.486824 11.83038 2.266137 8.16293 -2e-06 1e-06 18.39909 -3.79899 -4.940577 3e-06 -3e-06 -1e-06 3.951974 21.294811 -24.070837 0.215516 0.153086 53.588505 -13.464168 22.826483 -20.930614 1.684229 -2.282227 2.308072 0.0 -0.0 1e-06 -8.121939 8.029135 -31.219696 0.08066 0.436132 67.25927 4.655461 10.889039 0.778782 -1.441627 0.81158 -4.099035 -0.0 -0.0 -3e-06
0.0 0.0 0.0 0.0 -0.0 0.0 87.563499 91.282455 100.329102 1.669824 43.85228 -1.459805 0.255857 1.054712 12.868803 -0.4421 3.471999 -0.218514 -4.684152 4.241268 21.51445 -20.254753 11.558955 8.027041 2.248682 13.052654 -3.615605 -7.711303 14.582583 -25.902075 7.7e-05 -2.3e-05 7e-06 0.000223 -0.002501 0.054324 0.664884 -3.695315 -10.57618 -0.673291 3.700975 -10.586507 -7.833163 3.959049 19.18775 -67.152206 -9.342117 -34.269604 149.373749 -85.949181 -148.863434 34.767994 -2.418892 -37.181297 -5.882108 9.86129 0.702589 -10.936873 -0.360575 7.156211 -0.0 8.77483 -2e-06 -15.790549 17.232172 6.001291 -1.844032 2.498506 -2.507279 -10.163601 4.678946 4.621111 -20.976027 -4e-06 3e-06 -21.22629 2.451698 -3.594002 2e-06 -5e-06 -1e-06 -1.362682 2.2408 -0.746324 -21.334917 0.584908 3.008327 -13.821218 -2e-06 3e-06 -23.887175 -0.249078 -0.839482 -58.740051 2.473935 -1.108147 -0.294025 1.679688 0.833256 -14.218212 0.093214 1.300582 -34.212055 -0.287564 0.967174 -20.03322 0.964538 1.212846 0.0 0.0 -0.0 -3.440389 0.788233 0.501656 -15.928192 -3.167312 2.999711 -6.338828 -1e-06 2e-06 -18.123447 3.648184 -4.905673 -4e-06 0.0 -2e-06 -29.368509 24.196651 6.666967 67.742424 38.765816 24.425611 3.414504 85.997772 4.28301 -16.571033 -9.302278 25.254623 2.243543 -5.255037 -3.180161 14.282898 -0.8266 6.95251 2e-06 -12.690612 2e-06 16.22508 -17.780186 2.746914 1.665666 -1.95592 -2.878301 4.727804 -4.170591 4.993929 11.020531 1e-06 -1e-06 12.109056 -3.735719 -2.866785 -0.0 2e-06 -1e-06 1.291987 -1.928551 -1.498089 14.800136 0.567466 3.865612 14.24258 -1.341739 -6.66066 19.631975 0.143923 -0.648245 49.212715 -0.797314 -7.022974 0.35303 -1.511152 -0.031941 20.222801 3.684307 2.316632 18.787283 2e-06 -0.0 10.751634 -0.479874 1.397907 -1e-06 1e-06 -0.0 3.273807 0.305947 -0.580109 21.48682 11.830376 2.266132 8.16293 -3e-06 1e-06 18.399097 -3.798992 -4.940578 3e-06 -3e-06 -1e-06 4.392773 20.993214 -23.128593 0.215978 0.159717 53.582485 -14.008351 22.877563 -21.603399 1.687905 -2.261225 2.298055 0.0 0.0 3e-06 -7.867307 8.151828 -30.269363 0.094624 0.439941 67.202507 4.270629 10.691721 0.080825 -1.446293 0.810638 -4.288331 -0.0 -0.0 -2e-06
0.0 0.0 0.0 0.0 -0.0 0.0 88.225594 91.231499 101.035965 1.530196 43.794388 -1.674548 0.142912 1.132386 12.702475 -0.490095 3.522662 -0.295251 -4.710571 4.303452 21.445635 -20.116325 11.555342 8.083544 2.301636 13.159186 -3.614053 -7.470142 14.554612 -25.946833 7.7e-05 -2.2e-05 5e-06 -0.006251 0.009805 0.051348 0.658933 -3.688406 -10.584569 -0.680103 3.71847 -10.596442 -7.775868 4.008651 19.073004 -67.271523 -9.422465 -34.433899 151.501312 -86.164673 -150.939957 34.612511 -2.705755 -37.041458 -5.882108 9.861292 0.702592 -10.936877 -0.360574 7.156215 -0.0 8.774831 -0.0 -15.848566 17.260132 5.946707 -1.844032 2.498506 -2.50728 -10.163605 4.678948 4.621115 -20.976034 -1e-06 4e-06 -21.226297 2.451701 -3.594001 1e-06 -5e-06 -1e-06 -1.362682 2.2408 -0.746324 -21.334925 0.584912 3.00833 -13.82122 -1e-06 4e-06 -23.887182 -0.249075 -0.839482 -58.811275 2.445308 -1.120571 -0.294025 1.679688 0.833257 -14.218214 0.093216 1.300585 -34.212067 -0.287558 0.967176 -20.033222 0.964541 1.212846 1e-06 0.0 -0.0 -3.44039 0.788234 0.501657 -15.928192 -3.16731 2.999713 -6.338829 -0.0 2e-06 -18.123455 3.648187 -4.905672 -3e-06 0.0 -2e-06 -28.790129 24.141983 7.048108 68.520584 38.856632 24.9104 2.855593 85.455933 3.718457 -16.722252 -8.967751 25.243435 2.243542 -5.255037 -3.180157 14.282898 -0.826595 6.952507 -2e-06 -12.690608 1e-06 16.202406 -17.814106 2.778355 1.665668 -1.955922 -2.878301 4.727801 -4.170588 4.993926 11.020534 4e-06 -1e-06 12.109059 -3.735717 -2.866785 -0.0 2e-06 -1e-06 1.291987 -1.92855 -1.498089 14.800136 0.567468 3.86561 14.242579 -1.341736 -6.660659 19.631975 0.143927 -0.648245 49.245541 -0.802782 -6.997264 0.353029 -1.511151 -0.031939 20.222801 3.684311 2.316631 18.787283 5e-06 -1e-06 10.751633 -0.479871 1.397907 -0.0 2e-06 -0.0 3.273807 0.305947 -0.58011 21.486824 11.830376 2.266134 8.16293 0.0 -0.0 18.39909 -3.798986 -4.940577 3e-06 -3e-06 -1e-06 4.828466 20.749971 -22.174263 0.204354 0.158956 53.540791 -14.521601 22.845846 -22.350996 1.692915 -2.233446 2.258346 0.0 0.0 1e-06 -7.608212 8.314318 -29.305582 0.100355 0.436772 67.114075 3.903747 10.428796 -0.808775 -1.448276 0.810638 -4.447541 -0.0 1e-06 -2e-06
0.0 0.0 0.0 0.0 -0.0 0.0 88.938484 91.160446 101.740753 1.428104 43.780186 -1.839958 0.039135 1.199504 12.552213 -0.525981 3.527456 -0.355939 -4.740356 4.364111 21.362965 -19.964928 11.573985 8.068509 2.338773 13.20769 -3.594317 -7.237839 14.576597 -25.931501 7.7e-05 -2.2e-05 5e-06 -0.010232 0.018413 0.050708 0.656596 -3.688117 -10.588341 -0.685498 3.735487 -10.603692 -7.686897 3.981466 18.991186 -67.416153 -9.414301 -34.694809 154.830048 -86.432121 -154.212265 34.456478 -2.98627 -37.026134 -5.882108 9.861294 0.702591 -10.936877 -0.360575 7.156211 -0.0 8.774834 -1e-06 -15.91751 17.285734 5.840298 -1.844033 2.498507 -2.50728 -10.163605 4.678948 4.621113 -20.976038 -3e-06 2e-06 -21.226301 2.451699 -3.594003 1e-06 -5e-06 -1e-06 -1.36268 2.2408 -0.746324 -21.334925 0.58491 3.008326 -13.82122 -2e-06 2e-06 -23.887182 -0.249078 -0.839483 -58.908844 2.417988 -1.177778 -0.294024 1.679689 0.833256 -14.218217 0.093215 1.300582 -34.212067 -0.287563 0.967172 -20.033226 0.964538 1.212845 1e-06 -0.0 0.0 -3.440391 0.788234 0.501656 -15.928194 -3.167312 2.99971 -6.33883 -1e-06 2e-06 -18.123459 3.648186 -4.905674 -4e-06 0.0 -2e-06 -28.245279 24.058603 7.382339 69.209213 38.920135 25.457489 2.153758 84.988739 3.054333 -16.859482 -8.57756 25.012173 2.243544 -5.255041 -3.180161 14.282904 -0.826598 6.952508 0.0 -12.690614 -0.0 16.198322 -17.847658 2.788597 1.66567 -1.955924 -2.878299 4.727806 -4.170591 4.993927 11.020538 1e-06 -2e-06 12.109062 -3.73572 -2.866788 -0.0 1e-06 -2e-06 1.291986 -1.928551 -1.498091 14.800142 0.567465 3.865609 14.242585 -1.341738 -6.660664 19.631985 0.143924 -0.648248 49.270866 -0.839089 -7.002398 0.35303 -1.511153 -0.03194 20.222805 3.684311 2.316632 18.787287 3e-06 -2e-06 10.751637 -0.47987 1.397906 0.0 1e-06 0.0 3.273811 0.305945 -0.58011 21.486832 11.83038 2.266134 8.162937 -3e-06 -1e-06 18.399099 -3.798988 -4.940583 3e-06 -1e-06 -1e-06 5.204055 20.56937 -21.208342 0.191593 0.15522 53.458248 -14.985444 22.738388 -23.177549 1.698152 -2.213259 2.226027 -0.0 -0.0 2e-06 -7.398121 8.517164 -28.29995 0.0961 0.428044 66.970291 3.647594 10.149111 -1.87905 -1.453995 0.823146 -4.536874 -0.0 -0.0 -3e-06
0.0 0.0 0.0 0.0 -0.0 0.0 89.757294 91.095345 102.43721 1.357809 43.900551 -1.96424 -0.06147 1.245733 12.391868 -0.546052 3.483269 -0.398087 -4.757026 4.404371 21.280615 -19.781063 11.609766 8.012823 2.370885 13.206443 -3.565753 -7.00078 14.651523 -25.849846 7.7e-05 -2.3e-05 5e-06 -0.007342 0.009519 0.050788 0.664862 -3.7063 -10.5808 -0.68776 3.736305 -10.595756 -7.57596 3.874393 19.035685 -67.572678 -9.438235 -34.987522 158.742249 -86.686363 -158.072556 34.31905 -3.176282 -37.171318 -5.882111 9.861297 0.70259 -10.93688 -0.360576 7.156214 0.0 8.774835 -1e-06 -16.025993 17.327484 5.68327 -1.844034 2.498507 -2.507281 -10.163609 4.678949 4.621114 -20.97604 -3e-06 3e-06 -21.226303 2.451699 -3.594004 1e-06 -5e-06 -1e-06 -1.362684 2.2408 -0.746324 -21.33493 0.584909 3.008328 -13.821223 -2e-06 3e-06 -23.887184 -0.249078 -0.839482 -59.061512 2.385196 -1.280866 -0.294025 1.679689 0.833257 -14.218219 0.093214 1.300583 -34.212078 -0.287563 0.967175 -20.03323 0.964539 1.212846 0.0 0.0 -0.0 -3.44039 0.788234 0.501656 -15.928201 -3.167314 2.999712 -6.338831 -1e-06 2e-06 -18.123459 3.648187 -4.905674 -3e-06 0.0 -2e-06 -27.748312 23.919241 7.700646 69.847137 38.934772 26.114416 0.967795 84.539047 1.935381 -17.048706 -8.036522 24.7957 2.243545 -5.255038 -3.18016 14.282902 -0.826599 6.952507 -1e-06 -12.69061 4e-06 16.221859 -17.90407 2.799279 1.665671 -1.955923 -2.878302 4.727803 -4.170591 4.993932 11.020536 4e-06 -6e-06 12.109062 -3.735716 -2.866789 -0.0 0.0 -0.0 1.291986 -1.928549 -1.498089 14.800142 0.567467 3.865608 14.242585 -1.341736 -6.660668 19.631985 0.143927 -0.648251 49.304214 -0.953193 -7.04901 0.353029 -1.511152 -0.03194 20.222805 3.684309 2.316628 18.787287 5e-06 -5e-06 10.751637 -0.479868 1.397904 0.0 1e-06 0.0 3.27381 0.305947 -0.580111 21.486832 11.830379 2.26613 8.162937 -2e-06 -1e-06 18.399099 -3.798986 -4.940582 3e-06 -3e-06 -1e-06 5.492509 20.366182 -20.196865 0.180656 0.152093 53.287052 -15.441391 22.554705 -24.073034 1.707304 -2.195253 2.189417 0.0 0.0 2e-06 -7.259986 8.678559 -27.14711 0.085611 0.413348 66.664803 3.497294 9.904772 -3.161615 -1.466873 0.845825 -4.624405 -0.0 -0.0 -2e-06
0.0 0.0 0.0 0.0 -0.0 0.0 90.443642 90.999352 103.181442 1.309086 44.240067 -2.041259 -0.156472 1.245731 12.202509 -0.560249 3.417503 -0.407036 -4.749467 4.38542 21.198153 -19.501139 11.601997 7.942486 2.381953 13.238449 -3.556467 -6.782761 14.669607 -25.516069 7.7e-05 -2.3e-05 5e-06 0.014022 -0.053207 0.046558 0.694358 -3.772031 -10.547422 -0.674193 3.677353 -10.552488 -7.462192 3.707498 19.162785 -67.634018 -9.533715 -35.177563 162.244751 -86.89064 -161.547485 34.124962 -3.184024 -37.297474 -5.882113 9.8613 0.702594 -10.936884 -0.360574 7.156219 0.0 8.774841 1e-06 -16.224524 17.328817 5.487755 -1.844035 2.498508 -2.507282 -10.163611 4.678953 4.621118 -20.976048 -3e-06 4e-06 -21.226311 2.451701 -3.594004 2e-06 -5e-06 -1e-06 -1.362684 2.240802 -0.746324 -21.334942 0.584911 3.008331 -13.82123 -2e-06 4e-06 -23.887199 -0.249077 -0.839482 -59.218418 2.353244 -1.38127 -0.294024 1.67969 0.833258 -14.218224 0.093215 1.300584 -34.212086 -0.287562 0.967176 -20.033232 0.96454 1.212847 0.0 0.0 -0.0 -3.440392 0.788235 0.501657 -15.928206 -3.167314 2.999714 -6.338833 -1e-06 2e-06 -18.123466 3.64819 -4.905674 -3e-06 0.0 -2e-06 -27.262529 23.726233 8.007172 70.462166 38.811119 26.884428 -1.402946 84.146362 -0.293897 -17.336159 -7.487784 24.439739 2.243543 -5.255042 -3.180162 14.282914 -0.826598 6.952511 -1e-06 -12.69062 0.0 16.219135 -17.934669 2.807306 1.665671 -1.955925 -2.878304 4.727807 -4.170593 4.993928 11.020544 4e-06 -4e-06 12.109073 -3.735722 -2.866789 -0.0 0.0 1e-06 1.291988 -1.928551 -1.498091 14.800149 0.567466 3.86561 14.242599 -1.341738 -6.660669 19.632 0.143926 -0.64825 49.252251 -1.095581 -7.095809 0.353032 -1.511152 -0.031939 20.22282 3.684311 2.31663 18.787302 4e-06 -5e-06 10.751643 -0.479869 1.397905 0.0 1e-06 0.0 3.273812 0.305947 -0.580111 21.486847 11.830386 2.266133 8.162938 0.0 -3e-06 18.399111 -3.798988 -4.940586 3e-06 -3e-06 -1e-06 5.826653 20.100002 -19.325754 0.162853 0.150875 53.134022 -15.850926 22.200537 -24.889692 1.721564 -2.146166 2.02146 -0.0 -0.0 2e-06 -7.028826 8.771833 -25.988544 0.055324 0.370837 66.296059 3.250983 9.55089 -4.811875 -1.486024 0.876869 -4.752792 -0.0 -0.0 -1e-06
0.0 0.0 0.0 0.0 -0.0 0.0 91.496658 91.39341 104.430809 1.3756 44.21944 -1.867478 -0.451057 1.307807 11.796506 -0.59554 3.451101 -0.429178 -4.768092 4.500077 21.009657 -19.105991 11.35173 7.901768 2.521239 13.402855 -3.540247 -6.889111 15.045625 -25.079241 7.7e-05 -2.2e-05 6e-06 0.028325 -0.103659 0.058547 0.724378 -3.825728 -10.492431 -0.675719 3.632424 -10.479093 -7.679964 3.897057 18.984053 -67.735573 -9.891996 -35.66584 164.366852 -87.009453 -163.613586 34.657124 -2.896178 -37.218513 -5.882108 9.861292 0.70259 -10.936873 -0.360576 7.156211 0.0 8.774831 -1e-06 -16.325922 17.513643 5.545094 -1.844034 2.498506 -2.50728 -10.163604 4.678948 4.621113 -20.976034 -3e-06 2e-06 -21.226297 2.451698 -3.594002 1e-06 -6e-06 -1e-06 -1.362683 2.2408 -0.746324 -21.334925 0.58491 3.008327 -13.821221 -2e-06 2e-06 -23.887184 -0.249078 -0.839483 -59.552589 2.335381 -1.466494 -0.294027 1.679688 0.833256 -14.218215 0.093215 1.300582 -34.212067 -0.287562 0.967172 -20.033222 0.964538 1.212845 1e-06 0.0 -0.0 -3.44039 0.788234 0.501656 -15.928196 -3.167311 2.999711 -6.338829 -1e-06 2e-06 -18.123457 3.648185 -4.905674 -3e-06 -0.0 -2e-06 -26.011705 23.860195 8.281196 70.288345 38.585129 26.703259 -5.710077 84.198837 -4.38126 -16.42491 -6.252265 24.967377 2.243545 -5.255037 -3.180157 14.282896 -0.826597 6.952505 -0.0 -12.690608 3e-06 16.354694 -17.807041 2.645599 1.665665 -1.955922 -2.8783 4.727799 -4.170589 4.993927 11.02053 4e-06 -2e-06 12.109055 -3.735713 -2.866785 -0.0 1e-06 2e-06 1.291986 -1.92855 -1.498091 14.800136 0.567468 3.86561 14.242578 -1.341734 -6.660661 19.631975 0.143926 -0.648246 49.15591 -1.117203 -6.986272 0.353029 -1.51115 -0.03194 20.222797 3.68431 2.31663 18.787281 6e-06 -3e-06 10.751633 -0.479867 1.397905 0.0 1e-06 0.0 3.27381 0.305947 -0.580111 21.48682 11.830378 2.266131 8.16293 1e-06 -0.0 18.399088 -3.798985 -4.940577 3e-06 -3e-06 -1e-06 6.320637 20.206413 -17.342585 0.172442 0.276494 51.446602 -15.996928 21.36792 -25.051458 1.737108 -2.145927 1.602473 0.0 -0.0 2e-06 -6.801138 8.520819 -24.203392 0.084941 0.42218 64.985252 3.175329 10.287116 -6.35783 -1.515611 0.88747 -4.923927 -0.0 1e-06 -1e-06
0.0 0.0 0.0 0.0 -0.0 0.0 92.496101 91.793175 104.903015 1.092294 43.908283 -1.547198 -0.627799 1.380029 11.380052 -0.842638 3.338625 -0.762251 -4.711092 4.786347 20.211601 -18.406467 10.781614 7.599879 2.351099 14.47504 -3.506458 -6.548575 15.69605 -25.936111 7.7e-05 -2.3e-05 6e-06 -0.000904 0.050869 0.044051 0.674235 -3.665789 -10.497291 -0.683468 3.775653 -10.470565 -7.574752 4.272254 19.268345 -68.582695 -10.461009 -35.49194 149.513885 -86.692215 -148.378662 34.740509 -3.334568 -38.205311 -5.882107 9.861288 0.702588 -10.936873 -0.360578 7.15621 1e-06 8.774828 -3e-06 -15.983051 17.358929 5.318144 -1.844032 2.498506 -2.507279 -10.163603 4.678944 4.621111 -20.976027 -5e-06 3e-06 -21.22629 2.451695 -3.594001 0.0 -6e-06 -0.0 -1.362683 2.240799 -0.746324 -21.334917 0.584907 3.008327 -13.821217 -4e-06 3e-06 -23.887175 -0.24908 -0.839481 -59.014496 2.661636 -1.398864 -0.294025 1.679688 0.833256 -14.218212 0.093213 1.300582 -34.212059 -0.287566 0.967175 -20.033218 0.964537 1.212847 -1e-06 -0.0 0.0 -3.44039 0.788233 0.501656 -15.928191 -3.167313 2.999711 -6.338828 -2e-06 2e-06 -18.123449 3.648182 -4.905672 -5e-06 0.0 -2e-06 -25.094616 23.93964 8.341328 70.209007 38.703556 25.970812 1.360251 85.431206 2.704565 -17.233046 -5.213888 26.775324 2.243543 -5.255039 -3.18016 14.282896 -0.826595 6.952508 -1e-06 -12.690609 1e-06 16.404898 -18.245974 2.942741 1.665668 -1.955921 -2.878302 4.727802 -4.170589 4.993927 11.02053 4e-06 -2e-06 12.109058 -3.735717 -2.866786 0.0 0.0 0.0 1.291987 -1.92855 -1.498091 14.800132 0.567466 3.86561 14.24258 -1.341737 -6.660662 19.631973 0.143926 -0.648247 49.741024 -1.223152 -6.832907 0.353029 -1.511151 -0.031941 20.222799 3.68431 2.316633 18.787283 4e-06 -0.0 10.751633 -0.479869 1.397907 0.0 0.0 -0.0 3.273807 0.305947 -0.580112 21.486824 11.830379 2.266134 8.16293 -1e-06 -0.0 18.399092 -3.798991 -4.940577 3e-06 -1e-06 -1e-06 6.322789 20.982887 -16.438713 0.162434 0.031449 50.122017 -15.209192 20.397301 -25.148968 1.698833 -1.970914 1.78303 0.0 0.0 2e-06 -7.040681 7.741761 -23.445957 0.07586 0.360244 63.615658 1.680344 11.121641 -6.735634 -1.507967 0.937943 -6.232977 0.0 0.0 -0.0
0.0 0.0 0.0 0.0 -0.0 0.0 93.566017 92.726494 105.47187 0.25452 44.275879 -1.359929 -0.695975 1.579445 10.810512 -0.928804 3.258807 -1.109645 -4.764208 5.021504 19.27915 -16.912926 10.140186 6.651882 1.980516 15.197803 -3.416642 -6.314762 16.436409 -26.460051 7.7e-05 -2.2e-05 6e-06 0.007261 0.060338 0.047235 0.678773 -3.675832 -10.627832 -0.671121 3.804064 -10.589834 -7.98864 4.86827 19.439728 -67.431786 -11.786457 -34.194706 101.256721 -87.285378 -99.998116 34.643188 -5.187455 -39.735584 -5.882105 9.86129 0.702591 -10.936872 -0.360576 7.156208 1e-06 8.77483 -1e-06 -15.827418 17.212446 4.964636 -1.844032 2.498505 -2.507279 -10.163601 4.678946 4.62111 -20.976027 -5e-06 1e-06 -21.226288 2.451695 -3.594001 0.0 -6e-06 -0.0 -1.362682 2.240799 -0.746324 -21.334917 0.584908 3.008323 -13.821216 -4e-06 2e-06 -23.887175 -0.24908 -0.839483 -58.200275 2.624844 -1.325557 -0.294025 1.679688 0.833256 -14.218209 0.093214 1.300581 -34.212048 -0.287566 0.967171 -20.033215 0.964536 1.212845 2e-06 0.0 0.0 -3.440388 0.788233 0.501656 -15.928187 -3.167312 2.999708 -6.338827 -1e-06 1e-06 -18.123447 3.648183 -4.905673 -3e-06 0.0 -2e-06 -24.780884 24.113165 7.85122 68.819481 38.094032 24.184572 47.126766 89.051888 48.580818 -17.658001 -5.987314 28.196144 2.243546 -5.255042 -3.18016 14.282905 -0.826596 6.952511 -0.0 -12.690616 -1e-06 16.16349 -18.362394 3.147981 1.665669 -1.955924 -2.878303 4.727804 -4.170592 4.993929 11.020536 3e-06 -1e-06 12.109064 -3.735719 -2.866787 -0.0 -0.0 0.0 1.291986 -1.928551 -1.49809 14.800146 0.567469 3.865613 14.242586 -1.341737 -6.660666 19.631987 0.143926 -0.648246 49.642387 -1.148096 -6.469585 0.353029 -1.511152 -0.031939 20.222811 3.684313 2.316633 18.787291 5e-06 -1e-06 10.751639 -0.47987 1.397908 -1e-06 0.0 0.0 3.273811 0.305947 -0.58011 21.486835 11.830383 2.266136 8.162937 -2e-06 1e-06 18.399103 -3.798989 -4.940581 4e-06 -3e-06 -0.0 6.464696 20.663198 -15.309224 0.019795 -0.34339 47.369934 -14.850185 19.205008 -24.536774 1.654511 -1.792079 1.70191 0.0 -0.0 2e-06 -6.405064 6.887433 -23.104012 0.083194 0.263055 61.894314 1.178376 11.630179 -3.546502 -1.509002 0.921912 -9.042781 0.0 1e-06 -1e-06
0.0 0.0 0.0 0.0 -0.0 0.0 94.547997 94.384209 106.102898 -1.009448 43.633579 -1.462227 -0.499695 1.961391 10.024182 -0.943778 3.723363 -1.343654 -4.77054 5.863994 18.398985 -16.033039 10.033573 5.723334 1.754189 15.44997 -3.376316 -5.805526 17.165462 -25.730099 7.7e-05 -2.3e-05 6e-06 0.024506 0.002309 0.066259 0.688402 -3.752533 -10.739807 -0.645042 3.762945 -10.676264 -8.97563 5.369155 18.714243 -64.851768 -12.229006 -32.269264 28.199577 -84.650673 -26.834671 34.907906 -6.206724 -41.591171 -5.882108 9.861292 0.702591 -10.936877 -0.360575 7.156208 0.0 8.774831 -1e-06 -15.782056 17.045321 4.692657 -1.844033 2.498506 -2.507279 -10.163602 4.678948 4.62111 -20.97603 -3e-06 1e-06 -21.226299 2.451699 -3.594004 1e-06 -6e-06 -0.0 -1.362683 2.2408 -0.746324 -21.334921 0.58491 3.008323 -13.821218 -2e-06 1e-06 -23.887178 -0.249079 -0.839485 -57.828911 2.455083 -1.186503 -0.294026 1.679688 0.833256 -14.218215 0.093215 1.30058 -34.212067 -0.287564 0.967168 -20.033222 0.964536 1.212843 2e-06 -0.0 -0.0 -3.440389 0.788234 0.501656 -15.928192 -3.167311 2.999707 -6.338829 -1e-06 1e-06 -18.123453 3.648186 -4.905674 -3e-06 -0.0 -2e-06 -24.97311 24.937372 7.061402 63.920982 36.892216 19.428698 161.149719 85.456535 162.58519 -17.046583 -7.923612 27.738911 2.243543 -5.255037 -3.180157 14.282898 -0.826598 6.952507 -1e-06 -12.690609 4e-06 15.761328 -18.508923 3.528086 1.665668 -1.955922 -2.878301 4.727801 -4.170589 4.993926 11.020531 3e-06 -1e-06 12.109058 -3.735717 -2.866784 1e-06 1e-06 -1e-06 1.291987 -1.928549 -1.498089 14.800138 0.567468 3.865609 14.24258 -1.341736 -6.660658 19.631977 0.143925 -0.648245 49.601822 -0.873981 -6.425674 0.35303 -1.511152 -0.03194 20.222803 3.684309 2.316632 18.787287 4e-06 1e-06 10.751635 -0.479868 1.397906 -1e-06 -0.0 -0.0 3.273808 0.305947 -0.580112 21.486826 11.830378 2.266133 8.16293 0.0 -0.0 18.399092 -3.798986 -4.940577 3e-06 -3e-06 -0.0 6.995618 20.773396 -12.834263 -0.032478 -0.742568 42.086407 -15.023851 19.149565 -22.647127 1.613608 -1.842079 1.482617 0.0 -0.0 2e-06 -4.64867 8.940784 -22.601723 0.230819 0.265681 58.252621 3.497636 11.229335 0.270456 -1.505117 0.933294 -7.507409 0.0 0.0 -0.0
0.0 0.0 0.0 0.0 -0.0 0.0 95.562706 96.57682 106.52169 -2.202424 40.159058 -1.609331 -0.635366 2.561094 9.089397 -0.946538 4.913498 -1.571703 -4.473002 7.341846 17.320187 -16.615648 10.503938 4.093374 1.633666 15.826371 -3.416691 -4.704305 19.042658 -24.106949 7.7e-05 -2.3e-05 6e-06 0.030817 -0.043892 0.069698 0.671797 -3.848527 -10.856561 -0.612542 3.767642 -10.775162 -11.301015 6.993864 17.650402 -62.101276 -12.254286 -31.126787 6.966715 -77.819801 -6.226367 36.02739 -5.137516 -42.625717 -5.882108 9.861286 0.70259 -10.936874 -0.360574 7.15621 0.0 8.774828 -1e-06 -16.046156 17.177347 4.520539 -1.844033 2.498505 -2.507279 -10.163601 4.678945 4.621112 -20.976027 -3e-06 3e-06 -21.226288 2.451696 -3.594 -1e-06 -7e-06 1e-06 -1.362682 2.240798 -0.746324 -21.334919 0.584909 3.008326 -13.821217 -3e-06 4e-06 -23.887173 -0.249077 -0.839481 -58.42458 2.367183 -1.43396 -0.294026 1.679688 0.833256 -14.218213 0.093214 1.300582 -34.212055 -0.287562 0.967174 -20.033215 0.964539 1.212846 1e-06 -0.0 0.0 -3.44039 0.788233 0.501656 -15.928191 -3.16731 2.99971 -6.338828 -1e-06 2e-06 -18.123451 3.648184 -4.90567 -5e-06 0.0 -2e-06 -25.12788 27.007019 6.486858 54.748028 34.175087 12.971594 172.003113 81.046608 173.296158 -15.936903 -9.996573 30.031126 2.243543 -5.255037 -3.180159 14.282894 -0.826597 6.952506 -1e-06 -12.690603 3e-06 15.494611 -18.498657 3.864316 1.665668 -1.955921 -2.8783 4.727801 -4.170588 4.993926 11.020528 3e-06 -0.0 12.109052 -3.735716 -2.866783 0.0 0.0 0.0 1.291986 -1.92855 -1.49809 14.800131 0.567468 3.865611 14.242573 -1.341737 -6.660658 19.631969 0.143925 -0.648245 49.237949 -0.405603 -6.62085 0.353028 -1.51115 -0.031941 20.222797 3.684309 2.316631 18.787279 3e-06 1e-06 10.751633 -0.479871 1.397906 -0.0 -1e-06 -0.0 3.273807 0.305947 -0.580111 21.486816 11.830374 2.266131 8.162927 -0.0 1e-06 18.399084 -3.798985 -4.940575 3e-06 0.0 -1e-06 7.462315 21.357901 -7.348959 0.106051 -1.20723 32.534374 -14.199017 21.295639 -18.117556 1.675454 -1.931968 1.00285 0.0 0.0 2e-06 -2.141861 16.893589 -21.300629 0.18949 0.490161 51.210117 7.786919 8.919699 0.610573 -1.482125 1.060598 -0.710216 -1e-06 1e-06 -2e-06
0.0 0.0 0.0 0.0 -0.0 0.0 96.056641 100.322594 109.252884 -3.015284 55.091942 0.263094 -1.366652 2.210956 8.084043 -1.403426 3.751181 -1.793511 -2.719976 3.520236 15.103661 -11.69287 8.044807 3.580801 1.22961 13.903409 -3.538917 -2.430115 17.407099 -20.205906 7.7e-05 -2.3e-05 6e-06 0.003838 0.034212 0.0471 0.604089 -3.859905 -11.137671 -0.593493 3.93113 -11.05372 -8.934503 1.126832 18.500721 -62.616539 -13.848906 -28.854565 -0.287936 -65.876389 -0.520493 37.043499 -3.434206 -42.219555 -5.882107 9.861291 0.702592 -10.936876 -0.360574 7.156209 3e-06 8.774831 0.0 -16.127748 16.634743 4.163444 -1.844034 2.498505 -2.507279 -10.163604 4.678947 4.621112 -20.976034 -3e-06 3e-06 -21.226295 2.451698 -3.594001 0.0 -6e-06 -0.0 -1.362683 2.240799 -0.746323 -21.334923 0.58491 3.008325 -13.82122 -1e-06 3e-06 -23.88718 -0.249077 -0.839482 -58.797451 2.31263 -1.837221 -0.294026 1.679688 0.833257 -14.218216 0.093214 1.300582 -34.212067 -0.287563 0.967174 -20.033226 0.964538 1.212846 2e-06 -0.0 -0.0 -3.44039 0.788233 0.501656 -15.928192 -3.167311 2.999709 -6.338829 0.0 1e-06 -18.123453 3.648185 -4.905672 -4e-06 -1e-06 -1e-06 -17.021383 21.719933 10.30498 41.859371 23.242203 5.303869 178.004944 78.297462 -179.118851 -16.314867 -7.281229 36.38969 2.243544 -5.255039 -3.18016 14.282908 -0.826594 6.952507 -6e-06 -12.690612 1e-06 15.780631 -18.285906 3.794637 1.665667 -1.955922 -2.878301 4.727804 -4.170588 4.993927 11.020537 5e-06 -2e-06 12.109062 -3.735716 -2.866786 1e-06 0.0 0.0 1.291986 -1.92855 -1.498091 14.800144 0.567471 3.865609 14.242585 -1.341734 -6.660663 19.631985 0.143929 -0.648245 49.227589 -0.858367 -6.784569 0.353029 -1.511151 -0.03194 20.222811 3.684315 2.316631 18.787292 8e-06 -1e-06 10.751641 -0.479867 1.397907 1e-06 -0.0 0.0 3.273809 0.305948 -0.580111 21.486839 11.830388 2.266133 8.162937 2e-06 -1e-06 18.399099 -3.798982 -4.940578 3e-06 0.0 -1e-06 8.126384 12.62605 -9.013158 0.105228 -1.565303 23.518995 -10.060643 16.853106 -2.236712 1.801658 -2.176937 -3.476687 0.0 -0.0 2e-06 0.619737 17.57856 -16.201292 0.158183 1.143098 35.656212 6.954259 -3.879615 -4.311363 -1.37513 0.958702 2.959691 -0.0 1e-06 -1e-06
0.0 0.0 0.0 0.0 -0.0 0.0 96.124443 102.368721 110.989594 18.193178 85.382759 25.420851 -1.891298 0.399421 7.152882 -1.342761 -1.240792 -2.39405 -2.831732 -3.010899 13.34219 1.23494 1.853852 2.831443 0.167377 7.512927 -3.673565 -4.697478 9.637194 -14.620302 7.7e-05 -2.2e-05 6e-06 -0.010716 0.224027 -0.014625 0.657958 -3.570544 -10.704475 -0.674751 4.020918 -10.721803 -0.341897 -10.805526 19.160135 -67.010338 -18.196241 -25.183779 0.056597 -54.159718 0.759863 28.280003 -3.657516 -34.016926 -5.882105 9.861283 0.702589 -10.936868 -0.360576 7.156205 -1e-06 8.774825 -2e-06 -16.249575 16.665014 3.925555 -1.844031 2.498506 -2.507278 -10.163598 4.678943 4.621109 -20.976017 -3e-06 2e-06 -21.226282 2.451697 -3.594001 2e-06 -3e-06 -0.0 -1.362682 2.240798 -0.746324 -21.334908 0.584909 3.008324 -13.821209 -3e-06 2e-06 -23.887161 -0.249079 -0.839482 -58.191662 2.491521 -1.359515 -0.294027 1.679686 0.833256 -14.218207 0.093216 1.30058 -34.212036 -0.287564 0.967168 -20.033209 0.964537 1.212843 1e-06 1e-06 0.0 -3.440387 0.788232 0.501654 -15.928183 -3.167308 2.999708 -6.338823 0.0 1e-06 -18.12344 3.648184 -4.905669 -4e-06 -2e-06 -2e-06 -9.583908 10.113496 13.402909 39.905132 1.893747 -11.161082 161.512466 75.383865 166.147018 -22.401758 4.554253 29.272459 2.243542 -5.255037 -3.180159 14.282896 -0.826594 6.952506 -2e-06 -12.690605 -0.0 16.858696 -17.87863 3.518178 1.665667 -1.955922 -2.8783 4.7278 -4.170588 4.993925 11.020531 4e-06 -1e-06 12.109055 -3.735715 -2.866785 2e-06 -0.0 0.0 1.291986 -1.928549 -1.49809 14.800132 0.567469 3.865609 14.242579 -1.341735 -6.66066 19.631975 0.143927 -0.648244 49.95335 -0.788727 -6.782041 0.353029 -1.51115 -0.03194 20.222799 3.684312 2.316631 18.787281 6e-06 0.0 10.751632 -0.479869 1.397907 -2e-06 -0.0 0.0 3.273808 0.305947 -0.580111 21.486824 11.830376 2.266135 8.162932 2e-06 -0.0 18.39909 -3.798984 -4.940576 3e-06 -0.0 -1e-06 6.464467 2.86381 -20.303093 0.200989 -1.476972 18.636963 -8.929082 1.852306 14.163492 1.810411 -2.22433 -3.800326 -0.0 -0.0 2e-06 1.299401 2.382719 -15.549407 -0.139484 0.495473 21.254896 -3.480031 -19.245649 -2.954574 -1.337271 0.937986 4.2878 -0.0 -0.0 -1e-06
0.0 0.0 0.0 0.0 -0.0 0.0 97.350555 103.562508 111.778305 106.980614 87.061287 113.467491 -2.154731 0.134754 6.154098 -1.372215 -1.450979 -2.425227 -3.45889 -2.968833 13.292715 3.619739 1.322021 1.155912 0.403259 5.757703 -3.6685 -4.872184 8.282624 -11.912794 7.7e-05 -2.2e-05 5e-06 0.00076 0.121128 -0.047848 0.690533 -3.629465 -10.650847 -0.681206 3.865455 -10.66818 -1.500291 -11.664333 18.023602 -64.767197 -19.25836 -17.920227 2.108729 -42.386887 -0.455969 20.644857 -3.263324 -28.153543 -5.882108 9.861286 0.702592 -10.936873 -0.360573 7.156209 1e-06 8.77483 -0.0 -16.170959 16.518158 4.119233 -1.844032 2.498506 -2.507278 -10.163601 4.678944 4.621111 -20.976027 -4e-06 2e-06 -21.22629 2.451697 -3.594001 1e-06 -6e-06 1e-06 -1.36268 2.240799 -0.746323 -21.334921 0.584908 3.008324 -13.821218 -5e-06 2e-06 -23.887177 -0.24908 -0.839482 -58.207222 2.50001 -1.172421 -0.294025 1.679687 0.833256 -14.21821 0.093212 1.300581 -34.212051 -0.287564 0.967173 -20.033215 0.964537 1.212845 -1e-06 3e-06 -0.0 -3.440388 0.788234 0.501656 -15.928189 -3.167313 2.999709 -6.338827 -1e-06 1e-06 -18.123447 3.648182 -4.905672 -4e-06 1e-06 -1e-06 -7.777804 8.871885 14.914034 37.010921 -13.707372 -25.124493 105.658203 82.096291 108.159592 -35.527565 8.933463 28.525793 2.243542 -5.255038 -3.180158 14.2829 -0.826594 6.952507 -3e-06 -12.690609 0.0 20.486908 -18.04793 1.50392 1.665667 -1.955923 -2.878299 4.727801 -4.170589 4.993927 11.020535 3e-06 -1e-06 12.109059 -3.735717 -2.866784 0.0 0.0 -0.0 1.291986 -1.928549 -1.49809 14.80014 0.56747 3.86561 14.24258 -1.341736 -6.660661 19.631979 0.143926 -0.648243 53.14999 -0.647 -6.835616 0.35303 -1.511151 -0.031941 20.222803 3.684314 2.316632 18.787287 7e-06 1e-06 10.751634 -0.479868 1.397908 -2e-06 1e-06 -1e-06 3.273809 0.305946 -0.58011 21.486828 11.830382 2.266136 8.162931 3e-06 -2e-06 18.399094 -3.798987 -4.940577 3e-06 -1e-06 -1e-06 2.735243 14.110753 -19.957167 -0.014722 -1.068368 21.658615 -5.033293 -1.442586 14.176195 1.827181 -1.904369 -2.303005 0.0 -0.0 3e-06 1.321511 -0.92024 -14.570269 -0.041219 -0.000711 8.217864 -9.663101 -17.447029 4.198705 -1.354992 1.095534 4.173364 0.0 0.0 -1e-06
0.0 0.0 0.0 0.0 -0.0 0.0 99.199585 103.287468 112.241089 72.213623 85.886383 75.913345 -3.049815 0.753395 5.801351 -1.578188 -0.896727 -2.72994 -4.202929 -1.411066 12.494088 4.636851 1.112836 2.470437 0.711993 6.08495 -3.531705 -4.848651 8.223431 -10.117421 7.7e-05 -2.2e-05 6e-06 0.022924 0.124028 -0.076007 0.700797 -3.639843 -10.777734 -0.647388 3.887856 -10.79852 -2.297479 -9.438495 17.58131 -63.090847 -18.167601 -10.13606 1.187261 -33.26017 -0.186641 13.258483 -1.438603 -16.675308 -5.882107 9.861286 0.702591 -10.936875 -0.360574 7.156211 1e-06 8.774827 -1e-06 -16.678192 16.874458 4.36837 -1.844033 2.498505 -2.507278 -10.163603 4.678946 4.621113 -20.976028 -3e-06 6e-06 -21.226292 2.451699 -3.593998 1e-06 -5e-06 -1e-06 -1.362681 2.240797 -0.746323 -21.334919 0.584911 3.008329 -13.821217 -0.0 5e-06 -23.887177 -0.249073 -0.839478 -59.837254 2.410453 -0.855388 -0.294026 1.679687 0.833256 -14.218212 0.093214 1.300584 -34.212055 -0.28756 0.967177 -20.033218 0.964541 1.212847 0.0 -0.0 -0.0 -3.440389 0.788233 0.501657 -15.928192 -3.167309 2.999711 -6.338829 -1e-06 2e-06 -18.123451 3.648184 -4.905669 -3e-06 1e-06 -2e-06 -11.623587 9.92971 14.060718 37.239902 -22.94615 -37.39904 24.326756 63.628712 19.790367 -44.198158 -2.70995 10.238528 2.243541 -5.255037 -3.180157 14.282887 -0.826595 6.952501 -2e-06 -12.690602 -0.0 19.209511 -17.518995 -0.326011 1.665667 -1.955922 -2.878298 4.727797 -4.170586 4.993923 11.020522 2e-06 -1e-06 12.10905 -3.735715 -2.866783 0.0 0.0 -0.0 1.291986 -1.928549 -1.498088 14.800125 0.567467 3.865607 14.242568 -1.341738 -6.660657 19.631962 0.143925 -0.648245 49.000465 -0.798297 -7.644817 0.353029 -1.511152 -0.031939 20.222786 3.684309 2.31663 18.78727 4e-06 -0.0 10.751625 -0.479868 1.397906 0.0 2e-06 0.0 3.273808 0.305948 -0.580111 21.486809 11.830373 2.266133 8.162924 3e-06 -1e-06 18.399076 -3.798985 -4.940576 3e-06 -2e-06 -1e-06 2.644103 32.06485 -18.145693 -0.1389 -0.295417 38.216179 -5.633619 -5.817755 10.99019 1.833894 -1.65378 -1.604539 0.0 -0.0 3e-06 0.893189 -0.063225 -13.283976 0.108674 -0.475587 1.431538 -8.80811 -8.630939 14.758532 -1.337195 1.133356 4.180487 0.0 -0.0 -1e-06
0.0 0.0 0.0 0.0 -0.0 0.0 100.837944 101.71701 112.728188 66.785553 85.635109 67.467377 -3.065714 0.890998 5.157408 -1.729662 -0.776908 -3.111788 -4.480089 -1.66233 11.915596 4.809367 1.082177 4.650484 1.212343 6.736763 -3.524143 -4.871906 9.440462 -8.192942 7.7e-05 -2.2e-05 6e-06 0.055593 0.017948 -0.06526 0.695766 -3.782238 -10.772722 -0.579032 3.82238 -10.835068 -4.499133 -8.162702 17.634375 -60.731262 -14.553819 -7.797267 -0.905759 -30.455353 0.47998 8.00124 -1.380529 -8.780104 -5.882112 9.861296 0.70259 -10.936877 -0.360575 7.156209 -0.0 8.774833 -0.0 -16.316393 16.988531 4.672806 -1.844033 2.498507 -2.507279 -10.163605 4.678948 4.62111 -20.976038 -3e-06 -0.0 -21.226303 2.451699 -3.594005 1e-06 -6e-06 -1e-06 -1.362682 2.2408 -0.746325 -21.334929 0.584911 3.008322 -13.821223 -1e-06 0.0 -23.887186 -0.249079 -0.839487 -58.941814 2.086578 -0.81337 -0.294024 1.679688 0.833256 -14.218218 0.093214 1.30058 -34.212074 -0.287566 0.967169 -20.033228 0.964535 1.212842 1e-06 -0.0 -1e-06 -3.440391 0.788235 0.501656 -15.928196 -3.16731 2.999708 -6.33883 0.0 -0.0 -18.123459 3.648185 -4.905676 -5e-06 1e-06 -2e-06 -11.825505 8.659309 13.086993 28.588083 -24.315529 -46.10498 10.035101 38.957546 4.693186 -40.092617 -11.241376 -15.143962 2.243546 -5.255042 -3.180161 14.282907 -0.826597 6.952512 -3e-06 -12.690618 1e-06 16.692163 -17.640106 1.966057 1.665667 -1.955924 -2.8783 4.727805 -4.170592 4.993929 11.020538 1e-06 -2e-06 12.109066 -3.73572 -2.866786 -0.0 0.0 1e-06 1.291986 -1.928552 -1.498092 14.800146 0.567468 3.865611 14.242588 -1.341739 -6.660665 19.63199 0.143925 -0.648246 48.805058 -0.855529 -7.021697 0.353029 -1.511152 -0.03194 20.222815 3.684312 2.316633 18.787296 4e-06 -4e-06 10.751641 -0.47987 1.397907 0.0 -2e-06 -1e-06 3.273811 0.305947 -0.580109 21.486837 11.830387 2.266136 8.162935 2e-06 -1e-06 18.399103 -3.79899 -4.940582 3e-06 0.0 -1e-06 8.879565 37.722599 -13.429158 -0.282733 -0.262648 53.580914 -5.538721 -4.417876 9.016042 1.809957 -1.621137 -1.137903 2e-06 -0.0 3e-06 1.009274 0.453137 -12.231346 0.155337 -0.451489 6.412789 -7.712854 -6.34465 10.85045 -1.334368 1.08181 4.271019 0.0 0.0 -2e-06
0.0 0.0 0.0 0.0 -0.0 0.0 102.010605 100.445259 112.990044 67.532707 87.657234 65.618645 -1.777105 0.553014 4.562662 -1.384124 -1.56107 -3.264175 -4.221921 -2.845235 12.190579 4.631419 1.744951 5.262472 1.578469 7.449289 -3.438591 -5.405582 11.63425 -8.014941 7.7e-05 -2.3e-05 6e-06 0.039866 -0.019038 -0.068621 0.699725 -3.824136 -10.714678 -0.616835 3.792535 -10.76989 -7.66953 -8.001546 17.522589 -57.561501 -10.772758 -6.95906 -2.287636 -28.97645 0.700531 2.880397 0.219653 -5.308791 -5.882113 9.861292 0.702589 -10.936884 -0.360575 7.156209 2e-06 8.774831 0.0 -16.091848 16.762926 4.728868 -1.844034 2.498507 -2.507279 -10.163612 4.678947 4.621109 -20.976053 -7e-06 0.0 -21.226318 2.451694 -3.594002 0.0 -6e-06 0.0 -1.362684 2.240799 -0.746324 -21.334942 0.584907 3.008321 -13.821233 -5e-06 2e-06 -23.887201 -0.249085 -0.839486 -58.344261 1.844845 -1.038109 -0.294026 1.679688 0.833256 -14.218227 0.093213 1.300578 -34.212097 -0.287571 0.967167 -20.033241 0.964533 1.212845 0.0 -1e-06 -0.0 -3.440392 0.788235 0.501655 -15.928206 -3.167313 2.999706 -6.338834 -2e-06 0.0 -18.12347 3.648181 -4.905675 -2e-06 0.0 -1e-06 -10.340756 6.209796 11.770693 16.698811 -23.63736 -49.777653 0.954493 22.907827 0.51568 -34.300262 -14.042171 -30.153086 2.243545 -5.255041 -3.180159 14.282903 -0.826599 6.952509 2e-06 -12.690616 1e-06 15.622021 -17.854797 3.572792 1.665668 -1.955924 -2.878301 4.727805 -4.170592 4.99393 11.020532 2e-06 2e-06 12.10906 -3.735721 -2.866784 -1e-06 0.0 -0.0 1.291986 -1.92855 -1.498091 14.800139 0.567465 3.865612 14.242582 -1.341741 -6.66066 19.631979 0.143922 -0.648244 50.266811 -0.64314 -6.724639 0.353028 -1.511153 -0.031938 20.222803 3.684308 2.316637 18.787289 -1e-06 2e-06 10.751637 -0.479872 1.397908 -0.0 0.0 0.0 3.273808 0.305946 -0.580109 21.486824 11.830379 2.266135 8.16293 2e-06 -0.0 18.399097 -3.798992 -4.940578 2e-06 1e-06 -1e-06 14.563084 32.397816 -9.191287 -0.393968 -0.480668 61.149517 -5.612473 1.026578 12.103953 1.795417 -1.659142 -2.230422 1e-06 1e-06 2e-06 2.989094 0.480577 -11.7808 0.113421 -0.286213 13.930704 -7.107627 -6.737205 4.256456 -1.318605 1.101798 3.674287 -0.0 -0.0 -1e-06
0.0 0.0 0.0 0.0 -0.0 0.0 102.656517 99.5653 112.951813 87.247513 88.487419 83.764023 -1.235962 0.181562 3.64006 -1.200925 -2.403193 -3.509575 -4.594254 -3.88323 12.258712 5.258558 1.641077 5.246788 1.784698 8.776609 -3.329531 -6.026124 14.044683 -7.831472 7.7e-05 -2.3e-05 6e-06 0.018727 -0.028385 -0.071946 0.691575 -3.832343 -10.699184 -0.652338 3.78511 -10.760612 -9.730431 -8.43425 17.59087 -55.40733 -8.037189 -5.765598 -2.868489 -25.779638 0.663343 -1.437268 2.512444 -3.512272 -5.882108 9.861286 0.702589 -10.936873 -0.360575 7.156202 1e-06 8.774826 -2e-06 -16.130579 16.405262 4.505918 -1.844034 2.498505 -2.507278 -10.163603 4.678946 4.621107 -20.97603 -3e-06 1e-06 -21.226294 2.451697 -3.594002 -1e-06 -7e-06 -1e-06 -1.362682 2.240799 -0.746323 -21.334921 0.584909 3.00832 -13.821218 -3e-06 1e-06 -23.887175 -0.24908 -0.839486 -58.391972 1.828522 -1.325812 -0.294026 1.679688 0.833256 -14.218214 0.093214 1.300577 -34.212063 -0.287566 0.967168 -20.033218 0.964534 1.212841 1e-06 0.0 -1e-06 -3.440389 0.788233 0.501655 -15.928191 -3.16731 2.999704 -6.338829 -1e-06 1e-06 -18.123455 3.648183 -4.905672 -3e-06 0.0 -3e-06 -11.412794 4.229191 11.315405 10.180413 -24.024273 -47.899723 -3.461908 13.760648 -0.484232 -27.666685 -17.129959 -37.898788 2.243541 -5.255039 -3.180159 14.282894 -0.826595 6.952507 0.0 -12.690607 -2e-06 15.398381 -18.03743 3.785211 1.665664 -1.955923 -2.8783 4.7278 -4.170588 4.993925 11.020525 3e-06 -1e-06 12.109052 -3.735717 -2.866785 1e-06 -0.0 -2e-06 1.291985 -1.928551 -1.498088 14.800127 0.567468 3.865611 14.242568 -1.341739 -6.660661 19.631964 0.143923 -0.648244 51.317001 -0.86118 -6.830774 0.353028 -1.51115 -0.031939 20.222792 3.684309 2.316633 18.787275 3e-06 0.0 10.751631 -0.47987 1.397907 0.0 1e-06 -2e-06 3.273807 0.305947 -0.580111 21.486822 11.830376 2.266139 8.162929 -0.0 0.0 18.399088 -3.798986 -4.940576 2e-06 0.0 -1e-06 15.881711 26.651339 -6.081458 -0.284294 -0.713215 61.562763 -9.602267 0.580001 19.552977 1.779797 -1.680305 -3.559811 1e-06 1e-06 2e-06 3.524951 0.658627 -10.808764 0.133919 -0.217959 17.402023 -5.889957 -7.540669 0.3077 -1.321665 1.114819 3.495497 -0.0 -0.0 -1e-06
0.0 0.0 0.0 0.0 -0.0 0.0 103.017044 99.4618 112.626755 90.105911 88.052376 86.424599 -1.48135 -0.110803 2.322855 -1.200704 -2.820121 -3.788374 -5.184665 -4.511755 11.822319 6.512722 1.430546 4.50328 1.965621 10.115149 -3.231641 -6.083317 16.213776 -7.184923 7.7e-05 -2.1e-05 6e-06 0.009835 -0.043118 -0.089655 0.682274 -3.829946 -10.66863 -0.658956 3.756846 -10.737595 -10.791113 -9.04662 17.706467 -55.036499 -6.097202 -6.022927 -2.49701 -22.834455 0.669636 -2.63087 3.198829 -2.658855 -5.882104 9.861284 0.702591 -10.936866 -0.360574 7.156206 -0.0 8.774823 -0.0 -16.061041 16.372911 4.612839 -1.844032 2.498504 -2.507277 -10.163596 4.678945 4.621109 -20.976015 -1e-06 4e-06 -21.226273 2.451698 -3.593999 -1e-06 -6e-06 0.0 -1.362681 2.240797 -0.746322 -21.334906 0.584912 3.008324 -13.821208 -1e-06 3e-06 -23.887159 -0.249075 -0.839482 -58.702866 1.941221 -1.436959 -0.294024 1.679687 0.833256 -14.218203 0.093216 1.300582 -34.212036 -0.287559 0.967171 -20.033209 0.964538 1.212842 0.0 -1e-06 -2e-06 -3.440387 0.788233 0.501658 -15.928181 -3.167308 2.999708 -6.338825 -1e-06 3e-06 -18.12344 3.648183 -4.905666 -3e-06 -0.0 -2e-06 -11.858238 3.023675 11.118095 5.417778 -25.936096 -43.734497 -3.190339 10.76833 -0.543413 -22.073687 -16.005768 -42.231678 2.243541 -5.255034 -3.180157 14.282887 -0.826593 6.952503 -1e-06 -12.690601 -1e-06 15.630063 -18.01144 3.663564 1.665665 -1.955923 -2.878298 4.7278 -4.170585 4.993921 11.020524 4e-06 -0.0 12.109053 -3.735715 -2.866782 1e-06 0.0 -0.0 1.291983 -1.928549 -1.498087 14.800125 0.567469 3.865607 14.24257 -1.341735 -6.660655 19.631966 0.143927 -0.648243 51.455505 -0.969602 -6.531909 0.353028 -1.511149 -0.031939 20.222786 3.684309 2.316631 18.78727 5e-06 0.0 10.751627 -0.479869 1.397906 0.0 2e-06 -1e-06 3.273806 0.305949 -0.58011 21.486813 11.830371 2.266132 8.162927 1e-06 0.0 18.39908 -3.798985 -4.940572 3e-06 -1e-06 -1e-06 14.609934 23.498737 -3.34709 -0.181004 -0.825364 57.479069 -14.310216 -0.922254 25.046734 1.744655 -1.600964 -4.667257 0.0 -0.0 2e-06 2.873704 1.645741 -10.234792 0.101931 -0.276684 17.978075 -4.83088 -7.762391 -1.07499 -1.327469 1.167827 3.276617 -0.0 0.0 -1e-06
0.0 0.0 0.0 0.0 -0.0 0.0 103.230049 99.548935 112.291695 85.857872 87.445259 82.254532 -1.859755 -0.310848 1.373919 -1.322247 -2.951216 -4.048938 -5.643501 -4.999299 11.116919 7.723669 1.140506 3.69139 2.195396 11.17963 -3.174752 -5.468653 17.774328 -6.636448 7.7e-05 -2e-05 6e-06 0.003832 -0.055012 -0.091268 0.698182 -3.834057 -10.703748 -0.684299 3.737632 -10.777821 -9.852746 -9.48211 17.809183 -57.332977 -4.222505 -7.154495 -1.417252 -22.749794 0.544615 -1.196575 2.734067 -3.899954 -5.882107 9.861288 0.702591 -10.936872 -0.360574 7.156208 -0.0 8.774827 -0.0 -16.095518 16.51133 4.904701 -1.844032 2.498504 -2.507278 -10.163599 4.678946 4.62111 -20.976023 -2e-06 4e-06 -21.226286 2.451699 -3.593999 -1e-06 -7e-06 -1e-06 -1.362681 2.240798 -0.746324 -21.334911 0.584911 3.008325 -13.821212 -1e-06 4e-06 -23.887167 -0.249075 -0.839483 -59.312119 1.97396 -1.313604 -0.294024 1.679687 0.833257 -14.218207 0.093215 1.300582 -34.212048 -0.287561 0.967173 -20.033211 0.96454 1.212843 -1e-06 -0.0 -2e-06 -3.440389 0.788234 0.501656 -15.928185 -3.167309 2.999708 -6.338828 -1e-06 3e-06 -18.123444 3.648186 -4.905668 -3e-06 -0.0 -2e-06 -12.447305 2.231923 11.0282 2.511782 -28.142204 -38.835678 -0.753182 11.281844 -0.513736 -17.292212 -12.263519 -42.203377 2.243543 -5.255039 -3.180159 14.282896 -0.826595 6.952508 -2e-06 -12.69061 -1e-06 15.695596 -17.955971 3.318507 1.665667 -1.955922 -2.8783 4.727802 -4.170587 4.993927 11.02053 6e-06 0.0 12.109057 -3.735716 -2.866786 0.0 -0.0 -0.0 1.291986 -1.928549 -1.498091 14.800138 0.567469 3.86561 14.242577 -1.341738 -6.660661 19.631975 0.143923 -0.648243 50.486874 -1.040629 -6.426127 0.353028 -1.51115 -0.03194 20.222801 3.684312 2.316633 18.787283 6e-06 1e-06 10.751633 -0.479869 1.397907 0.0 0.0 -1e-06 3.273809 0.305947 -0.580111 21.486824 11.83038 2.266137 8.16293 3e-06 1e-06 18.399088 -3.798985 -4.940574 3e-06 0.0 -1e-06 13.16297 21.537741 -0.682992 -0.105094 -0.904247 51.600719 -17.981894 -1.558671 29.266319 1.883711 -1.611996 -6.465715 -0.0 -0.0 2e-06 2.099979 2.912471 -9.604735 0.051707 -0.325289 17.268658 -4.245005 -8.039762 -1.2561 -1.337523 1.185696 2.959165 0.0 0.0 -1e-06
0.0 0.0 0.0 0.0 -0.0 0.0 103.470871 99.654297 111.986946 87.210754 87.194878 83.644463 -2.053861 -0.425001 0.648151 -1.457355 -2.994187 -4.320436 -5.880849 -5.290877 10.584649 8.897614 0.737363 3.396057 2.357676 11.773316 -3.115803 -4.781178 18.710495 -6.036635 7.7e-05 -2.1e-05 6e-06 0.000675 -0.08626 -0.075909 0.692069 -3.861729 -10.719517 -0.682839 3.703002 -10.796758 -9.143541 -9.625818 17.651115 -59.107994 -2.21327 -6.807836 -0.385632 -25.165762 0.304717 0.265443 1.010103 -6.919712 -5.882111 9.861292 0.702593 -10.93688 -0.360575 7.156209 0.0 8.774831 -2e-06 -16.075274 16.829731 5.185334 -1.844034 2.498506 -2.507278 -10.163609 4.678948 4.621109 -20.97604 -2e-06 5e-06 -21.226303 2.4517 -3.594002 -0.0 -6e-06 1e-06 -1.362682 2.240798 -0.746323 -21.33493 0.58491 3.008326 -13.821225 -2e-06 5e-06 -23.887188 -0.249077 -0.839482 -59.747627 2.045357 -1.303894 -0.294025 1.679689 0.833256 -14.218221 0.093215 1.300581 -34.212078 -0.287563 0.967173 -20.03323 0.964538 1.212846 0.0 -1e-06 -1e-06 -3.440392 0.788234 0.501656 -15.928201 -3.167312 2.999709 -6.338832 -0.0 2e-06 -18.123463 3.648185 -4.905674 -3e-06 0.0 -3e-06 -12.340373 1.276721 10.942532 0.36725 -29.849354 -34.817711 0.901675 12.722844 -0.549262 -14.827398 -9.033567 -42.215462 2.243543 -5.255041 -3.180159 14.282903 -0.8266 6.95251 2e-06 -12.690618 -0.0 15.79038 -17.875082 3.173099 1.665671 -1.955923 -2.878302 4.727803 -4.170592 4.99393 11.020534 1e-06 1e-06 12.10906 -3.735721 -2.866785 -1e-06 0.0 0.0 1.291985 -1.928553 -1.498089 14.80014 0.567468 3.865614 14.242581 -1.34174 -6.660661 19.631983 0.143921 -0.648242 49.912067 -1.105088 -6.426603 0.353028 -1.511149 -0.031939 20.222805 3.684309 2.316636 18.787287 -1e-06 2e-06 10.751637 -0.479872 1.39791 0.0 0.0 -1e-06 3.273809 0.305946 -0.58011 21.486828 11.830384 2.26614 8.162936 -1e-06 -0.0 18.399099 -3.798994 -4.940578 3e-06 2e-06 0.0 12.212032 20.150488 1.820855 -0.04375 -0.925818 46.77906 -18.917454 -0.894362 30.541977 2.006217 -1.666845 -8.439078 0.0 0.0 2e-06 1.641335 4.160975 -8.677758 0.015544 -0.340582 15.856822 -3.799597 -8.581114 -0.901621 -1.351794 1.195178 2.343341 0.0 0.0 -1e-06
0.0 0.0 0.0 0.0 -0.0 0.0 103.546906 99.640358 111.717438 88.166534 87.089058 84.472542 -2.174874 -0.459227 0.162747 -1.50414 -3.003766 -4.545949 -6.068121 -5.370484 10.3133 9.639399 0.497906 3.46978 2.620767 12.041233 -3.011453 -4.427707 19.315767 -5.384969 7.7e-05 -2.4e-05 6e-06 0.002678 -0.099043 -0.080135 0.679749 -3.879718 -10.731525 -0.666446 3.695631 -10.812515 -9.160224 -9.714448 17.235035 -59.093788 -0.664022 -5.033792 -0.303576 -27.75971 0.268028 -0.10063 0.386638 -7.3346 -5.882107 9.861285 0.702589 -10.936873 -0.360575 7.156207 2e-06 8.774826 1e-06 -15.969285 17.082785 5.240446 -1.844032 2.498503 -2.507277 -10.163602 4.678944 4.621109 -20.976027 -5e-06 4e-06 -21.226292 2.451694 -3.593998 -2e-06 -6e-06 1e-06 -1.362682 2.240798 -0.746323 -21.334919 0.584908 3.008324 -13.821215 -3e-06 2e-06 -23.887175 -0.24908 -0.839481 -59.548958 2.162221 -1.428523 -0.294024 1.679687 0.833256 -14.218212 0.093214 1.300581 -34.212051 -0.287565 0.967171 -20.033218 0.964536 1.212844 1e-06 0.0 -0.0 -3.440389 0.788232 0.501656 -15.928189 -3.16731 2.999707 -6.338828 -3e-06 1e-06 -18.123446 3.648182 -4.905669 -3e-06 -0.0 -2e-06 -11.674296 0.625892 10.713794 -1.185201 -30.819166 -33.070839 0.860278 13.278948 -0.704351 -13.916401 -7.657913 -42.071724 2.243544 -5.255038 -3.180159 14.282896 -0.826596 6.952506 -1e-06 -12.690605 -0.0 15.83785 -17.804903 3.190482 1.665667 -1.955922 -2.878299 4.727801 -4.170588 4.993925 11.020525 3e-06 -1e-06 12.109053 -3.735718 -2.866785 -1e-06 -1e-06 -1e-06 1.291988 -1.928551 -1.49809 14.800131 0.567469 3.865611 14.242572 -1.341736 -6.660658 19.631969 0.143926 -0.648246 50.00518 -1.023869 -6.451548 0.35303 -1.511151 -0.031941 20.22279 3.68431 2.316632 18.787273 3e-06 0.0 10.751629 -0.479869 1.397907 0.0 1e-06 -1e-06 3.27381 0.305948 -0.580111 21.486814 11.830376 2.266137 8.16293 -1e-06 0.0 18.399084 -3.798986 -4.940577 3e-06 1e-06 0.0 11.643003 19.57056 3.997753 -0.041747 -0.902987 44.00684 -17.923874 0.116985 29.903471 2.082224 -1.72948 -10.641084 1e-06 -0.0 2e-06 1.230883 4.883835 -8.12778 0.010833 -0.311098 15.326015 -2.900086 -8.54947 -1.169199 -1.365479 1.172258 1.687323 0.0 0.0 -1e-06
0.0 0.0 0.0 0.0 -0.0 0.0 103.410316 99.553833 111.471382 90.435692 87.260399 86.475594 -2.131098 -0.495161 -0.0654 -1.475442 -3.152776 -4.720072 -6.218066 -5.392544 10.226739 10.113121 0.460742 3.699023 2.714085 12.225089 -2.90491 -4.142519 19.781446 -4.931118 7.7e-05 -2.3e-05 6e-06 0.000129 -0.135573 -0.094659 0.675129 -3.893745 -10.693241 -0.669472 3.63714 -10.780302 -9.123454 -9.921082 16.969959 -58.501678 -0.042558 -3.418651 -0.531792 -29.460245 0.411421 -0.853044 0.454026 -6.125204 -5.882109 9.861286 0.702589 -10.936877 -0.360576 7.156206 1e-06 8.774827 -2e-06 -15.792909 17.182524 5.349562 -1.844034 2.498506 -2.507278 -10.163604 4.678944 4.621107 -20.976032 -5e-06 1e-06 -21.226295 2.451695 -3.594 0.0 -7e-06 0.0 -1.362682 2.240798 -0.746323 -21.334925 0.584907 3.008322 -13.82122 -5e-06 1e-06 -23.88718 -0.249081 -0.839483 -59.405754 2.113497 -1.376063 -0.294025 1.679687 0.833257 -14.218215 0.093214 1.300577 -34.212067 -0.287568 0.967169 -20.033224 0.964534 1.212843 1e-06 -1e-06 -0.0 -3.440389 0.788233 0.501656 -15.928192 -3.16731 2.999705 -6.33883 -2e-06 2e-06 -18.123455 3.648182 -4.905671 -4e-06 1e-06 -2e-06 -11.100752 0.330945 10.577893 -2.140572 -31.327089 -31.938101 0.207399 13.190928 -0.755439 -12.874202 -6.631261 -42.048683 2.243543 -5.255042 -3.180159 14.282899 -0.8266 6.952509 1e-06 -12.690616 0.0 15.965274 -17.663212 3.078478 1.665668 -1.955922 -2.8783 4.727801 -4.170593 4.993929 11.020535 -0.0 -0.0 12.10906 -3.735722 -2.866784 0.0 -1e-06 -1e-06 1.291986 -1.92855 -1.49809 14.800139 0.567466 3.86561 14.242581 -1.341741 -6.660659 19.631979 0.143923 -0.648245 50.221237 -0.875123 -6.447804 0.35303 -1.511151 -0.031941 20.222805 3.684307 2.316632 18.787287 -1e-06 -1e-06 10.751635 -0.47987 1.397905 0.0 0.0 -1e-06 3.27381 0.305947 -0.580111 21.486826 11.83038 2.266135 8.162933 -0.0 0.0 18.399097 -3.798992 -4.94058 3e-06 1e-06 -0.0 11.560271 19.432482 5.908448 -0.003302 -0.876384 42.191292 -16.279045 0.616007 29.453583 2.099311 -1.758943 -13.211405 1e-06 -0.0 0.0 1.064157 5.17031 -8.039916 0.024823 -0.282934 15.694887 -1.79641 -8.223318 -1.906541 -1.372528 1.136254 1.155887 -0.0 -0.0 -1e-06
0.0 0.0 0.0 0.0 -0.0 0.0 103.153778 99.34639 111.232841 91.605339 87.412827 87.344719 -2.127934 -0.559282 -0.178277 -1.45895 -3.186802 -4.689892 -6.17623 -5.352824 10.085762 10.094102 0.363744 3.952687 3.007333 12.744412 -2.841634 -4.101804 19.959703 -4.445203 7.7e-05 -2.4e-05 6e-06 0.000325 -0.092385 -0.089412 0.669694 -3.856261 -10.725961 -0.662269 3.684748 -10.816565 -8.86142 -10.363544 16.578144 -57.840126 0.170225 -1.81707 -0.605734 -30.380753 0.402961 -1.218351 0.909623 -5.456106 -5.882113 9.861295 0.70259 -10.93688 -0.360573 7.156211 -1e-06 8.774831 -2e-06 -15.873039 17.328848 5.446474 -1.844034 2.498507 -2.507279 -10.163608 4.678951 4.621111 -20.976038 -1e-06 2e-06 -21.226301 2.451702 -3.594003 0.0 -7e-06 0.0 -1.362682 2.240799 -0.746323 -21.334929 0.584914 3.008325 -13.821223 -1e-06 1e-06 -23.88719 -0.249077 -0.839486 -59.388531 2.269345 -1.506307 -0.294025 1.679688 0.833256 -14.218218 0.093217 1.300581 -34.212074 -0.287559 0.96717 -20.033226 0.96454 1.212842 0.0 0.0 -0.0 -3.440392 0.788235 0.501655 -15.9282 -3.167311 2.999709 -6.338831 -1e-06 1e-06 -18.123463 3.648188 -4.905674 -3e-06 0.0 -2e-06 -10.870784 0.167606 10.497978 -2.720102 -31.774929 -31.867958 0.04139 12.932801 -0.599935 -11.628531 -5.332373 -40.132408 2.24354 -5.255038 -3.180158 14.282893 -0.826595 6.952508 0.0 -12.690607 -2e-06 15.841207 -17.542067 3.115775 1.665665 -1.955924 -2.8783 4.727798 -4.170588 4.993926 11.020528 3e-06 -0.0 12.109055 -3.735717 -2.866785 -1e-06 -0.0 1e-06 1.291984 -1.928553 -1.49809 14.800134 0.567469 3.865613 14.242574 -1.341739 -6.660661 19.631969 0.143924 -0.648243 50.084755 -0.839406 -6.422726 0.353028 -1.511152 -0.031941 20.222792 3.68431 2.316634 18.787279 2e-06 3e-06 10.751631 -0.479869 1.397908 0.0 -0.0 -1e-06 3.273808 0.305946 -0.58011 21.486818 11.830378 2.266141 8.16293 1e-06 0.0 18.399084 -3.798988 -4.940576 3e-06 2e-06 1e-06 11.620523 19.566656 7.732378 -0.07403 -0.932611 40.846092 -15.730088 0.01203 29.059429 2.091842 -1.68992 -14.826895 -1e-06 0.0 1e-06 0.942024 5.661287 -8.114538 0.018073 -0.251809 16.280853 -0.879817 -8.106609 -2.556076 -1.363141 1.220674 0.476558 -0.0 0.0 -1e-06
0.0 0.0 0.0 0.0 -0.0 0.0 102.797195 99.129219 111.040756 94.967751 87.453011 90.419487 -2.093403 -0.581994 -0.086313 -1.452583 -3.309914 -4.704605 -6.279499 -5.381791 9.886062 9.919004 0.428115 4.299751 3.100898 12.878255 -2.859061 -3.809084 20.0942 -4.073902 7.7e-05 -2.4e-05 6e-06 0.001702 -0.090449 -0.089926 0.676445 -3.834885 -10.705024 -0.668514 3.66837 -10.79314 -8.31205 -10.704731 16.295441 -57.301086 -0.043169 -0.970853 -0.528429 -30.957438 0.392394 -1.496216 1.298371 -4.69589 -5.882105 9.861283 0.702589 -10.936872 -0.360576 7.156207 2e-06 8.774823 0.0 -15.820865 17.308212 5.565807 -1.844033 2.498504 -2.507278 -10.163599 4.678944 4.621107 -20.976027 -8e-06 2e-06 -21.226288 2.451692 -3.593997 1e-06 -6e-06 -0.0 -1.362682 2.240797 -0.746323 -21.334913 0.584906 3.008321 -13.821213 -6e-06 2e-06 -23.887169 -0.249083 -0.839482 -59.597027 2.24164 -1.4813 -0.294024 1.679688 0.833257 -14.218207 0.093213 1.30058 -34.212048 -0.28757 0.967172 -20.033215 0.964534 1.212847 -1e-06 1e-06 1e-06 -3.440389 0.788233 0.501656 -15.928185 -3.167312 2.999706 -6.338827 -4e-06 1e-06 -18.123446 3.648179 -4.905668 -3e-06 0.0 -1e-06 -10.941249 0.307273 10.303851 -3.044761 -32.116726 -30.384018 -0.064255 12.529745 -0.534442 -10.590121 -4.398593 -39.291454 2.24354 -5.255037 -3.180156 14.282886 -0.826597 6.952499 -1e-06 -12.690601 -2e-06 15.981462 -17.57583 3.081455 1.665664 -1.95592 -2.878296 4.727799 -4.170588 4.993922 11.020527 1e-06 -1e-06 12.109051 -3.735716 -2.866781 -1e-06 -0.0 -0.0 1.291981 -1.928549 -1.498088 14.800123 0.567467 3.865607 14.242569 -1.341738 -6.660657 19.631962 0.143925 -0.648248 50.250027 -0.849588 -6.362184 0.353029 -1.51115 -0.03194 20.222786 3.684308 2.316628 18.78727 3e-06 -3e-06 10.751626 -0.47987 1.397904 0.0 0.0 0.0 3.273807 0.305947 -0.58011 21.486809 11.830369 2.266131 8.162925 2e-06 -1e-06 18.399076 -3.798985 -4.940579 2e-06 -0.0 1e-06 11.415911 19.477665 8.82616 -0.052802 -0.876167 39.925468 -14.961437 -0.486214 28.802492 2.112014 -1.70233 -16.704796 1e-06 -0.0 2e-06 0.658074 5.917365 -8.461557 0.019205 -0.270651 17.066715 -0.128619 -7.847879 -3.175822 -1.368078 1.199951 0.126339 0.0 -0.0 -1e-06
0.0 0.0 0.0 0.0 -0.0 0.0 102.371994 98.810745 110.873642 96.894905 87.493996 92.094681 -2.058242 -0.590612 0.040294 -1.443395 -3.358831 -4.635004 -6.30802 -5.479127 9.660578 9.593767 0.542066 4.659095 3.166406 12.975986 -2.867635 -3.639957 19.938232 -3.794354 7.7e-05 -2.3e-05 6e-06 0.004063 -0.070611 -0.079157 0.681137 -3.81605 -10.715608 -0.669073 3.689466 -10.803816 -7.769946 -11.108491 15.953876 -56.727859 -0.193813 -0.207873 -0.391068 -31.591352 0.299937 -1.751621 1.595149 -4.165181 -5.882109 9.86129 0.702592 -10.936877 -0.360575 7.156209 0.0 8.774829 -3e-06 -15.813637 17.339884 5.655005 -1.844033 2.498506 -2.507279 -10.163604 4.678947 4.621109 -20.976034 -4e-06 2e-06 -21.226297 2.451698 -3.594 1e-06 -6e-06 -1e-06 -1.362683 2.240799 -0.746323 -21.334927 0.584911 3.008326 -13.821221 -2e-06 2e-06 -23.887184 -0.249078 -0.839483 -59.727356 2.314646 -1.478801 -0.294025 1.679688 0.833257 -14.218217 0.093216 1.300582 -34.212074 -0.287562 0.967171 -20.033226 0.964537 1.212842 -0.0 1e-06 -0.0 -3.440391 0.788234 0.501654 -15.928192 -3.16731 2.999708 -6.338829 -1e-06 0.0 -18.123455 3.648185 -4.905674 -4e-06 -0.0 -2e-06 -10.959944 0.436873 10.11827 -3.551374 -32.232346 -29.130955 0.092028 12.104224 -0.407857 -9.596395 -3.725904 -37.841702 2.243542 -5.255036 -3.180158 14.282891 -0.826595 6.952503 0.0 -12.690602 -1e-06 15.905539 -17.63143 3.082 1.665666 -1.955922 -2.878298 4.727797 -4.170586 4.993925 11.020528 3e-06 -2e-06 12.109053 -3.735717 -2.866785 -1e-06 -1e-06 -1e-06 1.291983 -1.928552 -1.49809 14.800129 0.567466 3.865608 14.242574 -1.341736 -6.66066 19.631968 0.143925 -0.648243 50.242741 -0.908462 -6.384595 0.35303 -1.511149 -0.03194 20.222794 3.68431 2.316633 18.78727 4e-06 1e-06 10.751627 -0.479868 1.397907 -0.0 -0.0 0.0 3.273804 0.305947 -0.580111 21.486813 11.830374 2.266133 8.162927 2e-06 -1e-06 18.399086 -3.798985 -4.940578 3e-06 1e-06 -0.0 11.415949 19.506479 8.369148 -0.07612 -0.851781 40.922009 -14.57202 -1.087839 28.240992 2.147346 -1.727717 -17.7623 0.0 0.0 1e-06 0.441538 6.218571 -8.777518 -0.000277 -0.270455 17.727001 0.386763 -7.671126 -3.676724 -1.368536 1.193608 -0.291821 0.0 -0.0 -1e-06
0.0 0.0 0.0 0.0 -0.0 0.0 101.850555 98.451363 110.726257 96.74131 87.487518 91.676109 -2.027944 -0.574856 0.231017 -1.43206 -3.42315 -4.543879 -6.355619 -5.542623 9.475804 9.181634 0.72518 4.95973 3.21329 12.908568 -2.880021 -3.477745 19.677595 -3.535403 7.7e-05 -2.4e-05 6e-06 0.003604 -0.058319 -0.071392 0.684597 -3.803336 -10.716846 -0.674199 3.701499 -10.800517 -7.311794 -11.491842 15.632573 -56.034828 -0.383941 0.510223 -0.255846 -32.24081 0.212164 -1.977595 1.813843 -3.753246 -5.882107 9.861286 0.702592 -10.936873 -0.360575 7.156208 1e-06 8.774826 -1e-06 -15.809252 17.366747 5.724499 -1.844033 2.498505 -2.507278 -10.163603 4.678944 4.621109 -20.97603 -5e-06 4e-06 -21.226294 2.451695 -3.594001 0.0 -6e-06 0.0 -1.362682 2.240797 -0.746325 -21.334921 0.584909 3.008324 -13.821218 -3e-06 -1e-06 -23.88718 -0.249081 -0.839483 -59.855305 2.393651 -1.481266 -0.294025 1.679687 0.833256 -14.218214 0.093214 1.300582 -34.212063 -0.287564 0.96717 -20.033218 0.964536 1.212844 -1e-06 2e-06 -0.0 -3.440389 0.788234 0.501654 -15.928192 -3.16731 2.999706 -6.338829 -1e-06 -1e-06 -18.123453 3.64818 -4.905671 -5e-06 -0.0 -3e-06 -10.930957 0.570324 9.934894 -4.077001 -32.118679 -27.902254 0.26057 11.803744 -0.30313 -8.847996 -3.211968 -36.190876 2.243541 -5.255037 -3.180159 14.282894 -0.826597 6.952506 2e-06 -12.690607 -4e-06 15.86 -17.662956 3.078342 1.665667 -1.955922 -2.8783 4.727798 -4.170588 4.993925 11.020525 -0.0 -1e-06 12.109055 -3.735719 -2.866785 0.0 -1e-06 -0.0 1.291985 -1.928549 -1.498089 14.800129 0.567466 3.865611 14.242573 -1.34174 -6.66066 19.631969 0.143922 -0.648245 50.332954 -0.918485 -6.422028 0.353031 -1.511152 -0.03194 20.222795 3.684307 2.316633 18.787271 3e-06 0.0 10.751628 -0.47987 1.397907 0.0 -0.0 -0.0 3.273806 0.305945 -0.580109 21.486816 11.830373 2.266134 8.16293 -0.0 0.0 18.399088 -3.798988 -4.940577 3e-06 0.0 -0.0 11.388227 19.631184 7.779932 -0.109969 -0.820265 42.184235 -14.13675 -1.752061 27.584818 2.175091 -1.752389 -18.763657 -1e-06 -1e-06 1e-06 -0.30263 6.554533 -5.589726 -0.012347 -0.268848 11.812095 0.899403 -7.456786 -1.050005 -1.371264 1.173974 -0.646758 0.0 0.0 -1e-06
0.0 0.0 0.0 0.0 -0.0 0.0 101.280502 98.082764 110.633362 95.164246 87.487518 89.826431 -1.975795 -0.556249 0.458149 -1.412068 -3.486315 -4.458137 -6.405591 -5.566529 9.323619 8.718736 0.919325 5.219163 3.204976 12.689363 -2.884673 -3.3147 19.270712 -3.339027 7.7e-05 -2.3e-05 6e-06 0.002768 -0.053573 -0.063958 0.686925 -3.793303 -10.694029 -0.679161 3.700833 -10.771348 -6.963415 -11.807373 15.280763 -55.261169 -0.557725 1.248067 -0.178774 -32.813892 0.179086 -2.188614 1.988711 -3.190793 -5.882106 9.861286 0.702592 -10.93687 -0.360572 7.156208 -1e-06 8.774825 1e-06 -15.744453 17.401573 5.838179 -1.844032 2.498505 -2.507277 -10.163598 4.678946 4.621109 -20.976021 -1e-06 -1e-06 -21.226286 2.451699 -3.594001 0.0 -5e-06 0.0 -1.362682 2.240799 -0.746324 -21.334909 0.584911 3.008322 -13.821213 -1e-06 1e-06 -23.887167 -0.249077 -0.839482 -60.014072 2.442673 -1.430548 -0.294025 1.679688 0.833255 -14.218207 0.093217 1.300582 -34.212048 -0.287557 0.96717 -20.033211 0.964539 1.212842 0.0 0.0 -0.0 -3.440389 0.788234 0.501656 -15.928185 -3.167308 2.999708 -6.338825 -0.0 0.0 -18.123444 3.648183 -4.905669 -4e-06 -0.0 -3e-06 -10.817958 0.697749 9.761143 -4.637621 -31.849873 -26.671314 0.346604 11.681588 -0.204267 -8.257207 -2.836066 -34.392647 2.243545 -5.255039 -3.180161 14.282893 -0.826597 6.95251 1e-06 -12.690609 -0.0 15.816936 -17.622471 3.075105 1.665667 -1.955921 -2.878299 4.727801 -4.170589 4.993927 11.020527 1e-06 1e-06 12.109053 -3.735717 -2.866785 0.0 -0.0 -2e-06 1.291986 -1.928549 -1.498089 14.800129 0.567467 3.865611 14.242571 -1.341738 -6.660661 19.631966 0.143924 -0.648245 50.411095 -0.919275 -6.418451 0.353029 -1.511153 -0.031941 20.222794 3.684309 2.316635 18.787279 2e-06 2e-06 10.751631 -0.479871 1.397907 0.0 -0.0 1e-06 3.273808 0.305946 -0.58011 21.486818 11.830374 2.266137 8.16293 -0.0 2e-06 18.399088 -3.79899 -4.940576 3e-06 0.0 -1e-06 11.4189 19.827213 7.128584 -0.146605 -0.800261 43.589596 -13.714229 -2.468925 26.89044 2.171261 -1.765285 -19.205465 -1e-06 -0.0 2e-06 -0.872538 6.909892 -4.327274 -0.020935 -0.259485 9.648884 1.462718 -7.288785 -0.175255 -1.375026 1.15756 -0.997822 -0.0 0.0 -1e-06
0.0 0.0 0.0 0.0 -0.0 0.0 100.776611 97.753799 110.576378 92.651047 87.481758 87.053635 -1.901356 -0.543901 0.691201 -1.391022 -3.53428 -4.366114 -6.455605 -5.567473 9.161243 8.258072 1.050508 5.487049 3.158808 12.433203 -2.91156 -3.16361 18.721346 -3.179012 7.7e-05 -2.2e-05 6e-06 0.001753 -0.053737 -0.057547 0.688415 -3.785318 -10.659593 -0.683352 3.692304 -10.728022 -6.730691 -12.027476 14.961472 -54.506844 -0.797747 2.062808 -0.181552 -33.121265 0.220746 -2.344361 2.081548 -2.555962 -5.882104 9.861288 0.70259 -10.936871 -0.360576 7.156206 0.0 8.774828 -2e-06 -15.638958 17.454239 5.960125 -1.844032 2.498507 -2.507278 -10.163599 4.678946 4.621108 -20.976023 -5e-06 0.0 -21.226288 2.451696 -3.594001 1e-06 -7e-06 -0.0 -1.362681 2.240798 -0.746322 -21.334913 0.584909 3.008321 -13.821215 -4e-06 -1e-06 -23.887169 -0.249081 -0.839484 -60.138115 2.487332 -1.369605 -0.294025 1.679688 0.833256 -14.218208 0.093214 1.30058 -34.212048 -0.287567 0.967168 -20.033211 0.964534 1.212843 -0.0 -1e-06 -0.0 -3.440387 0.788234 0.501656 -15.928185 -3.16731 2.999705 -6.338827 -0.0 2e-06 -18.123446 3.648181 -4.905672 -4e-06 1e-06 -2e-06 -10.721564 0.828373 9.543705 -5.095856 -31.500412 -25.421534 0.320778 11.679767 -0.104501 -7.712654 -2.669391 -32.388546 2.243543 -5.255038 -3.180158 14.282895 -0.826597 6.952507 1e-06 -12.690605 -1e-06 15.765006 -17.557928 3.076451 1.665667 -1.955923 -2.878299 4.727798 -4.170591 4.993926 11.020528 -0.0 1e-06 12.109054 -3.73572 -2.866784 0.0 -1e-06 -1e-06 1.291985 -1.928552 -1.49809 14.800131 0.567464 3.865609 14.242572 -1.34174 -6.660657 19.631969 0.143921 -0.648245 50.425098 -0.917173 -6.390634 0.353028 -1.51115 -0.031939 20.222797 3.684306 2.316634 18.787279 -0.0 0.0 10.751631 -0.479871 1.397905 -0.0 -0.0 -0.0 3.273807 0.305947 -0.580109 21.486813 11.83037 2.266136 8.162928 0.0 0.0 18.399088 -3.79899 -4.940577 3e-06 0.0 -1e-06 11.456918 19.99782 6.613507 -0.180737 -0.768887 44.76561 -13.334403 -3.161468 26.294741 2.142329 -1.753647 -19.135101 -1e-06 0.0 2e-06 -0.945784 7.135864 -5.732941 -0.028019 -0.243522 12.386869 1.780443 -7.070928 -1.419182 -1.378729 1.157737 -1.366269 0.0 0.0 -1e-06
0.0 0.0 0.0 0.0 -0.0 0.0 100.360664 97.492996 110.540604 91.477165 87.481529 85.640358 -1.812985 -0.548004 0.920873 -1.371414 -3.579137 -4.274485 -6.506481 -5.607921 8.956069 7.893713 1.106848 5.817802 3.061061 12.095627 -2.964867 -2.988323 18.089506 -3.06027 7.7e-05 -2.1e-05 6e-06 -0.001948 -0.060968 -0.05697 0.687385 -3.785292 -10.638287 -0.690024 3.678046 -10.697441 -6.56185 -12.188198 14.726388 -53.933575 -1.089839 3.019382 -0.190067 -33.090199 0.298316 -2.412724 2.119112 -2.054013 -5.882109 9.861289 0.70259 -10.936877 -0.360576 7.156207 2e-06 8.774828 1e-06 -15.583012 17.533211 6.067941 -1.844034 2.498505 -2.507279 -10.163606 4.678946 4.62111 -20.976036 -5e-06 4e-06 -21.226295 2.451696 -3.593997 3e-06 -7e-06 -1e-06 -1.362682 2.240797 -0.746324 -21.334929 0.58491 3.008321 -13.821221 -3e-06 2e-06 -23.887184 -0.249082 -0.839481 -60.262043 2.538931 -1.286282 -0.294024 1.679687 0.833258 -14.218216 0.093215 1.300582 -34.212067 -0.287565 0.967172 -20.033226 0.964538 1.212845 0.0 0.0 -0.0 -3.440391 0.788233 0.501658 -15.928198 -3.167311 2.999707 -6.338829 -2e-06 0.0 -18.123459 3.648181 -4.905668 -4e-06 1e-06 -0.0 -10.728109 0.997729 9.29407 -5.312396 -31.181726 -24.181616 0.179818 11.574122 -0.018862 -7.142657 -2.777362 -30.492266 2.243544 -5.255041 -3.18016 14.282898 -0.826599 6.952511 3e-06 -12.690609 1e-06 15.660688 -17.477819 3.070527 1.665669 -1.955921 -2.878301 4.727804 -4.170588 4.993929 11.020534 -1e-06 -1e-06 12.109057 -3.73572 -2.866785 1e-06 -1e-06 -0.0 1.291987 -1.928551 -1.498092 14.800136 0.567465 3.865613 14.242577 -1.341741 -6.660658 19.631973 0.143919 -0.648244 50.366096 -0.936684 -6.327069 0.353032 -1.51115 -0.031939 20.222801 3.684305 2.316633 18.787281 -2e-06 -0.0 10.751633 -0.479873 1.397905 -0.0 0.0 -0.0 3.273808 0.305946 -0.58011 21.486818 11.830374 2.266137 8.16293 -1e-06 0.0 18.399094 -3.798992 -4.94058 3e-06 -0.0 0.0 11.479839 20.073761 6.238638 -0.200198 -0.751277 45.624966 -13.01309 -3.83089 25.826952 2.126701 -1.747044 -18.87606 1e-06 -1e-06 1e-06 -0.960353 7.219605 -6.788413 -0.03658 -0.222337 14.461164 1.956923 -6.865116 -2.32594 -1.384057 1.159041 -1.699353 -0.0 -0.0 -1e-06
0.0 0.0 0.0 0.0 -0.0 0.0 100.039253 97.312332 110.503235 91.849991 87.441895 85.808121 -1.736058 -0.574342 1.123734 -1.37791 -3.647425 -4.168451 -6.544436 -5.688617 8.719714 7.699074 1.093539 6.210268 2.897828 11.600718 -3.041789 -2.830426 17.448074 -2.960446 7.7e-05 -2.1e-05 6e-06 -0.006679 -0.079601 -0.055498 0.684796 -3.802911 -10.631406 -0.696753 3.65798 -10.680313 -6.488367 -12.327225 14.607183 -53.609081 -1.453113 4.070634 -0.168787 -32.658646 0.402953 -2.509447 1.979194 -1.778583 -5.882108 9.861288 0.70259 -10.936875 -0.360575 7.156206 1e-06 8.77483 -1e-06 -15.594707 17.591976 6.104843 -1.844033 2.498505 -2.507279 -10.163604 4.678946 4.62111 -20.97603 -5e-06 1e-06 -21.226294 2.451697 -3.593998 1e-06 -5e-06 -2e-06 -1.362683 2.2408 -0.746323 -21.334923 0.584908 3.008324 -13.821218 -2e-06 2e-06 -23.887182 -0.249081 -0.839482 -60.317955 2.550306 -1.221205 -0.294025 1.679686 0.833256 -14.218213 0.093215 1.300581 -34.212063 -0.287567 0.967172 -20.033224 0.964538 1.212845 0.0 0.0 -0.0 -3.440389 0.788234 0.501655 -15.928192 -3.167311 2.999707 -6.338828 -2e-06 0.0 -18.123453 3.648183 -4.905668 -5e-06 0.0 0.0 -10.820921 1.205139 9.039559 -5.178332 -30.988327 -23.277164 -0.130931 11.385834 0.026801 -6.596683 -3.009346 -28.589355 2.243542 -5.255036 -3.180157 14.282893 -0.826598 6.952505 -1e-06 -12.690605 0.0 15.53273 -17.370338 3.069703 1.665668 -1.955922 -2.8783 4.7278 -4.170588 4.993925 11.020529 1e-06 -1e-06 12.109055 -3.735719 -2.866785 0.0 -0.0 -2e-06 1.291984 -1.92855 -1.498088 14.800131 0.567464 3.865608 14.242576 -1.34174 -6.660659 19.631971 0.143922 -0.648247 50.278107 -0.951091 -6.250576 0.353028 -1.511149 -0.03194 20.222792 3.684305 2.316631 18.787279 0.0 -1e-06 10.751631 -0.479871 1.397905 0.0 0.0 0.0 3.273804 0.305946 -0.580111 21.486814 11.830371 2.266134 8.162929 1e-06 -1e-06 18.399084 -3.798986 -4.940578 3e-06 0.0 -0.0 11.30532 19.884668 5.960186 -0.206128 -0.732152 46.1558 -12.645636 -4.447009 25.50602 2.12021 -1.740773 -18.566469 1e-06 0.0 1e-06 -1.021631 7.20293 -7.438864 -0.050959 -0.209586 15.786968 1.938467 -6.732339 -2.868641 -1.391982 1.172674 -1.966944 0.0 0.0 -1e-06
0.0 0.0 0.0 0.0 -0.0 0.0 99.807449 97.147285 110.432526 93.79554 87.383263 87.541344 -1.713191 -0.619077 1.372225 -1.401111 -3.73513 -4.042124 -6.474145 -5.811555 8.448687 7.557966 1.038859 6.680573 2.743007 10.947826 -3.100746 -2.72193 16.861286 -2.952315 7.7e-05 -2.3e-05 6e-06 -0.008668 -0.104134 -0.046631 0.684102 -3.827734 -10.62713 -0.700111 3.633293 -10.662024 -6.250932 -12.459522 14.538545 -53.826473 -1.841653 5.407102 -0.065998 -31.933422 0.469331 -2.773344 1.764452 -1.831111 -5.882113 9.861295 0.702591 -10.936879 -0.360574 7.156208 -1e-06 8.774833 1e-06 -15.65985 17.633833 6.131523 -1.844036 2.498507 -2.507278 -10.163609 4.678951 4.621111 -20.97604 -2e-06 1e-06 -21.226305 2.4517 -3.594007 1e-06 -4e-06 -1e-06 -1.362682 2.2408 -0.746322 -21.334932 0.584913 3.008322 -13.821223 -1e-06 -3e-06 -23.887188 -0.249078 -0.839487 -60.373943 2.518511 -1.176085 -0.294025 1.679689 0.833256 -14.218221 0.093217 1.300581 -34.212078 -0.287562 0.967166 -20.033232 0.964537 1.212841 -1e-06 -1e-06 0.0 -3.440392 0.788235 0.501655 -15.928201 -3.16731 2.999705 -6.338831 -0.0 -1e-06 -18.123463 3.648187 -4.905676 -5e-06 0.0 0.0 -11.106272 1.453117 8.771976 -4.633807 -31.063751 -22.73539 -0.58768 11.361658 0.011057 -6.201013 -3.299485 -27.07037 2.243544 -5.255037 -3.180159 14.282894 -0.826596 6.952506 -1e-06 -12.690603 -0.0 15.414586 -17.254393 3.121211 1.665668 -1.955923 -2.878299 4.727799 -4.170587 4.993927 11.020529 1e-06 -3e-06 12.109055 -3.735719 -2.866787 -1e-06 -0.0 0.0 1.291986 -1.928549 -1.498089 14.800132 0.567466 3.86561 14.242573 -1.341739 -6.660661 19.631971 0.143923 -0.648247 50.245956 -0.938836 -6.15201 0.353028 -1.51115 -0.031939 20.222797 3.684308 2.316632 18.787273 3e-06 0.0 10.751629 -0.47987 1.397907 0.0 -0.0 0.0 3.273805 0.305946 -0.580111 21.486816 11.830373 2.266136 8.16293 0.0 -1e-06 18.399088 -3.798986 -4.940578 3e-06 -0.0 1e-06 10.918365 19.354988 5.752888 -0.200475 -0.699629 46.509171 -12.196875 -4.925659 25.12657 2.106473 -1.731717 -18.111544 1e-06 -0.0 2e-06 -1.120308 7.161544 -7.938686 -0.06762 -0.197825 16.965204 1.761681 -6.763526 -3.365778 -1.400659 1.196491 -2.180888 0.0 -0.0 -1e-06
0.0 0.0 0.0 0.0 -0.0 0.0 99.669037 96.846878 110.338577 94.660103 87.327019 88.190895 -1.724444 -0.651286 1.702054 -1.412016 -3.830724 -3.917633 -6.312051 -5.954809 8.194411 7.333042 1.03256 7.16831 2.580108 10.293793 -3.131332 -2.681639 16.278708 -3.05924 7.7e-05 -2.4e-05 6e-06 -0.005626 -0.106323 -0.042282 0.683657 -3.834955 -10.628805 -0.694161 3.635083 -10.654881 -5.710829 -12.507508 14.409647 -54.532043 -2.159777 7.193522 -0.031682 -31.389555 0.522149 -3.441437 1.931067 -1.772202 -5.882108 9.861285 0.702591 -10.936874 -0.360575 7.156208 1e-06 8.774826 -3e-06 -15.742503 17.669706 6.17097 -1.844031 2.498504 -2.507277 -10.163603 4.678945 4.621109 -20.976027 -3e-06 2e-06 -21.22629 2.451699 -3.593998 1e-06 -6e-06 -0.0 -1.362682 2.240798 -0.746325 -21.334919 0.58491 3.008324 -13.821215 -2e-06 1e-06 -23.887175 -0.249078 -0.839483 -60.518101 2.489586 -1.136512 -0.294024 1.679686 0.833255 -14.218212 0.093214 1.300582 -34.212051 -0.287563 0.967174 -20.033218 0.964536 1.212843 -2e-06 -0.0 -1e-06 -3.440389 0.788233 0.501655 -15.928189 -3.16731 2.999709 -6.338829 -2e-06 0.0 -18.123453 3.648182 -4.90567 -4e-06 -0.0 -2e-06 -11.371153 1.726776 8.516827 -3.989163 -31.316547 -22.490221 -1.012987 11.725299 -0.069832 -5.919161 -3.593138 -25.871466 2.243542 -5.255037 -3.180158 14.282889 -0.826592 6.952501 -2e-06 -12.690603 1e-06 15.323953 -17.172321 3.187606 1.665664 -1.955922 -2.878299 4.727801 -4.170585 4.993923 11.020528 2e-06 -2e-06 12.109052 -3.735714 -2.866786 -1e-06 0.0 0.0 1.291985 -1.928549 -1.498088 14.800125 0.567469 3.865605 14.242573 -1.341734 -6.660659 19.631968 0.143929 -0.648243 50.186016 -0.88587 -6.082595 0.353029 -1.511149 -0.031939 20.22279 3.684311 2.316631 18.787271 5e-06 -2e-06 10.751627 -0.479868 1.397905 0.0 0.0 0.0 3.273806 0.305946 -0.580111 21.486814 11.830377 2.266135 8.162928 2e-06 -0.0 18.399084 -3.798982 -4.940578 3e-06 -0.0 1e-06 10.349986 18.521721 5.514605 -0.19399 -0.659596 47.033047 -11.735878 -5.265415 24.333687 2.078732 -1.731521 -17.185061 0.0 -0.0 4e-06 -1.216741 7.218724 -8.827612 -0.085098 -0.189334 19.046614 1.599389 -6.889466 -4.377834 -1.411776 1.214237 -2.340455 0.0 -0.0 -1e-06
0.0 0.0 0.0 0.0 -0.0 0.0 99.634651 96.328079 110.251221 94.370567 87.345757 87.638145 -1.710072 -0.672049 2.11772 -1.366731 -3.901978 -3.804745 -6.121981 -6.080711 8.030665 6.927148 1.219076 7.658387 2.397385 9.702468 -3.137237 -2.634833 15.718608 -3.277988 7.7e-05 -2.4e-05 6e-06 -0.002518 -0.106801 -0.054622 0.679388 -3.847471 -10.645594 -0.684868 3.644552 -10.667932 -5.059943 -12.477269 14.202094 -55.37199 -2.355807 9.306305 -0.10625 -31.410154 0.626326 -4.501269 2.598144 -1.249121 -5.882106 9.861288 0.70259 -10.936875 -0.360579 7.156204 3e-06 8.774828 -1e-06 -15.837729 17.692078 6.166271 -1.844033 2.498505 -2.507277 -10.163603 4.678944 4.621107 -20.97603 -9e-06 1e-06 -21.226292 2.451692 -3.593999 0.0 -6e-06 -1e-06 -1.362681 2.240797 -0.746324 -21.334921 0.584903 3.008324 -13.821218 -6e-06 1e-06 -23.887173 -0.249087 -0.839479 -60.730762 2.468 -1.12609 -0.294025 1.679687 0.833256 -14.218215 0.093211 1.300579 -34.212059 -0.287574 0.967175 -20.033222 0.964533 1.212847 -0.0 1e-06 -0.0 -3.440389 0.788233 0.501656 -15.928192 -3.167314 2.999705 -6.338828 -3e-06 -1e-06 -18.123449 3.648179 -4.905669 -5e-06 -1e-06 -2e-06 -11.360023 1.950857 8.366139 -3.54092 -31.494825 -22.411928 -1.288865 12.461411 -0.183404 -5.717122 -4.112095 -24.80706 2.243542 -5.255037 -3.180157 14.282895 -0.826599 6.952508 2e-06 -12.690605 2e-06 15.244078 -17.130125 3.232718 1.665666 -1.955921 -2.878299 4.7278 -4.170587 4.993925 11.020527 1e-06 -1e-06 12.109053 -3.735717 -2.866783 -1e-06 0.0 -0.0 1.291985 -1.928547 -1.498088 14.800131 0.567465 3.86561 14.242572 -1.341737 -6.660656 19.631969 0.143923 -0.648245 50.107929 -0.799473 -6.061211 0.353028 -1.511149 -0.031939 20.222794 3.684307 2.316632 18.787275 2e-06 2e-06 10.75163 -0.47987 1.397908 -0.0 0.0 0.0 3.273808 0.305947 -0.58011 21.486816 11.830373 2.266136 8.162929 0.0 -0.0 18.399088 -3.798988 -4.940576 3e-06 -0.0 1e-06 9.694929 17.352261 5.256957 -0.200521 -0.650357 47.859619 -11.346953 -5.598545 22.949913 2.052545 -1.752848 -16.092541 0.0 -0.0 2e-06 -1.202875 7.359007 -10.148256 -0.105209 -0.174353 22.228109 1.549316 -7.004814 -5.977001 -1.426443 1.195521 -2.390382 0.0 -0.0 -1e-06
0.0 0.0 0.0 0.0 -0.0 0.0 99.646538 95.566658 110.184669 94.387428 87.543457 87.314331 -1.59838 -0.662716 2.609953 -1.250116 -3.971731 -3.686257 -5.902366 -6.194867 8.042053 6.260836 1.647274 8.135176 2.228672 9.279386 -3.111701 -2.53884 15.139992 -3.691206 7.7e-05 -2.3e-05 6e-06 0.001814 -0.104664 -0.067399 0.671088 -3.859445 -10.666269 -0.669775 3.658831 -10.683541 -4.499024 -12.295832 13.948137 -56.186836 -2.481686 11.132388 -0.262463 -32.272621 0.762322 -5.409081 3.286526 -0.618919 -5.882108 9.861288 0.702592 -10.936873 -0.360574 7.156207 -0.0 8.774826 -1e-06 -15.930559 17.75712 6.128982 -1.844033 2.498505 -2.507278 -10.163601 4.678947 4.621109 -20.976027 -1e-06 -2e-06 -21.226294 2.4517 -3.594002 -0.0 -5e-06 0.0 -1.362683 2.240799 -0.746322 -21.334919 0.584911 3.00832 -13.821217 -2e-06 1e-06 -23.887175 -0.249077 -0.839485 -60.977169 2.470977 -1.19359 -0.294024 1.679687 0.833253 -14.21821 0.093217 1.30058 -34.212051 -0.287562 0.967166 -20.033215 0.964534 1.212843 0.0 -0.0 1e-06 -3.440389 0.788234 0.501655 -15.928189 -3.167308 2.999704 -6.338827 0.0 -2e-06 -18.123451 3.648186 -4.905674 -4e-06 -1e-06 -2e-06 -11.159407 2.189504 8.254058 -3.084859 -31.619255 -22.382303 -1.405074 13.670351 -0.27356 -5.792472 -4.854704 -23.67588 2.243542 -5.255039 -3.18016 14.282894 -0.826598 6.952509 1e-06 -12.690608 -2e-06 15.180452 -17.12035 3.194247 1.665668 -1.955923 -2.8783 4.7278 -4.170591 4.993926 11.020528 -0.0 -1e-06 12.109056 -3.73572 -2.866785 1e-06 -0.0 -0.0 1.291986 -1.92855 -1.498092 14.800131 0.567466 3.86561 14.242576 -1.34174 -6.660661 19.631973 0.143922 -0.648246 50.013832 -0.715084 -6.076373 0.353029 -1.511151 -0.031941 20.222795 3.684309 2.316633 18.787281 1e-06 2e-06 10.751632 -0.479871 1.397908 -0.0 -0.0 0.0 3.273807 0.305945 -0.58011 21.486818 11.830376 2.266138 8.16293 -0.0 0.0 18.399092 -3.79899 -4.940578 3e-06 -0.0 1e-06 9.008717 15.694276 4.844568 -0.215337 -0.662629 49.241692 -10.737273 -5.950213 20.745838 2.016429 -1.791677 -14.754903 0.0 -0.0 2e-06 -0.965098 7.531478 -11.735208 -0.103246 -0.148444 26.172108 1.657766 -7.137451 -7.914898 -1.438244 1.163369 -2.3541 0.0 0.0 -1e-06
0.0 0.0 0.0 0.0 -0.0 0.0 99.668015 94.698044 110.110603 95.273056 87.912781 88.036751 -1.367447 -0.66867 3.030939 -1.10486 -3.988137 -3.589942 -5.584583 -6.186572 8.161559 5.342942 2.23286 8.429127 2.124598 9.064461 -3.106537 -2.377689 14.351322 -3.961382 7.7e-05 -2.3e-05 6e-06 0.007949 -0.094331 -0.074222 0.666608 -3.854024 -10.663551 -0.655077 3.672866 -10.666907 -4.152008 -11.925236 13.618532 -56.926048 -2.457645 12.460518 -0.370539 -33.996914 0.894855 -5.609284 3.419851 -0.511332 -5.882107 9.861286 0.702591 -10.936874 -0.360577 7.156206 2e-06 8.774828 -1e-06 -15.987726 17.881401 6.048895 -1.844034 2.498505 -2.507277 -10.163603 4.678945 4.62111 -20.97603 -7e-06 1e-06 -21.226295 2.451696 -3.593998 -1e-06 -7e-06 -1e-06 -1.362682 2.240798 -0.746322 -21.334919 0.584906 3.00832 -13.821217 -4e-06 2e-06 -23.887178 -0.249082 -0.839481 -61.025105 2.453644 -1.338153 -0.294024 1.679687 0.833256 -14.218212 0.093212 1.30058 -34.212059 -0.287569 0.967172 -20.033218 0.964535 1.212847 0.0 1e-06 0.0 -3.440389 0.788233 0.501656 -15.928189 -3.167312 2.999707 -6.338826 0.0 1e-06 -18.123451 3.648182 -4.905666 -4e-06 1e-06 -1e-06 -10.749824 2.477966 8.026903 -2.59692 -31.81637 -22.2311 -1.470987 14.97499 -0.272197 -6.389148 -5.870045 -21.924627 2.243542 -5.255041 -3.18016 14.282903 -0.826598 6.952509 -0.0 -12.690614 3e-06 15.114791 -17.12212 3.073695 1.665668 -1.955923 -2.878297 4.727805 -4.170591 4.99393 11.020535 -0.0 -1e-06 12.109061 -3.735721 -2.866783 0.0 0.0 -1e-06 1.291986 -1.928552 -1.49809 14.80014 0.567466 3.865613 14.242582 -1.341738 -6.660661 19.631985 0.143921 -0.648245 50.009167 -0.651098 -6.14298 0.353031 -1.511151 -0.03194 20.222805 3.684309 2.316633 18.787289 0.0 3e-06 10.751637 -0.479872 1.397908 -0.0 -0.0 1e-06 3.273809 0.305946 -0.580112 21.486832 11.83038 2.266136 8.162936 -1e-06 0.0 18.399101 -3.798993 -4.940578 3e-06 -0.0 -1e-06 8.199958 13.651953 4.072969 -0.227428 -0.686795 50.966328 -9.726134 -6.313793 18.006828 1.94298 -1.794943 -13.164658 0.0 -0.0 2e-06 -0.574814 7.722905 -13.488886 -0.081021 -0.134967 30.067976 1.857053 -7.317822 -9.776289 -1.443218 1.149047 -2.336219 0.0 0.0 -1e-06
0.0 0.0 0.0 0.0 -0.0 0.0 99.679352 93.854088 110.021759 93.913544 88.423683 86.822052 -1.017916 -0.68954 3.421758 -0.946624 -3.908135 -3.518602 -5.062262 -5.990813 8.183505 4.133188 2.898502 8.357745 2.063335 8.991911 -3.133136 -2.022005 13.336551 -4.32548 7.7e-05 -2.3e-05 6e-06 0.010192 -0.076303 -0.07588 0.677171 -3.830964 -10.64836 -0.662866 3.686204 -10.633494 -3.497391 -11.307859 13.138141 -58.165466 -2.305106 13.812499 -0.508855 -35.915745 0.994144 -4.913355 3.125796 -0.300367 -5.882109 9.86129 0.70259 -10.936874 -0.360575 7.156209 0.0 8.774829 -1e-06 -15.930626 17.978655 5.998797 -1.844032 2.498505 -2.507279 -10.163603 4.678946 4.621109 -20.976027 -3e-06 1e-06 -21.226292 2.451698 -3.594 0.0 -7e-06 -1e-06 -1.362682 2.240798 -0.746323 -21.334921 0.584909 3.008324 -13.821218 -3e-06 3e-06 -23.887178 -0.249079 -0.839482 -60.878349 2.461983 -1.424542 -0.294023 1.679688 0.833257 -14.218212 0.093214 1.300582 -34.212059 -0.287564 0.967174 -20.033218 0.964536 1.212843 0.0 1e-06 -0.0 -3.440389 0.788233 0.501656 -15.928192 -3.16731 2.999709 -6.338828 -1e-06 2e-06 -18.123453 3.648186 -4.905672 -5e-06 -0.0 -1e-06 -10.771661 3.009562 7.726064 -1.412694 -32.246971 -22.192369 -1.319477 15.591228 -0.071026 -7.611655 -7.741197 -19.933813 2.243543 -5.255038 -3.18016 14.282889 -0.826594 6.952504 -2e-06 -12.690605 -1e-06 15.040285 -17.139338 2.945961 1.665665 -1.955923 -2.878301 4.727799 -4.170587 4.993924 11.020526 3e-06 -2e-06 12.109053 -3.735715 -2.866786 2e-06 1e-06 -0.0 1.291985 -1.92855 -1.498088 14.800131 0.56747 3.865609 14.242574 -1.341737 -6.660663 19.631969 0.143927 -0.648246 50.137566 -0.583847 -6.216887 0.353028 -1.51115 -0.031941 20.222792 3.68431 2.31663 18.787273 6e-06 1e-06 10.751629 -0.479869 1.397906 0.0 -0.0 0.0 3.273808 0.305946 -0.580111 21.486813 11.830377 2.266135 8.162927 2e-06 0.0 18.399082 -3.798985 -4.940574 3e-06 -0.0 1e-06 7.244131 11.37524 2.950156 -0.250852 -0.72609 52.767639 -8.477719 -6.565575 15.178639 1.867922 -1.775684 -11.814943 0.0 -0.0 2e-06 -0.091785 7.976285 -15.339384 -0.036257 -0.1282 33.433205 2.126582 -7.57182 -11.321817 -1.441231 1.130207 -2.211406 0.0 0.0 -1e-06
0.0 0.0 0.0 0.0 -0.0 0.0 99.725517 93.251961 109.933685 77.644035 88.959206 71.183853 -0.570991 -0.688124 3.714677 -0.770368 -3.756558 -3.444275 -4.389581 -5.666836 7.914907 2.860504 3.465266 7.867148 1.820617 8.934142 -3.199529 -1.357652 12.304009 -5.23466 7.7e-05 -2.3e-05 6e-06 0.002296 -0.052031 -0.067757 0.683112 -3.802829 -10.651061 -0.685221 3.706244 -10.631742 -2.504976 -10.430649 12.546247 -59.87772 -1.936121 15.577393 -0.749915 -37.384632 1.025727 -3.897963 3.129299 1.080122 -5.88211 9.86129 0.702593 -10.936878 -0.360575 7.156209 0.0 8.77483 -2e-06 -15.718161 17.936472 6.020374 -1.844033 2.498505 -2.50728 -10.163604 4.678948 4.621108 -20.976034 -2e-06 1e-06 -21.226299 2.451698 -3.594002 -0.0 -6e-06 0.0 -1.362682 2.240799 -0.746325 -21.334925 0.584911 3.00832 -13.821218 -3e-06 0.0 -23.887182 -0.249078 -0.839484 -60.654205 2.505553 -1.34744 -0.294026 1.679688 0.833256 -14.218216 0.093216 1.30058 -34.212067 -0.287565 0.967168 -20.033226 0.964536 1.212841 1e-06 -0.0 2e-06 -3.44039 0.788233 0.501657 -15.928192 -3.16731 2.999707 -6.338829 0.0 1e-06 -18.123457 3.648184 -4.905675 -4e-06 -1e-06 -3e-06 -11.340668 4.042803 7.372099 0.748523 -32.941051 -22.355619 -0.861966 15.412368 0.172309 -9.181169 -11.371178 -18.251411 2.243543 -5.25504 -3.180159 14.282896 -0.826596 6.952507 -1e-06 -12.690607 -3e-06 14.911513 -17.137276 2.880514 1.665668 -1.955922 -2.878299 4.727803 -4.170588 4.993925 11.020529 2e-06 0.0 12.109056 -3.735718 -2.866786 2e-06 0.0 -1e-06 1.291986 -1.92855 -1.498091 14.800134 0.567466 3.86561 14.242577 -1.341739 -6.660658 19.631973 0.143922 -0.648245 50.178154 -0.507031 -6.283382 0.353028 -1.51115 -0.031939 20.222799 3.684309 2.316633 18.787281 4e-06 -1e-06 10.751632 -0.479869 1.397906 -0.0 -1e-06 0.0 3.273808 0.305947 -0.58011 21.48682 11.830374 2.266138 8.16293 1e-06 -1e-06 18.39909 -3.798987 -4.940577 3e-06 -0.0 1e-06 6.269825 9.293191 1.647526 -0.2623 -0.737106 54.003975 -7.382339 -6.779336 12.860682 1.821615 -1.761794 -11.36887 -0.0 -0.0 2e-06 0.390879 8.408077 -17.154873 0.02482 -0.136123 35.64045 2.311301 -7.893085 -12.324334 -1.440411 1.085068 -1.788957 0.0 0.0 -1e-06
0.0 0.0 0.0 0.0 -0.0 0.0 99.950806 93.283661 109.917816 34.708298 89.244629 29.386089 -0.081876 -0.697519 3.858033 -0.594576 -3.414468 -3.419321 -3.68242 -5.318913 7.452322 1.70318 3.805783 6.933105 1.62236 8.590343 -3.255556 -0.721849 11.383877 -6.34993 7.7e-05 -2.2e-05 6e-06 -0.0091 0.000367 -0.068866 0.67195 -3.765134 -10.722118 -0.694576 3.771123 -10.698171 -2.038125 -9.602935 11.930771 -61.173088 -1.205133 17.216661 -0.913593 -38.48151 0.940313 -3.062878 3.695513 3.239064 -5.882108 9.861289 0.702593 -10.936875 -0.360574 7.156208 0.0 8.77483 2e-06 -15.743702 17.739113 5.997097 -1.844032 2.498505 -2.507278 -10.163603 4.678947 4.621112 -20.97603 -4e-06 3e-06 -21.226294 2.451698 -3.594002 -1e-06 -5e-06 0.0 -1.362682 2.240799 -0.746324 -21.334921 0.584909 3.008325 -13.821218 -2e-06 1e-06 -23.887175 -0.249079 -0.839482 -60.514431 2.63835 -1.108226 -0.294026 1.679688 0.833256 -14.218215 0.093216 1.300581 -34.212067 -0.287562 0.967171 -20.033222 0.964536 1.212843 2e-06 1e-06 1e-06 -3.440389 0.788233 0.501656 -15.928192 -3.167311 2.999709 -6.338829 0.0 1e-06 -18.123453 3.648187 -4.90567 -4e-06 1e-06 -0.0 -11.074707 5.178211 6.919495 3.176681 -33.494869 -23.602049 -0.410998 15.767958 0.37178 -10.657028 -15.276328 -16.530306 2.243543 -5.255041 -3.180161 14.282897 -0.826594 6.952507 -4e-06 -12.690612 1e-06 14.670369 -17.018635 2.920201 1.665669 -1.955923 -2.878302 4.727799 -4.170588 4.993926 11.020531 4e-06 -1e-06 12.109056 -3.735717 -2.866785 1e-06 -1e-06 -0.0 1.291986 -1.928552 -1.498091 14.800138 0.567469 3.865611 14.242579 -1.341736 -6.660665 19.631975 0.143929 -0.648245 49.881237 -0.455582 -6.236214 0.353029 -1.511151 -0.031938 20.222803 3.684313 2.316631 18.787283 7e-06 -2e-06 10.751633 -0.479868 1.397907 -0.0 -1e-06 0.0 3.27381 0.305946 -0.58011 21.486824 11.830381 2.266132 8.16293 1e-06 1e-06 18.39909 -3.798987 -4.940576 3e-06 -0.0 1e-06 5.769922 7.471529 0.692326 -0.252418 -0.8188 54.052788 -9.07279 -9.07287 10.045713 1.809585 -1.7708 -11.441276 0.0 -0.0 1e-06 0.908444 8.9882 -18.165491 0.044862 -0.135092 35.374996 1.808548 -8.25826 -12.149242 -1.435997 1.04837 -1.188339 0.0 0.0 -1e-06
0.0 0.0 0.0 0.0 -0.0 0.0 100.107063 94.427162 110.086563 -55.004322 89.742065 -58.680527 0.406983 -0.745661 3.859349 -0.498545 -3.265731 -3.518496 -2.97681 -5.004264 6.895478 0.826327 3.710836 5.863164 1.47049 7.485138 -3.315263 -0.336874 10.435009 -7.248463 7.7e-05 -2.2e-05 6e-06 -0.014714 0.068782 -0.049314 0.671027 -3.678985 -10.682663 -0.704293 3.824617 -10.676905 -2.206836 -8.909999 11.691236 -62.259464 -0.504358 17.998663 -0.844741 -39.447594 0.885992 -2.278654 4.091152 5.219144 -5.88211 9.861289 0.702591 -10.936881 -0.360576 7.156207 1e-06 8.774831 -1e-06 -15.63389 17.565107 6.109838 -1.844034 2.498506 -2.507282 -10.16361 4.678948 4.62111 -20.97604 -5e-06 2e-06 -21.226305 2.451697 -3.593999 0.0 -7e-06 -0.0 -1.362682 2.240799 -0.746323 -21.334929 0.584908 3.008324 -13.821224 -3e-06 2e-06 -23.887184 -0.249081 -0.839482 -60.216347 2.618712 -0.883343 -0.294025 1.679688 0.833257 -14.218221 0.093213 1.300581 -34.212078 -0.287569 0.967173 -20.03323 0.964535 1.212846 2e-06 -0.0 1e-06 -3.440392 0.788234 0.501657 -15.928201 -3.167312 2.999708 -6.338831 -0.0 1e-06 -18.123461 3.648182 -4.90567 -4e-06 1e-06 -1e-06 -9.094288 6.350092 6.391617 5.15121 -33.864658 -25.928593 0.405818 18.740488 0.541306 -13.791791 -17.729601 -15.099112 2.243543 -5.255039 -3.18016 14.282899 -0.826599 6.952508 2e-06 -12.690606 -2e-06 14.673118 -17.228636 2.819188 1.665667 -1.955923 -2.8783 4.727802 -4.170588 4.993927 11.02053 1e-06 1e-06 12.109056 -3.735719 -2.866785 1e-06 0.0 -1e-06 1.291987 -1.928551 -1.49809 14.800136 0.567463 3.865612 14.242583 -1.34174 -6.660663 19.631981 0.143919 -0.648248 49.876556 -0.428284 -6.231348 0.353028 -1.511151 -0.03194 20.222801 3.684305 2.316632 18.787285 -0.0 1e-06 10.751634 -0.479872 1.397905 1e-06 -1e-06 1e-06 3.273808 0.305945 -0.580112 21.486824 11.830371 2.266136 8.162933 -1e-06 0.0 18.399096 -3.798989 -4.940579 3e-06 -0.0 -0.0 5.572117 5.330142 -0.251737 -0.198635 -0.889017 53.004688 -12.039584 -12.138482 8.145379 1.70006 -1.703545 -9.979068 1e-06 -0.0 1e-06 1.428082 8.268412 -17.335022 0.076686 -0.039655 30.405008 0.61998 -8.579921 -9.772454 -1.453275 1.047951 -0.908667 0.0 0.0 -1e-06
0.0 0.0 0.0 0.0 -0.0 0.0 100.0 96.0 110.0 -78.661491 89.714691 -80.722214 0.355262 -0.629703 3.731479 -0.427625 -2.969038 -3.595007 -2.478537 -4.405525 6.729215 0.31822 3.753481 5.230011 1.30937 5.939955 -3.422457 -0.203885 9.512736 -8.882544 7.7e-05 -2.3e-05 6e-06 -0.005726 0.103428 -0.030097 0.667293 -3.635644 -10.611708 -0.682579 3.849214 -10.600785 -3.594003 -8.009039 12.021173 -62.585644 -0.349738 17.118258 -0.956085 -39.882576 0.735884 -1.496808 2.302457 4.017362 -5.882109 9.86129 0.702594 -10.936877 -0.360575 7.156209 1e-06 8.77483 0.0 -15.91816 17.754349 6.157047 -1.844034 2.498507 -2.50728 -10.163605 4.678946 4.621112 -20.976036 -5e-06 3e-06 -21.226301 2.451697 -3.594 0.0 -6e-06 -2e-06 -1.362682 2.240798 -0.746323 -21.334925 0.584909 3.008325 -13.82122 -3e-06 1e-06 -23.887184 -0.24908 -0.839482 -60.571896 2.661223 -0.960256 -0.294026 1.679688 0.833255 -14.218217 0.093215 1.300579 -34.212067 -0.287566 0.967173 -20.033226 0.964535 1.212845 2e-06 1e-06 1e-06 -3.44039 0.788234 0.501654 -15.928198 -3.167312 2.999709 -6.33883 -1e-06 1e-06 -18.123457 3.648184 -4.905671 -4e-06 -1e-06 -2e-06 -7.045513 7.274305 5.96949 7.941519 -32.853966 -26.618385 -0.058172 27.113853 0.371033 -19.26861 -17.560587 -15.661633 2.24354 -5.255039 -3.180158 14.282897 -0.826595 6.952508 -1e-06 -12.690609 -3e-06 14.912805 -17.248981 2.964675 1.665668 -1.955923 -2.878302 4.727801 -4.170588 4.993926 11.020528 2e-06 -0.0 12.109055 -3.735717 -2.866785 0.0 0.0 -0.0 1.291987 -1.928551 -1.498091 14.800136 0.567466 3.865611 14.242577 -1.341738 -6.660658 19.631973 0.143924 -0.648244 50.752796 -0.493717 -6.110325 0.353031 -1.51115 -0.031941 20.222801 3.684309 2.316632 18.787279 3e-06 1e-06 10.751632 -0.47987 1.397908 0.0 -0.0 0.0 3.273809 0.305947 -0.580109 21.486822 11.830376 2.266136 8.16293 1e-06 0.0 18.39909 -3.798988 -4.940577 3e-06 -0.0 -0.0 4.259072 4.345007 -0.515422 -0.039567 -0.768779 47.618149 -10.000188 -13.487985 3.190527 1.652637 -1.751251 -5.301235 -0.0 0.0 1e-06 1.21182 6.852247 -15.28995 0.019057 -0.045484 22.6222 -0.543543 -8.328152 -5.144687 -1.472691 1.073044 -1.261354 0.0 0.0 -1e-06
0.0 0.0 0.0 0.0 -0.0 0.0 100.159027 98.038498 109.826935 -105.661133 89.691628 -106.077682 0.254979 -0.51398 3.538383 -0.371984 -2.681713 -3.705349 -1.985249 -3.813499 6.70048 -0.056058 3.71177 4.561653 1.22344 4.625079 -3.513756 -0.211306 8.855957 -10.44205 7.7e-05 -2.2e-05 6e-06 0.002567 0.132476 -0.010903 0.664835 -3.597344 -10.542318 -0.663313 3.868106 -10.525967 -5.000578 -7.160124 12.517484 -63.0243 -0.317492 15.701541 -1.069969 -40.345928 0.572678 -0.359058 0.294885 2.616523 -5.88211 9.861292 0.702592 -10.936879 -0.360576 7.156214 1e-06 8.774831 0.0 -16.191256 17.94821 6.201922 -1.844033 2.498506 -2.507278 -10.163608 4.678946 4.621111 -20.976038 -5e-06 2e-06 -21.226299 2.451698 -3.593999 0.0 -6e-06 -1e-06 -1.362682 2.240799 -0.746324 -21.33493 0.584911 3.008326 -13.821223 -3e-06 1e-06 -23.887188 -0.24908 -0.839482 -60.906582 2.697346 -1.044928 -0.294026 1.679688 0.833255 -14.218219 0.093215 1.300581 -34.212074 -0.287565 0.967172 -20.033228 0.964536 1.212847 0.0 -0.0 0.0 -3.44039 0.788233 0.501656 -15.928196 -3.167312 2.999711 -6.33883 -1e-06 0.0 -18.123459 3.648183 -4.905673 -3e-06 2e-06 -1e-06 -4.969825 8.139023 5.851004 10.861311 -31.721899 -27.771614 -0.437429 35.706219 0.080319 -25.878271 -17.824659 -17.211039 2.243543 -5.25504 -3.180159 14.282903 -0.826598 6.95251 -1e-06 -12.690612 -2e-06 15.200502 -17.289234 3.097604 1.665666 -1.955924 -2.8783 4.727805 -4.170591 4.993928 11.020535 0.0 1e-06 12.10906 -3.735722 -2.866785 -0.0 0.0 -1e-06 1.291986 -1.92855 -1.498089 14.800139 0.567465 3.865611 14.242583 -1.34174 -6.660661 19.631983 0.143921 -0.648245 51.6581 -0.573603 -5.989448 0.353028 -1.51115 -0.03194 20.222807 3.684308 2.316635 18.787289 -0.0 1e-06 10.751637 -0.479871 1.397907 -0.0 -0.0 0.0 3.273808 0.305947 -0.58011 21.486832 11.830379 2.266137 8.162933 -0.0 0.0 18.399099 -3.79899 -4.940579 3e-06 -1e-06 -0.0 3.100806 3.089527 -0.821604 0.10689 -0.606787 41.710075 -7.925541 -13.004103 -0.182757 1.60283 -1.791932 -0.883045 -0.0 -0.0 2e-06 0.910439 5.563426 -9.793905 -0.036778 -0.063256 8.229475 -2.271168 -7.908974 2.304173 -1.490256 1.096969 -1.58965 -0.0 0.0 -1e-06
0.0 0.0 0.0 0.0 -0.0 0.0 99.888641 100.268219 109.269867 76.934868 87.978325 78.870956 -1.447186 -0.171867 3.376323 -0.430814 -2.287479 -3.731804 -2.045949 -3.770559 6.195791 -0.358562 3.808912 3.736131 0.890958 4.589821 -3.60309 -0.967762 7.952137 -12.529047 7.7e-05 -2.2e-05 6e-06 -0.002494 0.053458 -0.005508 0.655002 -3.682167 -10.546017 -0.662529 3.796423 -10.546776 -6.22924 -6.261394 13.347613 -63.965923 -1.47262 13.843411 -1.739709 -37.767704 0.801911 1.475645 -2.129615 2.912504 -5.882108 9.861287 0.702589 -10.936875 -0.360576 7.156209 2e-06 8.774826 1e-06 -16.362736 18.165157 5.887763 -1.844033 2.498506 -2.507278 -10.163604 4.678946 4.621112 -20.976034 -5e-06 3e-06 -21.226294 2.451696 -3.593999 1e-06 -6e-06 -0.0 -1.362681 2.240798 -0.746325 -21.334923 0.584909 3.008324 -13.821218 -4e-06 2e-06 -23.88718 -0.24908 -0.839482 -61.118896 2.594826 -1.040553 -0.294025 1.679688 0.833256 -14.218213 0.093214 1.300581 -34.212067 -0.287566 0.967172 -20.033222 0.964538 1.212844 0.0 1e-06 1e-06 -3.440389 0.788232 0.501656 -15.928192 -3.167311 2.999709 -6.338828 -2e-06 1e-06 -18.123453 3.648181 -4.905668 -3e-06 1e-06 1e-06 -7.792536 9.733879 4.612558 18.837772 -28.253067 -31.541035 -1.747084 51.520611 -0.806189 -27.409035 -13.899684 -16.758106 2.243541 -5.255037 -3.180159 14.282896 -0.826596 6.952508 -1e-06 -12.690607 0.0 14.664312 -17.481783 2.913262 1.665669 -1.955924 -2.878302 4.727801 -4.170591 4.993926 11.020528 2e-06 -1e-06 12.109056 -3.735718 -2.866785 0.0 -0.0 2e-06 1.291986 -1.928549 -1.498091 14.800134 0.567467 3.865611 14.242577 -1.341739 -6.660663 19.631975 0.143924 -0.648245 49.745514 -0.566474 -6.430521 0.353028 -1.51115 -0.03194 20.222795 3.68431 2.316633 18.787281 4e-06 1e-06 10.751633 -0.479868 1.397907 1e-06 -0.0 0.0 3.273807 0.305946 -0.580112 21.48682 11.830378 2.266137 8.16293 2e-06 -0.0 18.399088 -3.798988 -4.940576 2e-06 -1e-06 -1e-06 -1.80269 3.27119 -0.926165 0.276215 -0.134742 24.057722 -7.550569 -14.451405 1.356465 1.622662 -1.762464 -2.050059 0.0 -0.0 3e-06 -1.892925 2.398807 -6.378361 0.164641 -0.046075 -4.455208 -2.631337 -6.194845 11.565192 -1.47524 1.065054 -3.063656 -0.0 -0.0 -1e-06
0.0 0.0 0.0 0.0 -0.0 0.0 99.493279 101.844254 109.048912 72.509918 88.018898 76.277718 -1.300594 -0.098737 3.450366 -0.272831 -1.783782 -3.698517 -1.777194 -3.343575 6.455731 -1.18015 4.046734 2.609886 0.467027 3.939316 -3.739621 -1.695423 7.016903 -13.967252 7.7e-05 -2.2e-05 6e-06 0.010973 0.100219 -0.009158 0.655352 -3.655283 -10.553507 -0.635568 3.863505 -10.572437 -8.398019 -5.829974 13.754417 -63.104973 -2.092342 13.544837 -1.303104 -37.078121 0.490387 2.705035 -2.772487 1.919031 -5.88211 9.861288 0.702591 -10.936879 -0.360577 7.156209 3e-06 8.774831 1e-06 -16.950205 18.219839 5.608732 -1.844034 2.498505 -2.50728 -10.163607 4.678945 4.621109 -20.97604 -9e-06 2e-06 -21.226305 2.451692 -3.594001 1e-06 -7e-06 -1e-06 -1.362682 2.240798 -0.746324 -21.33493 0.584906 3.008323 -13.821223 -6e-06 -0.0 -23.887188 -0.249084 -0.839481 -61.558712 2.473401 -0.758303 -0.294024 1.679688 0.833256 -14.21822 0.093212 1.300582 -34.212074 -0.28757 0.967173 -20.03323 0.964535 1.212846 -0.0 2e-06 1e-06 -3.440391 0.788233 0.501654 -15.9282 -3.167314 2.999709 -6.33883 -3e-06 0.0 -18.123457 3.64818 -4.905672 -2e-06 -0.0 -2e-06 -10.403066 11.057929 3.800947 26.849417 -22.316032 -35.752243 -3.916562 68.321915 -3.37335 -26.475847 -14.48001 -18.934216 2.243543 -5.255043 -3.180159 14.282895 -0.826597 6.952501 -0.0 -12.69061 -3e-06 13.171277 -17.390238 3.268665 1.665666 -1.95592 -2.8783 4.727801 -4.170588 4.993924 11.020529 1e-06 -2e-06 12.109055 -3.735718 -2.866786 0.0 1e-06 0.0 1.291986 -1.928552 -1.498089 14.800132 0.567467 3.865607 14.242579 -1.341741 -6.660662 19.631973 0.143922 -0.648247 48.587132 -0.642666 -6.693362 0.35303 -1.511151 -0.03194 20.222792 3.684307 2.316628 18.787279 2e-06 -4e-06 10.751631 -0.479868 1.397902 1e-06 2e-06 0.0 3.273808 0.305946 -0.580112 21.486816 11.830374 2.266134 8.16293 1e-06 -2e-06 18.39909 -3.798988 -4.940582 4e-06 -0.0 0.0 -3.86709 3.26152 -0.530294 0.318088 0.168956 7.796926 -9.005003 -16.796049 4.984813 1.677893 -1.876114 -1.052328 0.0 -0.0 2e-06 -1.240906 -0.348747 -5.830318 0.30022 -0.361048 -9.001766 -3.692779 -8.867415 15.964227 -1.452286 1.033695 -3.818826 0.0 0.0 -1e-06
0.0 0.0 0.0 0.0 -0.0 0.0 99.03714 102.513756 109.170517 -88.540245 89.508217 -83.88327 0.253579 0.0649 3.800277 0.024485 -1.237035 -3.513881 -0.946383 -2.860239 7.429918 -1.702968 4.077256 1.370235 0.153859 3.275887 -3.754472 -2.332251 6.394181 -15.360293 7.7e-05 -2.2e-05 6e-06 0.021999 0.229254 -0.032615 0.676271 -3.525395 -10.577679 -0.63487 3.991078 -10.599936 -10.425125 -5.333187 14.062528 -61.67408 -1.942195 12.417607 -1.150815 -38.450779 0.424787 4.160982 -1.452161 1.594446 -5.882112 9.861296 0.702589 -10.936881 -0.360575 7.156211 0.0 8.774835 -1e-06 -17.134024 18.112242 5.541708 -1.844034 2.498507 -2.50728 -10.16361 4.678949 4.621111 -20.976042 -4e-06 -0.0 -21.226307 2.451698 -3.594005 2e-06 -5e-06 -1e-06 -1.362683 2.240801 -0.746325 -21.334934 0.584911 3.008323 -13.821226 -3e-06 -1e-06 -23.887194 -0.24908 -0.839487 -61.836388 2.567603 -0.734366 -0.294025 1.679689 0.833256 -14.218223 0.093215 1.300578 -34.212082 -0.287565 0.967167 -20.03323 0.964535 1.212842 0.0 -0.0 0.0 -3.440392 0.788234 0.501658 -15.928201 -3.167314 2.999707 -6.338832 -1e-06 0.0 -18.123465 3.648185 -4.905677 -2e-06 -1e-06 -2e-06 -10.40385 12.274033 3.816467 31.643482 -12.755491 -36.222855 -15.473323 82.328728 -15.308594 -26.293674 -17.232183 -19.615047 2.243547 -5.25504 -3.180162 14.282904 -0.8266 6.952513 4e-06 -12.690614 -1e-06 12.865118 -17.243315 3.008154 1.665667 -1.955922 -2.878302 4.727805 -4.170591 4.993929 11.020536 -1e-06 0.0 12.109063 -3.735722 -2.866786 2e-06 -0.0 0.0 1.291988 -1.928552 -1.498091 14.800139 0.567465 3.865614 14.242584 -1.341741 -6.660666 19.631979 0.143921 -0.648247 48.305683 -0.573718 -6.579997 0.353029 -1.511155 -0.03194 20.222803 3.684309 2.316636 18.787289 -1e-06 -2e-06 10.751636 -0.479871 1.397907 0.0 0.0 -2e-06 3.27381 0.305947 -0.58011 21.486828 11.830379 2.266139 8.162932 1e-06 1e-06 18.399099 -3.798991 -4.940581 3e-06 -0.0 -1e-06 -2.966735 1.710376 -0.934327 0.24578 0.360693 -1.486893 -10.115277 -19.012297 7.546812 1.632557 -1.86675 -0.196913 0.0 -0.0 2e-06 2.904671 -3.45063 -5.745668 0.294945 -0.444804 -8.314731 -5.318608 -13.421936 15.846993 -1.479599 1.067865 -3.920687 0.0 0.0 -1e-06
0.0 0.0 0.0 0.0 -0.0 0.0 98.568443 102.577187 109.244385 -100.914452 87.088058 -95.660896 1.531077 0.197446 4.121913 0.326617 -0.520381 -3.348091 0.008196 -1.916923 8.567623 -1.730125 4.045746 0.341982 -0.324087 2.699165 -3.736142 -2.910692 5.717462 -16.953445 7.7e-05 -2.3e-05 6e-06 0.020161 0.204196 -0.025974 0.669655 -3.554181 -10.626898 -0.63293 3.967304 -10.641767 -11.81532 -4.344481 14.519428 -61.088333 -1.535062 10.158322 -0.882924 -40.193913 0.36422 5.779824 0.558913 1.433693 -5.882106 9.861284 0.70259 -10.936872 -0.360575 7.156206 0.0 8.774826 -2e-06 -16.971899 17.905586 5.663187 -1.844033 2.498504 -2.507277 -10.163599 4.678944 4.621107 -20.976023 -3e-06 2e-06 -21.226286 2.451698 -3.593999 1e-06 -6e-06 -0.0 -1.362681 2.240798 -0.746322 -21.334913 0.584908 3.008322 -13.821213 -2e-06 2e-06 -23.887169 -0.249078 -0.839483 -61.869015 2.611218 -0.85613 -0.294025 1.679687 0.833256 -14.218207 0.093215 1.300581 -34.212048 -0.287564 0.96717 -20.033211 0.964534 1.212843 -2e-06 -0.0 -1e-06 -3.440388 0.788233 0.501654 -15.928185 -3.167309 2.999707 -6.338826 -1e-06 1e-06 -18.123446 3.648183 -4.905669 -3e-06 -0.0 -3e-06 -9.209838 13.697747 4.319139 33.893311 -0.805699 -33.554581 -51.870972 88.588333 -51.466675 -29.110037 -19.454851 -17.743507 2.243543 -5.255038 -3.180158 14.282896 -0.826598 6.952507 3e-06 -12.690607 -2e-06 13.333946 -17.009109 2.749807 1.665669 -1.955921 -2.878299 4.727803 -4.170589 4.993924 11.020531 -1e-06 -0.0 12.109057 -3.735719 -2.866783 0.0 -0.0 0.0 1.291986 -1.928548 -1.498088 14.800129 0.567465 3.86561 14.242575 -1.34174 -6.660656 19.631969 0.143921 -0.648245 48.417713 -0.364445 -6.499674 0.35303 -1.511151 -0.031942 20.222797 3.684307 2.316632 18.787279 0.0 1e-06 10.751632 -0.479871 1.397907 0.0 -0.0 -0.0 3.273809 0.305948 -0.580109 21.486818 11.830373 2.266136 8.162929 -0.0 -0.0 18.399088 -3.79899 -4.940577 3e-06 -0.0 0.0 -1.920327 -0.9849 -2.970749 0.217742 0.434336 -3.186083 -8.819646 -20.60195 7.948511 1.595546 -1.7721 -0.097154 0.0 -2e-06 2e-06 7.386284 -6.569736 -6.506116 0.242247 -0.511689 -5.544929 -7.753488 -17.454647 15.064206 -1.507379 1.086314 -4.61834 0.0 0.0 -1e-06
0.0 0.0 0.0 0.0 -0.0 0.0 98.209869 102.210213 109.202698 -101.659523 86.197845 -95.721245 1.771463 0.345553 4.364313 0.486092 0.341861 -3.283215 0.54093 -0.664592 9.694965 -1.562516 4.022021 -0.723789 -0.661213 2.199953 -3.729006 -3.516696 5.063242 -18.474371 7.7e-05 -2.2e-05 6e-06 0.0265 0.165615 -0.009486 0.644823 -3.604958 -10.689866 -0.597259 3.939661 -10.692969 -12.60253 -2.921642 15.162519 -61.320946 -1.085394 7.108114 -0.662568 -41.994446 0.312259 7.452165 2.685045 1.765544 -5.88211 9.86129 0.70259 -10.936877 -0.360575 7.156206 1e-06 8.77483 0.0 -16.846148 17.769165 5.793031 -1.844035 2.498505 -2.507281 -10.163606 4.678946 4.621108 -20.976038 -5e-06 0.0 -21.226299 2.451694 -3.594003 0.0 -6e-06 0.0 -1.362682 2.240798 -0.746323 -21.334929 0.584909 3.008322 -13.821223 -4e-06 1e-06 -23.887188 -0.249082 -0.839482 -61.864704 2.628798 -1.263225 -0.294025 1.679688 0.833257 -14.218219 0.093214 1.300579 -34.212074 -0.287568 0.967167 -20.033232 0.964534 1.212843 -1e-06 -1e-06 -1e-06 -3.440391 0.788233 0.501655 -15.928194 -3.167311 2.999706 -6.33883 -2e-06 2e-06 -18.123459 3.648182 -4.905674 -3e-06 -0.0 -2e-06 -8.060216 15.58292 4.747602 34.83046 11.9758 -29.224794 23.131426 86.999382 23.970278 -32.456799 -20.302406 -15.746762 2.243541 -5.255037 -3.180158 14.282894 -0.826595 6.952505 -1e-06 -12.690603 -2e-06 13.816723 -16.773367 2.974964 1.665666 -1.95592 -2.8783 4.7278 -4.170588 4.993923 11.020529 3e-06 -1e-06 12.109055 -3.735715 -2.866785 0.0 0.0 0.0 1.291985 -1.928549 -1.498089 14.800131 0.567467 3.865609 14.242572 -1.341736 -6.660655 19.631969 0.143925 -0.648243 48.403751 -0.245214 -6.334785 0.353027 -1.511151 -0.031941 20.222792 3.684309 2.316629 18.787277 4e-06 -0.0 10.751631 -0.47987 1.397908 0.0 -0.0 0.0 3.273806 0.305947 -0.58011 21.486816 11.830373 2.266133 8.162929 1e-06 -2e-06 18.399084 -3.798985 -4.940574 3e-06 0.0 -2e-06 -2.431714 -3.913258 -5.51557 0.28548 0.446666 -0.850678 -4.806505 -21.19994 7.287435 1.61324 -1.674197 -0.698553 -0.0 0.0 2e-06 10.171407 -9.728344 -8.743692 0.191246 -0.618117 -0.919343 -10.089804 -21.940308 13.078087 -1.52937 1.041722 -5.38006 -0.0 -0.0 -1e-06
0.0 0.0 0.0 0.0 -0.0 0.0 98.151466 101.17836 109.574661 -110.89843 86.559181 -104.288101 1.396367 0.342681 4.80288 0.549917 1.24392 -3.113408 0.294524 0.831383 10.862167 -1.358942 3.669038 -2.568599 -0.648553 1.965017 -3.719095 -4.397188 4.614944 -20.703438 7.7e-05 -2.3e-05 6e-06 0.042293 0.080045 0.041516 0.604859 -3.740375 -10.742701 -0.53016 3.900512 -10.739417 -12.757276 -1.565443 15.819623 -61.299068 -0.046283 4.184828 -1.065334 -44.849915 0.456056 8.676718 4.678724 2.883828 -5.88211 9.861288 0.702591 -10.936878 -0.360576 7.156209 1e-06 8.774828 -2e-06 -16.780104 17.716858 6.027964 -1.844034 2.498505 -2.50728 -10.163607 4.678946 4.621109 -20.97604 -7e-06 1e-06 -21.226299 2.451695 -3.594002 -1e-06 -6e-06 -1e-06 -1.362683 2.240799 -0.746325 -21.334929 0.584908 3.008324 -13.821223 -4e-06 1e-06 -23.887184 -0.249082 -0.839482 -62.161976 2.749945 -1.559484 -0.294024 1.679688 0.833256 -14.218217 0.093213 1.30058 -34.212067 -0.287569 0.967169 -20.033226 0.964535 1.212844 -1e-06 -1e-06 -0.0 -3.440391 0.788234 0.501654 -15.9282 -3.167313 2.999707 -6.33883 -2e-06 2e-06 -18.123459 3.648182 -4.905674 -4e-06 -0.0 -2e-06 -7.437764 17.571367 5.287966 34.273689 26.066212 -24.906336 14.403459 77.031845 14.669086 -33.385586 -19.70339 -15.985806 2.243542 -5.255039 -3.180161 14.282896 -0.826596 6.952512 -1e-06 -12.690609 0.0 14.118664 -16.12007 3.068274 1.665666 -1.955922 -2.8783 4.7278 -4.170588 4.993926 11.020531 2e-06 -1e-06 12.109057 -3.735718 -2.866785 -1e-06 1e-06 -2e-06 1.291986 -1.92855 -1.498089 14.800136 0.567467 3.865614 14.242577 -1.341738 -6.660659 19.631975 0.143923 -0.648244 47.957413 -0.269296 -6.273821 0.353028 -1.511151 -0.03194 20.222801 3.684309 2.316635 18.787283 2e-06 2e-06 10.751632 -0.47987 1.397907 0.0 -0.0 1e-06 3.273808 0.305947 -0.58011 21.486824 11.830377 2.266138 8.16293 -1e-06 4e-06 18.399092 -3.798988 -4.940575 2e-06 -0.0 -3e-06 -4.199369 -5.700988 -8.54582 0.125467 0.173585 5.177366 0.000444 -23.067343 3.292479 1.638081 -1.636803 -0.568231 -0.0 -1e-06 2e-06 11.111255 -12.844479 -11.610106 0.249655 -0.84633 4.161957 -10.459435 -28.344194 6.631618 -1.522343 0.993152 -4.33201 -0.0 2e-06 -1e-06
0.0 0.0 0.0 0.0 -0.0 0.0 97.606987 99.541908 109.353363 -125.954483 86.223328 -118.308113 1.268222 0.312811 5.256425 0.421262 1.880295 -2.736785 0.448861 2.64135 11.526541 -1.574859 3.025276 -4.301265 -0.424375 -0.147925 -3.784171 -4.507392 4.376987 -25.334385 7.7e-05 -2.3e-05 6e-06 -0.038312 -0.139918 0.108155 0.491047 -3.918171 -10.64368 -0.57848 3.634586 -10.6455 -13.517665 -0.655463 15.476559 -59.940613 1.662646 2.799961 -1.45595 -48.241058 -0.599406 8.398151 7.217458 7.070844 -5.882109 9.86129 0.702591 -10.936878 -0.360576 7.156204 1e-06 8.77483 -2e-06 -17.419809 18.098249 5.804431 -1.844034 2.498505 -2.507277 -10.163609 4.678946 4.621107 -20.976038 -5e-06 1e-06 -21.226301 2.451698 -3.594002 -2e-06 -6e-06 0.0 -1.362682 2.240799 -0.746323 -21.334929 0.584909 3.008323 -13.82122 -4e-06 1e-06 -23.887186 -0.249081 -0.839483 -62.09502 2.916525 -1.880351 -0.294024 1.679688 0.833256 -14.218219 0.093214 1.300579 -34.212074 -0.287569 0.967167 -20.03323 0.964533 1.212843 1e-06 -1e-06 -0.0 -3.440392 0.788234 0.501655 -15.928198 -3.167312 2.999704 -6.338831 -2e-06 -1e-06 -18.123459 3.648183 -4.905673 -3e-06 1e-06 -2e-06 -6.592053 18.733637 6.060922 29.068781 38.334286 -21.40238 4.895375 65.061081 4.70185 -32.353409 -16.678053 -20.381802 2.243542 -5.255041 -3.180161 14.282896 -0.826595 6.95251 -0.0 -12.690612 -1e-06 13.993008 -16.369234 3.713201 1.665666 -1.955924 -2.878302 4.7278 -4.170589 4.99393 11.020529 2e-06 -2e-06 12.109055 -3.735719 -2.866787 2e-06 -0.0 -0.0 1.291986 -1.928551 -1.498091 14.800132 0.567468 3.865613 14.242575 -1.341739 -6.660665 19.631975 0.143925 -0.648246 48.719082 -0.638119 -6.224761 0.353029 -1.511152 -0.03194 20.222795 3.68431 2.316638 18.787277 2e-06 -0.0 10.751632 -0.47987 1.397907 0.0 -0.0 0.0 3.273808 0.305947 -0.58011 21.48682 11.830381 2.26614 8.16293 0.0 2e-06 18.399086 -3.798989 -4.940577 3e-06 1e-06 -2e-06 -5.99419 -6.791678 -12.515291 0.004052 -0.182963 12.870847 0.36008 -27.283672 -1.440629 1.479663 -1.800452 2.39729 0.0 2e-06 2e-06 10.93176 -13.065895 -16.241522 0.370161 -0.908489 10.974209 -6.919649 -34.352242 -3.043095 -1.460741 0.801082 -1.145175 -0.0 -0.0 -1e-06
0.0 0.0 0.0 0.0 -0.0 0.0 97.076523 99.42701 109.60952 -112.857658 86.430809 -104.597206 1.38312 0.406655 5.483777 0.403644 3.763913 -2.509928 0.478528 3.557967 14.751678 -0.201435 2.697765 -7.389804 -1.310568 0.216957 -3.769239 -5.287529 3.409721 -30.68339 7.7e-05 -2.4e-05 6e-06 -0.010671 0.029724 0.125997 0.480882 -3.740655 -10.588001 -0.512515 3.793878 -10.528534 -17.298092 1.006522 13.780844 -55.616982 1.409328 4.087477 -0.519861 -48.796223 -0.409365 12.927028 6.234461 7.995091 -5.882113 9.861295 0.702592 -10.936882 -0.360575 7.156213 -0.0 8.774833 -0.0 -17.023317 17.714567 6.29626 -1.844034 2.498507 -2.50728 -10.163609 4.678949 4.621113 -20.976044 -3e-06 3e-06 -21.226305 2.4517 -3.594003 -1e-06 -5e-06 -0.0 -1.362684 2.2408 -0.746324 -21.334938 0.584911 3.008326 -13.821229 -2e-06 2e-06 -23.887196 -0.249078 -0.839483 -62.102238 2.510237 -0.943276 -0.294025 1.679689 0.833257 -14.218224 0.093215 1.300582 -34.212086 -0.287562 0.967173 -20.033236 0.964539 1.212845 1e-06 1e-06 0.0 -3.440392 0.788234 0.501657 -15.928203 -3.167312 2.999711 -6.338833 -1e-06 2e-06 -18.123466 3.648188 -4.905674 -4e-06 0.0 -2e-06 -5.174272 21.796841 6.437523 16.829865 46.356693 -27.283287 3.091084 56.999924 2.578682 -32.372543 -15.620257 -12.919794 2.243544 -5.255043 -3.180159 14.282909 -0.8266 6.952515 1e-06 -12.690617 -2e-06 14.98974 -16.63781 3.174199 1.665668 -1.955924 -2.878301 4.727806 -4.170592 4.993927 11.020536 -1e-06 2e-06 12.109062 -3.735723 -2.866786 0.0 1e-06 0.0 1.291987 -1.928552 -1.498088 14.800146 0.567465 3.865614 14.242588 -1.341743 -6.660662 19.63199 0.143918 -0.648245 48.786583 -0.447257 -6.297482 0.35303 -1.511152 -0.031941 20.222815 3.684307 2.316636 18.787296 -3e-06 2e-06 10.751641 -0.479872 1.397908 0.0 2e-06 0.0 3.27381 0.305946 -0.580108 21.486835 11.830381 2.266142 8.162938 -1e-06 -0.0 18.399109 -3.798995 -4.940582 5e-06 -1e-06 -0.0 -5.949802 -2.888085 -14.622873 0.316979 -0.040933 15.048606 5.0616 -27.80617 -5.209466 1.532233 -1.582106 1.551267 0.0 1e-06 2e-06 10.809829 -6.638855 -17.416916 -0.041129 -0.93007 11.497754 -8.640766 -35.411694 -1.422418 -1.439969 1.127853 -1.192199 0.0 -1e-06 -1e-06
0.0 0.0 0.0 0.0 -0.0 0.0 96.454674 99.586548 109.405685 -92.727806 86.087135 -81.994637 2.103437 0.957582 6.243528 0.55759 4.714746 -2.157921 -0.179059 4.390367 14.599406 -0.35754 3.074273 -9.676799 -1.44915 -0.989763 -3.816363 -4.983639 1.943784 -33.936077 7.7e-05 -2.4e-05 5e-06 -0.046898 -0.053729 0.159522 0.539182 -3.834228 -10.675742 -0.642587 3.723023 -10.625939 -15.767802 3.399098 14.163747 -61.233181 -0.03873 -0.777759 -0.987742 -46.538948 0.393893 17.705179 5.636572 7.49265 -5.88211 9.861288 0.702591 -10.936877 -0.360574 7.156203 0.0 8.774826 -0.0 -16.492594 17.236814 6.217492 -1.844034 2.498505 -2.507278 -10.163605 4.678947 4.621108 -20.976038 -3e-06 -1e-06 -21.226299 2.451696 -3.594002 1e-06 -7e-06 -0.0 -1.362683 2.240798 -0.746323 -21.334925 0.584911 3.008319 -13.821221 -3e-06 -1e-06 -23.887182 -0.249081 -0.839487 -60.933716 2.525288 -0.640934 -0.294026 1.679688 0.833256 -14.218215 0.093216 1.300578 -34.212067 -0.287566 0.967164 -20.033226 0.964534 1.21284 0.0 -0.0 0.0 -3.440391 0.788234 0.501655 -15.928192 -3.167309 2.999703 -6.338829 -1e-06 -0.0 -18.123455 3.648184 -4.905674 -4e-06 0.0 -2e-06 -15.90022 22.137444 1.955648 18.155558 51.374367 -34.102993 1.271269 53.945488 2.182755 -38.656712 -14.979584 -9.940556 2.243541 -5.255039 -3.18016 14.28289 -0.826596 6.952508 -1e-06 -12.690607 -1e-06 14.783769 -17.091124 3.526705 1.665666 -1.955922 -2.878299 4.727799 -4.170588 4.993925 11.020526 1e-06 2e-06 12.109053 -3.735719 -2.866785 -0.0 -0.0 1e-06 1.291985 -1.92855 -1.498091 14.800129 0.567466 3.86561 14.24257 -1.341739 -6.66066 19.631966 0.143923 -0.648243 49.106373 -0.466424 -6.058612 0.353029 -1.511151 -0.03194 20.222788 3.684307 2.316633 18.78727 -1e-06 2e-06 10.751629 -0.479872 1.397911 2e-06 1e-06 1e-06 3.273806 0.305947 -0.58011 21.486813 11.830373 2.266139 8.162927 0.0 2e-06 18.399082 -3.79899 -4.940574 3e-06 -1e-06 -1e-06 -5.244614 -3.884885 -17.911776 0.393822 -0.068168 15.27962 7.835527 -24.667089 -6.143754 1.559862 -1.517069 1.276123 0.0 -0.0 2e-06 11.071271 -2.73437 -19.007824 0.001614 -0.783868 8.603968 -9.661951 -32.617615 0.944762 -1.437338 1.215065 -1.437061 -0.0 1e-06 -1e-06
0.0 0.0 0.0 0.0 -0.0 0.0 96.196999 99.834908 109.420311 -96.243889 85.751862 -83.639038 2.616 1.104487 6.751357 0.679507 5.097002 -1.935717 -0.781713 4.964108 14.381419 0.028956 2.928164 -10.881753 -1.23073 -1.590662 -3.95341 -5.564007 1.516217 -34.033714 7.6e-05 -2.5e-05 6e-06 -0.035464 -0.107298 0.165323 0.553104 -3.89079 -10.706294 -0.633631 3.674519 -10.665699 -15.413422 4.201213 14.530244 -64.377968 0.443879 -3.27308 -0.192811 -46.98423 -0.235991 20.515324 5.363008 5.149636 -5.882112 9.861299 0.702592 -10.936881 -0.360575 7.15621 -0.0 8.774837 0.0 -16.48756 17.180843 6.125551 -1.844034 2.498507 -2.50728 -10.163611 4.678952 4.621112 -20.976048 -4e-06 -1e-06 -21.226315 2.451698 -3.594005 1e-06 -7e-06 -1e-06 -1.362683 2.2408 -0.746324 -21.334934 0.584911 3.008322 -13.821228 -3e-06 0.0 -23.887192 -0.24908 -0.839487 -60.82938 2.44568 -0.739382 -0.294026 1.679689 0.833257 -14.218224 0.093216 1.30058 -34.212082 -0.287565 0.967166 -20.033232 0.964536 1.212842 -0.0 -1e-06 0.0 -3.440394 0.788234 0.501656 -15.928201 -3.167312 2.999707 -6.338833 -1e-06 0.0 -18.123466 3.648186 -4.905678 -4e-06 1e-06 -1e-06 -20.198824 22.638281 0.140983 9.204153 53.159828 -43.349434 1.951473 51.158836 2.829254 -41.097252 -14.722703 -10.885913 2.243543 -5.255044 -3.180162 14.282905 -0.826596 6.95251 0.0 -12.690617 -4e-06 15.004745 -17.228714 3.445761 1.665668 -1.955925 -2.878302 4.727805 -4.170592 4.993929 11.020538 1e-06 1e-06 12.109064 -3.735722 -2.866788 -1e-06 0.0 0.0 1.291987 -1.928552 -1.498088 14.800142 0.567467 3.865614 14.242585 -1.34174 -6.660666 19.631987 0.143923 -0.648246 49.34293 -0.459737 -5.988823 0.353029 -1.511152 -0.03194 20.222809 3.684311 2.316637 18.787291 1e-06 3e-06 10.75164 -0.47987 1.397908 0.0 1e-06 0.0 3.27381 0.305947 -0.580111 21.486834 11.830384 2.266139 8.162937 0.0 -1e-06 18.399103 -3.798991 -4.940582 4e-06 -1e-06 -2e-06 -4.401031 -5.633971 -19.662882 0.352504 -0.021137 14.230647 8.500845 -22.141281 -5.562268 1.582531 -1.521944 0.864203 -0.0 -1e-06 2e-06 11.44181 -1.194899 -18.493652 0.04808 -0.82113 3.281213 -11.385764 -29.615608 4.158563 -1.447409 1.189011 -1.597489 0.0 0.0 -1e-06
0.0 0.0 0.0 0.0 -0.0 0.0 96.101143 100.023529 109.378174 -98.694786 85.660583 -84.843391 2.923169 1.166626 7.041709 0.777385 5.303558 -1.746448 -1.189232 5.560743 14.657275 0.51805 2.872591 -11.9592 -1.100674 -1.91586 -3.998317 -6.113788 1.313932 -33.556042 7.7e-05 -2.2e-05 6e-06 -0.041177 -0.170573 0.15659 0.534379 -3.947076 -10.665695 -0.626808 3.604038 -10.622956 -15.539429 4.684932 14.668324 -65.828026 1.474072 -3.305394 0.634354 -49.46553 -0.825189 21.12578 4.814202 3.025279 -5.88211 9.861288 0.70259 -10.936875 -0.360575 7.156207 1e-06 8.774828 -1e-06 -16.653402 17.374763 6.095171 -1.844033 2.498505 -2.507279 -10.163604 4.678946 4.621109 -20.97603 -5e-06 0.0 -21.226295 2.451695 -3.594003 1e-06 -7e-06 -0.0 -1.362683 2.240799 -0.746324 -21.334921 0.584908 3.008322 -13.821218 -3e-06 1e-06 -23.887178 -0.249081 -0.839484 -60.973736 2.341354 -0.60147 -0.294025 1.679687 0.833256 -14.218214 0.093214 1.300579 -34.212063 -0.287567 0.967168 -20.033218 0.964534 1.212842 1e-06 0.0 -0.0 -3.440389 0.788233 0.501655 -15.928192 -3.167311 2.999706 -6.338829 -1e-06 1e-06 -18.123453 3.648183 -4.905674 -5e-06 -0.0 -2e-06 -21.342794 23.605976 0.210758 -4.686518 52.853321 -54.215771 2.202857 47.797428 2.471804 -41.127514 -13.550595 -13.474128 2.243542 -5.255038 -3.18016 14.282895 -0.826596 6.952505 -1e-06 -12.690603 -2e-06 15.228318 -17.471123 3.227796 1.665667 -1.955921 -2.8783 4.7278 -4.170587 4.993926 11.020528 2e-06 -1e-06 12.109056 -3.735718 -2.866783 0.0 -0.0 1e-06 1.291986 -1.92855 -1.498089 14.800134 0.567467 3.86561 14.242577 -1.341738 -6.660658 19.631973 0.143923 -0.648245 49.566292 -0.510537 -6.12513 0.353029 -1.511151 -0.031939 20.222797 3.684309 2.316634 18.787273 2e-06 1e-06 10.751631 -0.479869 1.397906 1e-06 2e-06 0.0 3.273808 0.305946 -0.58011 21.486818 11.830372 2.266136 8.16293 1e-06 0.0 18.399088 -3.798986 -4.940577 5e-06 1e-06 -0.0 -3.959489 -6.588185 -20.460804 0.285459 0.141127 12.867833 8.527696 -20.549562 -4.727866 1.583854 -1.54493 0.546874 0.0 -0.0 2e-06 11.436463 -0.636168 -19.56254 0.048776 -0.770195 2.598363 -11.162374 -27.637978 5.152233 -1.451914 1.134502 -1.772273 0.0 0.0 -1e-06
0.0 0.0 0.0 0.0 -0.0 0.0 96.049934 100.137665 109.370926 -100.490181 85.662796 -85.79689 2.995873 1.15854 7.17787 0.82801 5.477508 -1.632972 -1.38358 6.067726 15.169258 1.166579 2.869436 -12.925207 -1.012837 -2.054401 -4.030804 -6.44391 1.239194 -33.196163 7.7e-05 -2.3e-05 6e-06 -0.046057 -0.200841 0.127305 0.531537 -3.970817 -10.656673 -0.634256 3.565459 -10.615934 -15.405248 4.952945 14.796569 -67.038513 2.375014 -2.770772 1.034231 -52.018246 -1.051978 20.843616 4.201227 1.528174 -5.88211 9.861292 0.70259 -10.936874 -0.360575 7.156206 0.0 8.774831 -0.0 -16.778883 17.525688 6.061841 -1.844033 2.498506 -2.507278 -10.163604 4.678946 4.621109 -20.976032 -5e-06 -1e-06 -21.226295 2.451695 -3.594003 1e-06 -7e-06 1e-06 -1.362683 2.2408 -0.746324 -21.334921 0.584909 3.008322 -13.821218 -3e-06 0.0 -23.887177 -0.249081 -0.839485 -61.014236 2.233167 -0.435904 -0.294026 1.679688 0.833256 -14.218214 0.093215 1.300579 -34.212063 -0.287567 0.967167 -20.033222 0.964535 1.212843 1e-06 -0.0 -0.0 -3.440389 0.788234 0.501655 -15.928191 -3.167312 2.999707 -6.338829 -1e-06 1e-06 -18.123453 3.648184 -4.905675 -4e-06 1e-06 -2e-06 -21.656052 24.318317 0.73734 -15.547871 51.264236 -62.301952 1.976025 45.086109 1.713342 -40.346668 -12.440145 -16.354797 2.243543 -5.255041 -3.180161 14.282898 -0.826596 6.952509 -0.0 -12.69061 -2e-06 15.236157 -17.646832 3.099604 1.665666 -1.955924 -2.8783 4.727802 -4.17059 4.993927 11.020529 1e-06 0.0 12.109057 -3.73572 -2.866785 0.0 -0.0 0.0 1.291987 -1.928552 -1.49809 14.800134 0.567466 3.86561 14.24258 -1.341741 -6.660662 19.631973 0.143922 -0.648244 49.647644 -0.544419 -6.297195 0.35303 -1.511153 -0.031941 20.222803 3.684309 2.316635 18.787283 3e-06 -0.0 10.751633 -0.479869 1.397906 1e-06 1e-06 0.0 3.273808 0.305946 -0.58011 21.486824 11.83038 2.266137 8.16293 -1e-06 -1e-06 18.399092 -3.79899 -4.940579 3e-06 1e-06 -2e-06 -3.740356 -7.077101 -20.955359 0.258156 0.271506 11.877925 8.597923 -19.592316 -4.178452 1.570817 -1.561692 0.243436 -0.0 1e-06 2e-06 11.375735 -0.393292 -20.593542 0.033055 -0.678235 2.731921 -10.703704 -26.552355 5.454788 -1.442497 1.096289 -1.827237 0.0 0.0 -1e-06
0.0 0.0 0.0 0.0 -0.0 0.0 96.081917 100.226006 109.409943 -102.716324 85.649765 -87.464859 2.975361 1.144147 7.223751 0.805444 5.591791 -1.592736 -1.526512 6.285532 15.609002 1.95579 2.901738 -13.6129 -0.984734 -1.948271 -4.081895 -6.589432 1.253323 -32.857594 7.7e-05 -2.1e-05 6e-06 -0.038103 -0.184328 0.104016 0.539283 -3.951018 -10.663834 -0.626557 3.577974 -10.631251 -15.22162 5.003776 14.966676 -68.115372 2.810344 -2.620748 1.231697 -53.200272 -1.054719 20.665638 4.002395 0.58133 -5.88211 9.861292 0.70259 -10.936878 -0.360576 7.156206 1e-06 8.774828 -1e-06 -16.737823 17.627253 6.160447 -1.844033 2.498506 -2.507279 -10.163606 4.678947 4.621109 -20.976038 -6e-06 0.0 -21.226301 2.451697 -3.594002 2e-06 -6e-06 2e-06 -1.362681 2.2408 -0.746324 -21.334929 0.584909 3.008322 -13.821223 -4e-06 0.0 -23.887188 -0.249082 -0.839486 -61.075062 2.196275 -0.333419 -0.294026 1.679687 0.833256 -14.218219 0.093215 1.300579 -34.212074 -0.287568 0.967168 -20.033228 0.964534 1.212843 1e-06 -0.0 -0.0 -3.440391 0.788234 0.501655 -15.9282 -3.167312 2.999706 -6.33883 -2e-06 1e-06 -18.123459 3.648183 -4.905675 -4e-06 0.0 -2e-06 -21.986105 24.502909 0.959193 -20.539999 50.026608 -66.54512 1.721548 44.230236 1.260628 -40.591347 -11.709741 -19.366428 2.243543 -5.255042 -3.180161 14.282905 -0.826596 6.952515 -1e-06 -12.690617 -2e-06 15.276501 -17.767569 3.071504 1.665667 -1.955923 -2.878302 4.727805 -4.17059 4.993928 11.020536 1e-06 3e-06 12.109062 -3.735721 -2.866786 1e-06 0.0 0.0 1.291987 -1.928551 -1.49809 14.800144 0.567468 3.865616 14.242579 -1.341742 -6.66066 19.631983 0.143921 -0.648241 49.847027 -0.537531 -6.394121 0.353029 -1.511153 -0.031941 20.222815 3.684311 2.316639 18.787296 0.0 4e-06 10.75164 -0.479873 1.397909 0.0 1e-06 0.0 3.27381 0.305947 -0.58011 21.486835 11.830382 2.266144 8.162938 -1e-06 3e-06 18.399103 -3.798994 -4.940577 3e-06 0.0 -1e-06 -3.547084 -7.500439 -21.168011 0.254075 0.343854 11.070941 8.562318 -18.760906 -3.764236 1.559098 -1.5676 -0.069831 -0.0 -1e-06 2e-06 11.353397 -0.27605 -21.195215 0.036847 -0.615276 2.705866 -10.370162 -25.865715 5.706506 -1.429169 1.100585 -1.88873 -0.0 -0.0 -1e-06
0.0 0.0 0.0 0.0 -0.0 0.0 96.194046 100.270592 109.477745 -104.545967 85.676865 -88.929367 2.885204 1.125237 7.177318 0.727096 5.63144 -1.603665 -1.714879 6.27521 15.918787 2.7582 2.906524 -14.090234 -0.907477 -1.654456 -4.115302 -6.679008 1.367918 -32.376793 7.7e-05 -2.2e-05 6e-06 -0.018905 -0.131893 0.092502 0.557663 -3.902741 -10.687783 -0.606862 3.635149 -10.667888 -15.207768 4.972718 15.093759 -68.868774 2.777348 -2.919539 1.230656 -53.029324 -0.9579 20.407793 4.11979 0.21245 -5.882106 9.861288 0.702589 -10.93687 -0.360574 7.156205 -0.0 8.774824 -1e-06 -16.579617 17.641455 6.29428 -1.844032 2.498504 -2.507278 -10.163601 4.678945 4.621109 -20.976025 -4e-06 -1e-06 -21.226288 2.451695 -3.594005 0.0 -6e-06 -0.0 -1.362681 2.240798 -0.746324 -21.334913 0.58491 3.008322 -13.821215 -3e-06 0.0 -23.887173 -0.24908 -0.839485 -61.062515 2.15693 -0.272783 -0.294026 1.679687 0.833255 -14.218209 0.093215 1.300579 -34.212048 -0.287564 0.967166 -20.033215 0.964536 1.212843 3e-06 -1e-06 0.0 -3.440387 0.788234 0.501655 -15.928185 -3.167309 2.999707 -6.338825 -1e-06 0.0 -18.123444 3.648182 -4.905673 -4e-06 0.0 -2e-06 -22.272385 24.508244 1.03127 -21.807312 49.444759 -68.843529 1.852973 44.619709 1.306067 -41.641586 -10.945872 -23.215361 2.243542 -5.255037 -3.180158 14.28289 -0.826594 6.952504 -1e-06 -12.690603 -2e-06 15.408308 -17.814688 3.039637 1.665667 -1.955922 -2.878299 4.727798 -4.170588 4.993925 11.020526 3e-06 0.0 12.109052 -3.735714 -2.866783 1e-06 0.0 -0.0 1.291985 -1.928548 -1.49809 14.800129 0.567469 3.865608 14.242572 -1.341737 -6.660657 19.631969 0.143925 -0.648245 50.250401 -0.477491 -6.439041 0.353029 -1.511152 -0.031941 20.222794 3.684308 2.316633 18.78727 5e-06 0.0 10.751631 -0.479867 1.397907 -1e-06 -0.0 -0.0 3.273807 0.305949 -0.58011 21.486813 11.830376 2.266133 8.162928 0.0 -1e-06 18.399086 -3.798987 -4.940577 3e-06 -0.0 -1e-06 -3.434595 -7.795104 -21.266407 0.242457 0.394227 10.582327 8.445922 -17.875175 -3.560683 1.560884 -1.568587 -0.306016 -0.0 -1e-06 2e-06 11.285735 -0.228157 -21.471964 0.06864 -0.570799 2.530038 -10.009424 -25.252729 5.708362 -1.425111 1.111814 -1.990415 -0.0 1e-06 -1e-06
0.0 0.0 0.0 0.0 -0.0 0.0 96.32872 100.249168 109.550789 -105.218292 85.765846 -89.336105 2.744617 1.088209 7.052437 0.635609 5.668515 -1.629369 -1.986678 6.177998 16.075003 3.500624 2.906007 -14.454202 -0.812009 -1.396826 -4.122479 -6.736169 1.575475 -31.807289 7.7e-05 -2.3e-05 5e-06 -0.005382 -0.096407 0.08897 0.566678 -3.874681 -10.690836 -0.589129 3.678462 -10.686885 -15.497327 4.985766 15.134105 -69.07457 2.480043 -3.579186 0.828712 -52.307228 -0.70748 19.637161 4.362919 0.338703 -5.882113 9.861286 0.702589 -10.936879 -0.360574 7.156206 0.0 8.774825 -2e-06 -16.345581 17.523743 6.426404 -1.844036 2.498505 -2.507279 -10.163611 4.678945 4.621108 -20.976042 -3e-06 -2e-06 -21.226305 2.451696 -3.594004 2e-06 -6e-06 -0.0 -1.362684 2.240798 -0.746324 -21.334932 0.584911 3.00832 -13.821227 -3e-06 -1e-06 -23.887192 -0.249082 -0.839487 -60.909744 2.108464 -0.247907 -0.294027 1.679687 0.833256 -14.218224 0.093215 1.300578 -34.212082 -0.287566 0.967164 -20.033236 0.964534 1.212841 1e-06 -0.0 0.0 -3.440391 0.788233 0.501655 -15.9282 -3.16731 2.999706 -6.338831 -1e-06 0.0 -18.123463 3.64818 -4.905674 -3e-06 -0.0 -2e-06 -22.47945 24.489002 1.068981 -21.285147 49.215549 -69.737923 2.044513 45.382381 1.553054 -43.371429 -10.42882 -28.178766 2.243541 -5.255035 -3.180157 14.282896 -0.826593 6.952508 -4e-06 -12.690605 -1e-06 15.64244 -17.699203 2.91083 1.665666 -1.955921 -2.878298 4.7278 -4.170587 4.993925 11.020529 4e-06 3e-06 12.109053 -3.735717 -2.866781 1e-06 1e-06 -0.0 1.291986 -1.92855 -1.498089 14.800132 0.567468 3.865611 14.242575 -1.341736 -6.660654 19.631973 0.143923 -0.648239 50.792793 -0.374293 -6.478624 0.353029 -1.51115 -0.03194 20.222795 3.68431 2.316635 18.787279 4e-06 5e-06 10.751632 -0.479869 1.397909 2e-06 -0.0 0.0 3.273807 0.305948 -0.58011 21.48682 11.830372 2.266138 8.16293 -0.0 0.0 18.39909 -3.798988 -4.940571 3e-06 -0.0 -0.0 -3.466803 -7.785437 -21.533194 0.246089 0.456336 10.714875 8.332725 -17.23628 -3.699203 1.565861 -1.571557 -0.454377 -0.0 0.0 2e-06 11.175959 -0.262688 -21.61179 0.121214 -0.525465 2.324686 -9.519474 -24.602594 5.319488 -1.427344 1.12073 -1.971546 0.0 -1e-06 -1e-06
0.0 0.0 0.0 0.0 -0.0 0.0 96.410439 100.19455 109.613228 -105.070435 85.878487 -89.074127 2.606482 1.07167 6.901523 0.563904 5.733898 -1.673501 -2.234807 6.080355 16.160622 4.041064 2.99133 -14.732011 -0.812226 -1.355126 -4.130683 -6.662684 1.626462 -31.204554 7.7e-05 -2.2e-05 6e-06 -0.005965 -0.116775 0.087015 0.56656 -3.89813 -10.666981 -0.590326 3.661304 -10.672228 -15.974266 5.010326 15.113973 -68.880112 1.988406 -4.420764 0.247841 -51.625034 -0.3779 18.891466 4.51009 0.49817 -5.882109 9.861288 0.702591 -10.936877 -0.360574 7.156204 1e-06 8.774828 1e-06 -16.154682 17.475655 6.545248 -1.844033 2.498504 -2.507277 -10.163603 4.678946 4.621109 -20.976028 -3e-06 2e-06 -21.226292 2.451697 -3.594 -1e-06 -6e-06 0.0 -1.362681 2.2408 -0.746323 -21.334921 0.58491 3.008323 -13.821217 -3e-06 2e-06 -23.887178 -0.249079 -0.839484 -60.740429 2.082561 -0.280069 -0.294023 1.679687 0.833256 -14.218212 0.093214 1.30058 -34.212055 -0.287565 0.967169 -20.033215 0.964536 1.212843 -1e-06 -0.0 -0.0 -3.440389 0.788233 0.501657 -15.928191 -3.167311 2.999706 -6.338828 -1e-06 0.0 -18.123453 3.648183 -4.905669 -3e-06 -0.0 -1e-06 -22.770576 24.509232 1.002416 -20.533112 49.016857 -69.681816 1.915718 45.62793 1.598533 -44.904961 -10.47542 -32.521442 2.243543 -5.25504 -3.180159 14.282898 -0.826596 6.952507 -1e-06 -12.690607 -1e-06 15.816461 -17.477329 2.777373 1.665666 -1.955922 -2.878299 4.727802 -4.170589 4.993926 11.02053 2e-06 0.0 12.109056 -3.735719 -2.866783 1e-06 0.0 -1e-06 1.291986 -1.928551 -1.49809 14.800138 0.567469 3.865611 14.242577 -1.341738 -6.660658 19.631973 0.143922 -0.648242 51.031868 -0.264553 -6.450389 0.353029 -1.511151 -0.03194 20.222801 3.684309 2.316636 18.787281 3e-06 2e-06 10.751633 -0.47987 1.397909 0.0 -0.0 -1e-06 3.273808 0.305947 -0.58011 21.486824 11.830376 2.266138 8.162932 -1e-06 0.0 18.399096 -3.798988 -4.940576 3e-06 -0.0 -1e-06 -3.576393 -7.668425 -21.820415 0.269563 0.485276 11.16911 8.316031 -16.723692 -4.002578 1.568849 -1.576895 -0.5324 0.0 -0.0 2e-06 11.070252 -0.333638 -21.611237 0.146905 -0.495959 2.135609 -9.037792 -24.006405 4.80063 -1.42471 1.127294 -1.970226 0.0 0.0 -1e-06
0.0 0.0 0.0 0.0 -0.0 0.0 96.405472 100.144073 109.67128 -104.824821 86.01091 -88.920479 2.505378 1.097447 6.759108 0.503134 5.812767 -1.745112 -2.386544 6.032259 16.202772 4.378735 3.067204 -14.84127 -0.825256 -1.429375 -4.13336 -6.530992 1.505996 -30.544695 7.7e-05 -2.3e-05 7e-06 -0.010433 -0.148826 0.088108 0.576591 -3.927616 -10.64288 -0.609064 3.62712 -10.648665 -16.196875 5.000359 15.088019 -68.813805 1.327595 -5.229054 -0.261614 -50.987442 -0.105588 18.498579 4.46138 0.301781 -5.88211 9.861291 0.702591 -10.936877 -0.360575 7.156207 1e-06 8.774831 0.0 -16.109829 17.529451 6.590074 -1.844035 2.498506 -2.507279 -10.163605 4.678948 4.621109 -20.976036 -3e-06 1e-06 -21.226299 2.451699 -3.594002 -1e-06 -7e-06 1e-06 -1.362682 2.240799 -0.746323 -21.334925 0.58491 3.008322 -13.821221 -3e-06 1e-06 -23.887184 -0.24908 -0.839483 -60.738094 2.118243 -0.327783 -0.294026 1.679688 0.833257 -14.218215 0.093215 1.30058 -34.212067 -0.287566 0.967168 -20.033226 0.964535 1.212842 0.0 -0.0 -1e-06 -3.440391 0.788233 0.501655 -15.928194 -3.167311 2.999707 -6.33883 -1e-06 1e-06 -18.123457 3.648185 -4.905674 -3e-06 -0.0 -2e-06 -23.284372 24.582895 0.902626 -20.476097 48.785679 -69.778702 1.712413 45.034683 1.444048 -45.312374 -10.676448 -34.532486 2.243543 -5.255041 -3.180159 14.282899 -0.826597 6.952507 0.0 -12.690612 0.0 15.804936 -17.381781 2.754108 1.665667 -1.955922 -2.8783 4.727801 -4.170592 4.993927 11.020532 1e-06 -1e-06 12.109058 -3.735719 -2.866787 2e-06 1e-06 1e-06 1.291986 -1.92855 -1.49809 14.800136 0.567468 3.865611 14.242579 -1.341738 -6.660661 19.631975 0.143922 -0.648245 50.902786 -0.210656 -6.359211 0.353029 -1.511152 -0.03194 20.222801 3.684309 2.316631 18.787287 3e-06 -2e-06 10.751636 -0.47987 1.397906 1e-06 -0.0 0.0 3.273808 0.305947 -0.580111 21.486822 11.83038 2.266135 8.162931 -1e-06 -1e-06 18.399094 -3.798988 -4.940579 4e-06 -1e-06 -1e-06 -3.705638 -7.656363 -21.8958 0.287498 0.485199 11.532171 8.37366 -16.086649 -4.23454 1.572282 -1.580907 -0.581648 -0.0 -1e-06 2e-06 10.9614 -0.398882 -21.434008 0.14508 -0.48981 1.969293 -8.684772 -23.542402 4.376678 -1.415198 1.118252 -2.012671 0.0 -1e-06 -1e-06
0.0 0.0 0.0 0.0 -0.0 0.0 96.351311 100.126587 109.71006 -104.381088 86.124191 -88.662109 2.468976 1.144085 6.595847 0.444199 5.899529 -1.855663 -2.469414 6.03488 16.102749 4.639328 3.080991 -14.680517 -0.82126 -1.518768 -4.156644 -6.393407 1.283754 -29.750607 7.7e-05 -2.3e-05 6e-06 -0.013358 -0.17603 0.085682 0.592976 -3.95065 -10.644386 -0.630674 3.596456 -10.648926 -15.988771 4.946465 15.04934 -69.119995 0.656819 -5.868588 -0.533959 -50.220074 0.022512 18.265053 4.41933 0.012422 -5.882107 9.861284 0.70259 -10.936873 -0.360576 7.156207 1e-06 8.774826 -2e-06 -16.161182 17.600193 6.590001 -1.844031 2.498505 -2.507278 -10.163599 4.678945 4.621109 -20.976023 -4e-06 4e-06 -21.226288 2.451697 -3.593999 1e-06 -6e-06 2e-06 -1.362681 2.240799 -0.746323 -21.334913 0.584908 3.008324 -13.821213 -3e-06 3e-06 -23.887169 -0.24908 -0.839481 -60.908794 2.209816 -0.352151 -0.294025 1.679688 0.833255 -14.21821 0.093213 1.300582 -34.212051 -0.287564 0.967173 -20.033215 0.964537 1.212845 -1e-06 0.0 0.0 -3.440389 0.788233 0.501656 -15.928187 -3.167311 2.999709 -6.338826 -1e-06 2e-06 -18.123444 3.648182 -4.905669 -3e-06 -0.0 -1e-06 -23.974045 24.67137 0.779087 -21.014465 48.654015 -70.042496 1.527962 43.86277 1.202726 -44.789989 -10.773005 -34.746883 2.24354 -5.255033 -3.180156 14.282885 -0.826595 6.952499 -3e-06 -12.690599 2e-06 15.731685 -17.379461 2.835716 1.665666 -1.955922 -2.878298 4.727797 -4.170585 4.993923 11.02052 3e-06 -2e-06 12.109048 -3.735714 -2.866784 2e-06 1e-06 1e-06 1.291985 -1.928547 -1.498088 14.80012 0.567468 3.865605 14.242563 -1.341735 -6.660655 19.631954 0.143927 -0.648246 50.753456 -0.21607 -6.278496 0.353028 -1.51115 -0.03194 20.222784 3.684309 2.316628 18.78727 4e-06 -0.0 10.751626 -0.479869 1.397905 1e-06 0.0 -1e-06 3.273805 0.305948 -0.580111 21.486801 11.830371 2.266131 8.162922 0.0 -1e-06 18.399073 -3.798986 -4.940575 3e-06 -1e-06 -0.0 -3.722218 -7.77622 -21.770037 0.293543 0.490337 11.574881 8.331269 -15.360151 -4.271404 1.577101 -1.560846 -0.654339 0.0 -0.0 2e-06 10.835024 -0.419804 -21.157223 0.129602 -0.493223 1.846993 -8.389087 -23.196396 4.101831 -1.40735 1.1009 -2.09271 0.0 0.0 -1e-06
0.0 0.0 0.0 0.0 -0.0 0.0 96.298218 100.135628 109.708466 -103.674004 86.220528 -88.199066 2.48968 1.204164 6.400254 0.391982 5.972455 -1.990121 -2.540044 6.046605 15.84871 4.867431 3.041531 -14.257723 -0.768194 -1.566027 -4.185946 -6.31784 1.085144 -28.857161 7.7e-05 -2.2e-05 6e-06 -0.012367 -0.187595 0.079972 0.610695 -3.960173 -10.667042 -0.645666 3.583802 -10.670948 -15.450013 4.874432 15.045059 -69.746712 0.023869 -6.347088 -0.628758 -49.358055 0.050887 18.073475 4.419949 -0.20596 -5.882106 9.861286 0.702587 -10.936872 -0.360576 7.156202 1e-06 8.774824 -1e-06 -16.23192 17.652504 6.544524 -1.844033 2.498505 -2.507277 -10.163599 4.678944 4.621106 -20.976027 -6e-06 -2e-06 -21.22629 2.451692 -3.594004 2e-06 -6e-06 1e-06 -1.362682 2.240798 -0.746325 -21.334917 0.584908 3.008317 -13.821215 -5e-06 -1e-06 -23.887175 -0.249083 -0.839487 -61.032036 2.276873 -0.383221 -0.294024 1.679686 0.833256 -14.21821 0.093214 1.300577 -34.212051 -0.287571 0.967162 -20.033213 0.964532 1.212841 1e-06 -0.0 -0.0 -3.440392 0.788234 0.501655 -15.928189 -3.167311 2.999704 -6.338828 -2e-06 -1e-06 -18.123453 3.64818 -4.905676 -3e-06 -0.0 -3e-06 -24.801731 24.77404 0.565941 -21.757704 48.653599 -70.291458 1.272252 42.43116 0.897922 -43.751545 -10.527567 -34.025364 2.243542 -5.255035 -3.180157 14.282894 -0.826594 6.952503 -4e-06 -12.690604 1e-06 15.675965 -17.387138 2.983636 1.665666 -1.955921 -2.878298 4.727799 -4.170588 4.993924 11.020528 4e-06 -0.0 12.109054 -3.735714 -2.866783 1e-06 1e-06 1e-06 1.291986 -1.92855 -1.498089 14.800129 0.567468 3.865607 14.242575 -1.341737 -6.660657 19.631969 0.143927 -0.648243 50.73254 -0.276434 -6.205926 0.353029 -1.511151 -0.03194 20.222792 3.684313 2.316631 18.787279 6e-06 1e-06 10.751631 -0.479868 1.397906 1e-06 -0.0 0.0 3.273807 0.305948 -0.580111 21.486818 11.830379 2.266134 8.162927 -1e-06 -0.0 18.399084 -3.798983 -4.940576 3e-06 -0.0 -0.0 -3.864496 -8.026058 -21.329929 0.284371 0.51017 11.310369 8.40701 -14.608303 -4.13717 1.581243 -1.54109 -0.760766 0.0 -0.0 2e-06 10.730053 -0.432413 -20.87051 0.104816 -0.510163 1.807777 -8.233656 -22.86632 4.003792 -1.404854 1.079769 -2.177585 0.0 -1e-06 -1e-06
0.0 0.0 0.0 0.0 -0.0 0.0 96.252007 100.154938 109.689835 -103.559914 86.297523 -88.390503 2.535937 1.266796 6.175363 0.36287 6.01031 -2.13034 -2.614162 6.036978 15.527767 5.080887 2.951261 -13.642824 -0.683164 -1.559453 -4.206528 -6.313163 0.98262 -27.944818 7.7e-05 -2.4e-05 7e-06 -0.0099 -0.193968 0.076357 0.625292 -3.96301 -10.683749 -0.654718 3.574664 -10.684705 -14.784151 4.759777 15.124691 -70.477753 -0.523692 -6.606177 -0.538479 -48.676983 -0.025223 17.82844 4.39605 -0.311994 -5.882109 9.86129 0.702592 -10.936878 -0.360575 7.156208 1e-06 8.774831 -2e-06 -16.396496 17.758614 6.454105 -1.844033 2.498504 -2.50728 -10.163604 4.678946 4.621109 -20.976034 -5e-06 3e-06 -21.226299 2.451696 -3.594 1e-06 -6e-06 -0.0 -1.362682 2.240798 -0.746324 -21.334929 0.584908 3.008323 -13.821221 -4e-06 1e-06 -23.887184 -0.24908 -0.839483 -61.170849 2.297928 -0.440869 -0.294025 1.679689 0.833256 -14.218216 0.093213 1.30058 -34.212067 -0.287567 0.967173 -20.033226 0.964536 1.212845 1e-06 0.0 -1e-06 -3.440391 0.788234 0.501656 -15.928198 -3.167312 2.999708 -6.33883 -1e-06 1e-06 -18.123457 3.648183 -4.905672 -4e-06 -1e-06 -2e-06 -25.611229 24.844273 0.337803 -22.530777 48.628197 -70.557922 0.940871 40.897163 0.595392 -42.421783 -10.18969 -33.149025 2.243542 -5.255039 -3.180159 14.282896 -0.826593 6.952505 -1e-06 -12.69061 -1e-06 15.655701 -17.375088 3.084552 1.665667 -1.955924 -2.878299 4.727801 -4.17059 4.993924 11.020529 3e-06 -1e-06 12.109057 -3.735719 -2.866785 1e-06 1e-06 -0.0 1.291986 -1.928551 -1.498089 14.800136 0.567469 3.865609 14.242578 -1.341738 -6.66066 19.631973 0.143925 -0.648243 50.721455 -0.340743 -6.137743 0.353029 -1.511153 -0.031939 20.222801 3.684311 2.31663 18.787283 5e-06 -1e-06 10.751633 -0.479868 1.397907 2e-06 -0.0 0.0 3.273809 0.305946 -0.580111 21.486822 11.830382 2.266135 8.162928 2e-06 -2e-06 18.399088 -3.798985 -4.940577 4e-06 -0.0 -2e-06 -3.916298 -8.260742 -20.889761 0.256397 0.537238 10.905101 8.24022 -14.004255 -3.847118 1.583781 -1.542813 -0.880054 -0.0 -1e-06 2e-06 10.6449 -0.464578 -20.548294 0.080303 -0.531808 1.818184 -8.221657 -22.632298 4.000734 -1.405341 1.066464 -2.25839 0.0 0.0 -1e-06
0.0 0.0 0.0 0.0 -0.0 0.0 96.20639 100.161087 109.693024 -105.360947 86.368217 -90.557686 2.583441 1.295394 5.921868 0.347912 6.005052 -2.270302 -2.682486 6.014174 15.23584 5.251397 2.847234 -12.955034 -0.624885 -1.547953 -4.210426 -6.308498 0.924572 -26.969885 7.7e-05 -2.3e-05 6e-06 -0.008613 -0.201637 0.075609 0.632949 -3.963072 -10.67765 -0.659639 3.560048 -10.675482 -14.178763 4.574159 15.194793 -71.074608 -0.854673 -6.729016 -0.512458 -48.392128 -0.087221 17.457977 4.203423 -0.371308 -5.88211 9.861287 0.702589 -10.936877 -0.360575 7.15621 2e-06 8.77483 -1e-06 -16.607601 17.867266 6.319744 -1.844032 2.498505 -2.507278 -10.163604 4.678946 4.62111 -20.976038 -3e-06 2e-06 -21.226299 2.451698 -3.594 1e-06 -6e-06 -1e-06 -1.362684 2.240798 -0.746324 -21.334927 0.58491 3.008323 -13.821221 -3e-06 1e-06 -23.887184 -0.249079 -0.839482 -61.303276 2.289682 -0.511919 -0.294026 1.679688 0.833256 -14.218215 0.093215 1.30058 -34.212074 -0.287564 0.967171 -20.03323 0.964538 1.212845 0.0 -0.0 0.0 -3.440392 0.788233 0.501656 -15.928198 -3.16731 2.999709 -6.33883 -1e-06 1e-06 -18.123459 3.648183 -4.905673 -4e-06 -0.0 -3e-06 -26.303457 24.825058 0.159617 -23.13743 48.348293 -70.447136 0.691586 39.182678 0.325021 -40.796665 -10.301914 -32.562325 2.243541 -5.255041 -3.18016 14.282907 -0.826594 6.952515 0.0 -12.690616 -2e-06 15.608965 -17.378389 3.144883 1.665667 -1.955922 -2.8783 4.727805 -4.17059 4.993929 11.020536 3e-06 2e-06 12.109063 -3.735719 -2.866785 1e-06 1e-06 0.0 1.291987 -1.928553 -1.498091 14.800148 0.567467 3.865617 14.242584 -1.34174 -6.66066 19.631985 0.143922 -0.648241 50.563789 -0.40744 -6.107792 0.35303 -1.511153 -0.03194 20.222815 3.684312 2.316639 18.787291 4e-06 6e-06 10.751641 -0.479872 1.39791 1e-06 -0.0 -0.0 3.27381 0.305948 -0.580111 21.486839 11.830384 2.266145 8.162937 1e-06 3e-06 18.399101 -3.798991 -4.940576 3e-06 -0.0 -2e-06 -4.008429 -8.424443 -20.373343 0.213415 0.562302 10.612522 8.011765 -13.608978 -3.648191 1.582789 -1.564914 -1.01899 -0.0 -1e-06 2e-06 10.542569 -0.519147 -20.189726 0.064399 -0.551413 1.840442 -8.303938 -22.591776 3.972035 -1.40637 1.062012 -2.303252 0.0 0.0 -1e-06
0.0 0.0 0.0 0.0 -0.0 0.0 96.140144 100.137474 109.762596 -108.66317 86.442459 -94.285759 2.604954 1.290709 5.657738 0.323018 5.962153 -2.4029 -2.735482 5.958074 15.012731 5.393071 2.724285 -12.263174 -0.592703 -1.515184 -4.197532 -6.287391 0.854399 -25.959764 7.7e-05 -2.3e-05 6e-06 -0.008487 -0.199153 0.074802 0.636495 -3.952123 -10.660869 -0.663231 3.554276 -10.65993 -13.679285 4.306787 15.224514 -71.443382 -0.933856 -6.664498 -0.560503 -48.424469 -0.099597 16.991159 3.961212 -0.390862 -5.882112 9.861292 0.702591 -10.93688 -0.360573 7.15621 0.0 8.77483 0.0 -16.766773 17.91769 6.19179 -1.844035 2.498505 -2.507278 -10.163609 4.678949 4.62111 -20.976042 -3e-06 2e-06 -21.226303 2.451698 -3.594005 1e-06 -6e-06 -1e-06 -1.362682 2.240799 -0.746322 -21.334932 0.584911 3.008323 -13.821225 -2e-06 1e-06 -23.887192 -0.249079 -0.839486 -61.374184 2.293613 -0.55528 -0.294024 1.679689 0.833256 -14.218221 0.093216 1.300581 -34.212082 -0.287563 0.967168 -20.03323 0.964537 1.212842 0.0 -0.0 -0.0 -3.440392 0.788234 0.501656 -15.928201 -3.16731 2.999708 -6.338832 -1e-06 0.0 -18.123463 3.648185 -4.905674 -4e-06 -0.0 -1e-06 -26.853378 24.697359 0.006743 -23.37867 47.784584 -69.727425 0.727888 37.364643 0.160157 -38.976257 -10.947865 -32.206882 2.243542 -5.255041 -3.180159 14.282899 -0.826596 6.95251 1e-06 -12.690611 -1e-06 15.543097 -17.41806 3.207713 1.665666 -1.955924 -2.878299 4.727803 -4.17059 4.993928 11.020534 2e-06 2e-06 12.109057 -3.73572 -2.866783 2e-06 1e-06 0.0 1.291986 -1.928551 -1.498089 14.800136 0.567467 3.865613 14.242578 -1.341742 -6.660658 19.631973 0.143922 -0.648243 50.352013 -0.485451 -6.130443 0.353029 -1.511152 -0.031941 20.222801 3.684311 2.316638 18.787283 0.0 2e-06 10.751633 -0.479872 1.397909 -1e-06 -0.0 -0.0 3.273809 0.305946 -0.580111 21.486826 11.830379 2.26614 8.162931 -0.0 1e-06 18.399096 -3.798989 -4.940579 3e-06 -1e-06 -2e-06 -4.119903 -8.512581 -19.989058 0.175351 0.583919 10.700665 7.76075 -13.351311 -3.639111 1.579986 -1.582906 -1.165023 0.0 -0.0 2e-06 10.40587 -0.581255 -19.79464 0.061112 -0.560297 1.838268 -8.392746 -22.705843 3.838077 -1.407739 1.055624 -2.321412 0.0 0.0 -1e-06
0.0 0.0 0.0 0.0 -0.0 0.0 96.062752 100.088547 109.894409 -112.847282 86.506935 -98.952011 2.596043 1.261865 5.394823 0.28609 5.908363 -2.529975 -2.765085 5.859169 14.851509 5.508996 2.580979 -11.585143 -0.575724 -1.455918 -4.181187 -6.263513 0.742975 -24.947744 7.7e-05 -2.2e-05 6e-06 -0.009594 -0.192014 0.076461 0.637599 -3.936556 -10.636173 -0.667009 3.552727 -10.638741 -13.25693 3.941688 15.23911 -71.578285 -0.834748 -6.408221 -0.590804 -48.511814 -0.086867 16.421009 3.810333 -0.349304 -5.882107 9.86129 0.70259 -10.936873 -0.360575 7.156204 1e-06 8.774828 -0.0 -16.857769 17.916584 6.105019 -1.844034 2.498506 -2.507281 -10.163604 4.678947 4.621108 -20.976034 -6e-06 -2e-06 -21.226299 2.451694 -3.594005 1e-06 -7e-06 -0.0 -1.362681 2.240798 -0.746322 -21.334921 0.584908 3.00832 -13.821218 -4e-06 -0.0 -23.887177 -0.249084 -0.839487 -61.400589 2.308931 -0.549058 -0.294025 1.679688 0.833256 -14.218214 0.093214 1.300577 -34.212055 -0.28757 0.967165 -20.03322 0.964532 1.212841 1e-06 -0.0 -1e-06 -3.44039 0.788234 0.501654 -15.928192 -3.167312 2.999703 -6.338829 -1e-06 -1e-06 -18.123457 3.648182 -4.905677 -4e-06 -1e-06 -2e-06 -27.204605 24.465807 -0.09292 -23.168873 47.022514 -68.459412 1.030679 35.750637 0.152153 -37.266823 -11.897633 -32.086151 2.243541 -5.25504 -3.180157 14.282896 -0.826596 6.952509 -2e-06 -12.69061 -2e-06 15.490604 -17.448605 3.272534 1.665665 -1.955922 -2.878299 4.727801 -4.170589 4.993925 11.020529 1e-06 1e-06 12.109056 -3.73572 -2.866784 -1e-06 1e-06 -1e-06 1.291986 -1.928552 -1.498091 14.800134 0.567468 3.865612 14.242577 -1.341742 -6.660659 19.631973 0.143921 -0.648242 50.194801 -0.563408 -6.171944 0.353029 -1.511151 -0.031939 20.222797 3.684307 2.316634 18.787281 2e-06 3e-06 10.751632 -0.47987 1.397907 1e-06 0.0 -0.0 3.273808 0.305947 -0.580109 21.486822 11.830378 2.26614 8.16293 -1e-06 0.0 18.399088 -3.798991 -4.940577 4e-06 -0.0 -1e-06 -4.240309 -8.530541 -19.711613 0.154277 0.614363 11.121347 7.487692 -13.201007 -3.804839 1.578121 -1.58391 -1.309576 0.0 -0.0 2e-06 10.260935 -0.641964 -19.497999 0.063246 -0.559311 2.179238 -8.387958 -22.964289 3.435055 -1.408337 1.05071 -2.314265 0.0 0.0 -1e-06
0.0 0.0 0.0 0.0 -0.0 0.0 96.014954 100.03492 110.018089 -116.532181 86.570229 -103.165337 2.558289 1.232737 5.143999 0.249483 5.853759 -2.65339 -2.783334 5.70931 14.738411 5.58739 2.463488 -10.958344 -0.572312 -1.332345 -4.165651 -6.241344 0.634209 -23.970369 7.7e-05 -2.2e-05 6e-06 -0.009052 -0.180926 0.077047 0.640544 -3.920795 -10.609886 -0.669197 3.559043 -10.615602 -12.9369 3.551706 15.227639 -71.474594 -0.612121 -6.068476 -0.556764 -48.435738 -0.05327 15.939487 3.793831 -0.347079 -5.882115 9.861295 0.70259 -10.936885 -0.360573 7.156211 -0.0 8.774833 -0.0 -16.892012 17.894493 6.075015 -1.844037 2.498507 -2.507281 -10.163614 4.67895 4.621112 -20.976053 -3e-06 0.0 -21.226318 2.451698 -3.594004 -0.0 -6e-06 0.0 -1.362684 2.2408 -0.746323 -21.334944 0.584913 3.008324 -13.821233 -2e-06 -1e-06 -23.887201 -0.24908 -0.839488 -61.378212 2.327635 -0.527316 -0.294026 1.679688 0.833257 -14.218229 0.093216 1.30058 -34.212097 -0.287565 0.967167 -20.033241 0.964535 1.212842 0.0 -0.0 0.0 -3.440393 0.788235 0.501655 -15.928206 -3.167311 2.999709 -6.338835 -1e-06 0.0 -18.123474 3.648185 -4.905678 -3e-06 0.0 -2e-06 -27.254723 24.192436 -0.062629 -22.506182 46.201748 -67.11026 1.546701 34.806072 0.294435 -35.990379 -12.642273 -32.439575 2.243541 -5.255039 -3.180159 14.282904 -0.826595 6.952514 -3e-06 -12.690611 -0.0 15.456717 -17.436884 3.318387 1.665666 -1.955922 -2.878301 4.727805 -4.170589 4.99393 11.020535 3e-06 3e-06 12.10906 -3.735718 -2.866782 1e-06 1e-06 0.0 1.291986 -1.928549 -1.49809 14.800144 0.567468 3.865617 14.24258 -1.341738 -6.660657 19.631985 0.143922 -0.648239 50.104351 -0.600017 -6.206227 0.353029 -1.511151 -0.031939 20.222811 3.684311 2.316639 18.787289 2e-06 9e-06 10.751639 -0.47987 1.397908 0.0 -1e-06 -0.0 3.273809 0.305947 -0.58011 21.486835 11.83038 2.266143 8.162934 -0.0 3e-06 18.399103 -3.798991 -4.940574 3e-06 -0.0 -2e-06 -4.394454 -8.502439 -19.351965 0.147193 0.629575 11.525681 7.208998 -13.040701 -3.992067 1.582628 -1.578085 -1.448286 0.0 1e-06 2e-06 10.127048 -0.697517 -19.400541 0.06563 -0.555567 3.028485 -8.248372 -23.272993 2.826312 -1.409032 1.051258 -2.307429 0.0 0.0 -1e-06
0.0 0.0 0.0 0.0 -0.0 0.0 96.000832 99.990768 110.083305 -118.662392 86.646957 -105.885979 2.503546 1.218492 4.901652 0.215089 5.798923 -2.781521 -2.779709 5.506053 14.667894 5.632094 2.402554 -10.367558 -0.555067 -1.152772 -4.145082 -6.229281 0.61547 -22.997341 7.7e-05 -2.3e-05 6e-06 -0.007325 -0.169635 0.076694 0.645034 -3.910371 -10.589725 -0.670177 3.571697 -10.595535 -12.689229 3.180473 15.244037 -71.180107 -0.328203 -5.550711 -0.300921 -48.189854 -0.136156 15.565947 3.888839 -0.462921 -5.88211 9.861295 0.702592 -10.93688 -0.360576 7.156213 1e-06 8.774833 0.0 -16.891914 17.895983 6.093517 -1.844033 2.498507 -2.50728 -10.163607 4.678948 4.621112 -20.97604 -4e-06 2e-06 -21.226301 2.451698 -3.594002 -0.0 -5e-06 0.0 -1.362683 2.2408 -0.746324 -21.334932 0.584909 3.008325 -13.821225 -3e-06 3e-06 -23.887192 -0.24908 -0.839484 -61.326664 2.352047 -0.546658 -0.294024 1.679689 0.833257 -14.218221 0.093214 1.300584 -34.212074 -0.287565 0.967173 -20.03323 0.964536 1.212845 1e-06 -0.0 -1e-06 -3.440392 0.788234 0.501656 -15.928201 -3.167314 2.999709 -6.338832 -1e-06 1e-06 -18.123461 3.648185 -4.905674 -4e-06 0.0 -0.0 -27.03871 23.959856 0.078641 -21.334345 45.365364 -65.863228 2.158696 34.741066 0.558075 -35.249104 -12.92359 -33.249645 2.243543 -5.255039 -3.180159 14.282896 -0.826596 6.952507 -1e-06 -12.690612 0.0 15.427343 -17.360182 3.307102 1.665667 -1.955923 -2.878301 4.727801 -4.170592 4.993927 11.020531 2e-06 -1e-06 12.109058 -3.735719 -2.866785 -1e-06 1e-06 -0.0 1.291987 -1.928553 -1.49809 14.800136 0.567467 3.865612 14.242579 -1.341739 -6.660661 19.631973 0.143922 -0.648245 50.015938 -0.604087 -6.196687 0.353029 -1.511151 -0.03194 20.222801 3.68431 2.316634 18.787285 2e-06 1e-06 10.751636 -0.479869 1.397906 0.0 0.0 -0.0 3.273808 0.305947 -0.58011 21.486818 11.83038 2.266136 8.162931 0.0 0.0 18.399092 -3.798989 -4.940578 3e-06 -1e-06 -3e-06 -4.579597 -8.458596 -18.802979 0.135369 0.628024 11.732246 6.929797 -12.769877 -4.101815 1.592505 -1.581722 -1.551587 0.0 2e-06 2e-06 10.008457 -0.766467 -19.26531 0.068778 -0.552334 3.987393 -8.036957 -23.526791 2.216535 -1.412369 1.057124 -2.338723 0.0 0.0 -1e-06
0.0 0.0 0.0 0.0 -0.0 0.0 96.009201 99.94574 110.095558 -118.990433 86.776695 -106.888237 2.44485 1.236177 4.664691 0.190836 5.725287 -2.900591 -2.754422 5.323914 14.619354 5.644768 2.363488 -9.759336 -0.531737 -0.940664 -4.119416 -6.254683 0.668834 -22.091 7.7e-05 -2.3e-05 6e-06 -0.006778 -0.152201 0.075964 0.649691 -3.897076 -10.576429 -0.673646 3.593713 -10.583585 -12.464506 2.810918 15.313033 -70.799019 -0.00316 -4.986551 -0.00635 -47.824772 -0.289031 15.225074 4.004065 -0.526716 -5.882111 9.861298 0.702592 -10.93688 -0.360575 7.156215 0.0 8.774838 -1e-06 -16.8785 17.891043 6.118452 -1.844032 2.498507 -2.507282 -10.163607 4.67895 4.621113 -20.97604 -4e-06 2e-06 -21.226301 2.451698 -3.594003 -1e-06 -5e-06 0.0 -1.362683 2.2408 -0.746324 -21.33493 0.584909 3.008326 -13.821224 -3e-06 2e-06 -23.887188 -0.249079 -0.839484 -61.232769 2.389759 -0.611034 -0.294025 1.679689 0.833256 -14.218223 0.093214 1.300582 -34.212078 -0.287565 0.967172 -20.03323 0.964537 1.212844 0.0 -0.0 0.0 -3.440391 0.788234 0.501657 -15.928198 -3.167314 2.99971 -6.338831 -1e-06 1e-06 -18.123459 3.648187 -4.905675 -3e-06 -0.0 -2e-06 -26.71175 23.796715 0.256334 -19.611637 44.526478 -64.474579 2.741521 35.310913 0.871932 -34.834385 -12.969427 -34.535347 2.243546 -5.255046 -3.180162 14.28291 -0.826598 6.952514 1e-06 -12.690626 -2e-06 15.43751 -17.280676 3.259685 1.665668 -1.955926 -2.878304 4.727807 -4.170594 4.993932 11.02054 -1e-06 1e-06 12.109068 -3.735724 -2.866789 1e-06 0.0 -1e-06 1.291987 -1.928553 -1.498092 14.800149 0.567466 3.865616 14.242591 -1.341743 -6.660669 19.631992 0.143921 -0.648246 49.960957 -0.583634 -6.154659 0.353029 -1.511153 -0.03194 20.222818 3.684311 2.316638 18.7873 -0.0 -1e-06 10.751641 -0.479871 1.39791 -0.0 1e-06 -0.0 3.273811 0.305947 -0.580111 21.486839 11.83039 2.266142 8.162937 -1e-06 0.0 18.399107 -3.798995 -4.940586 3e-06 -1e-06 -3e-06 -4.809924 -8.430463 -18.089359 0.117371 0.619985 11.822679 6.654961 -12.368545 -4.166512 1.604159 -1.593792 -1.620153 -0.0 1e-06 2e-06 9.862738 -0.819369 -19.106926 0.076974 -0.548038 5.134171 -7.698836 -23.723091 1.514313 -1.417611 1.072617 -2.352985 0.0 -1e-06 -1e-06
0.0 0.0 0.0 0.0 -0.0 0.0 96.006805 99.901932 110.112206 -118.015099 86.892784 -106.647728 2.415709 1.273278 4.422727 0.197794 5.640339 -3.014911 -2.678509 5.201814 14.574474 5.611161 2.35873 -9.180914 -0.513257 -0.760256 -4.079658 -6.290667 0.780259 -21.304392 7.7e-05 -2.2e-05 6e-06 -0.008291 -0.140001 0.073608 0.657889 -3.888755 -10.562901 -0.684587 3.610528 -10.56947 -12.243591 2.471334 15.386569 -70.410362 0.372985 -4.546583 0.155611 -47.462955 -0.378941 14.943776 4.078735 -0.759738 -5.882112 9.86129 0.70259 -10.93688 -0.360575 7.156209 0.0 8.774828 -2e-06 -16.860994 17.903502 6.119535 -1.844032 2.498506 -2.507278 -10.163605 4.678946 4.621111 -20.976038 -4e-06 2e-06 -21.226303 2.451697 -3.594 0.0 -6e-06 -1e-06 -1.362682 2.240799 -0.746324 -21.334929 0.584909 3.008324 -13.821224 -3e-06 2e-06 -23.887188 -0.249079 -0.839483 -61.12801 2.438238 -0.736765 -0.294025 1.679688 0.833256 -14.218219 0.093215 1.30058 -34.212074 -0.287565 0.96717 -20.03323 0.964536 1.212844 0.0 -0.0 -0.0 -3.440392 0.788233 0.501656 -15.9282 -3.167312 2.999708 -6.338831 -2e-06 1e-06 -18.123459 3.648183 -4.905672 -4e-06 0.0 -1e-06 -26.256742 23.704422 0.516719 -17.545101 43.718456 -62.74485 3.091794 36.268814 1.187313 -34.613228 -12.939677 -36.330521 2.243543 -5.255042 -3.18016 14.282902 -0.826597 6.95251 0.0 -12.690614 3e-06 15.4858 -17.226265 3.195148 1.665667 -1.955922 -2.8783 4.727803 -4.170592 4.993928 11.020533 3e-06 0.0 12.10906 -3.735719 -2.866786 1e-06 0.0 -3e-06 1.291986 -1.92855 -1.49809 14.800139 0.567467 3.865613 14.242581 -1.34174 -6.660658 19.631979 0.143922 -0.648244 49.949135 -0.539209 -6.081019 0.353029 -1.511153 -0.031939 20.222805 3.684309 2.316636 18.787289 1e-06 2e-06 10.751635 -0.479872 1.397909 2e-06 1e-06 -0.0 3.27381 0.305946 -0.580111 21.486828 11.83038 2.266137 8.162934 0.0 -1e-06 18.399096 -3.79899 -4.940577 3e-06 -1e-06 -1e-06 -5.000218 -8.391308 -17.345741 0.103609 0.602079 11.968459 6.37863 -11.867994 -4.264765 1.61446 -1.610013 -1.671637 0.0 1e-06 2e-06 9.760802 -0.827907 -18.768276 0.076573 -0.535122 6.058247 -7.379065 -23.889971 1.004112 -1.421391 1.09514 -2.387769 0.0 0.0 -1e-06
0.0 0.0 0.0 0.0 -0.0 0.0 96.017525 99.859413 110.14389 -115.184608 87.000687 -104.570084 2.41733 1.319426 4.152716 0.211083 5.539369 -3.122452 -2.524022 5.163315 14.53904 5.494349 2.321304 -8.686976 -0.441708 -0.514458 -4.038739 -6.358658 0.916377 -20.663548 7.7e-05 -2.3e-05 6e-06 -0.011896 -0.13999 0.071286 0.665692 -3.891607 -10.553577 -0.699219 3.61433 -10.554128 -12.020254 2.208886 15.435245 -70.098396 0.69304 -4.24452 0.163859 -47.015118 -0.371583 14.706851 4.103459 -1.080679 -5.882112 9.861291 0.70259 -10.936878 -0.360574 7.156208 0.0 8.774831 -1e-06 -16.842447 17.925995 6.10131 -1.844034 2.498506 -2.507279 -10.163606 4.678948 4.621109 -20.97604 -4e-06 -2e-06 -21.226307 2.451696 -3.594005 -1e-06 -6e-06 -0.0 -1.362684 2.240799 -0.746324 -21.334929 0.584911 3.008321 -13.821223 -3e-06 -1e-06 -23.887188 -0.249081 -0.839488 -61.071781 2.465258 -0.863 -0.294026 1.679688 0.833256 -14.218217 0.093216 1.300578 -34.212067 -0.287567 0.967163 -20.033226 0.964534 1.212841 0.0 -0.0 -0.0 -3.440391 0.788234 0.501655 -15.928198 -3.16731 2.999705 -6.33883 -1e-06 -1e-06 -18.123459 3.648183 -4.905676 -3e-06 -0.0 -2e-06 -25.712545 23.713511 0.870437 -15.378024 43.062187 -60.880085 3.252915 37.278999 1.53334 -34.560516 -12.914163 -38.300644 2.243541 -5.255037 -3.180158 14.282897 -0.826596 6.952511 -0.0 -12.690607 -1e-06 15.551537 -17.259905 3.209133 1.665666 -1.955921 -2.878299 4.727801 -4.170587 4.993927 11.020528 2e-06 3e-06 12.109053 -3.735718 -2.866781 -0.0 2e-06 -2e-06 1.291985 -1.928549 -1.498091 14.800138 0.567468 3.865615 14.242576 -1.341739 -6.660655 19.631973 0.143921 -0.648239 50.047829 -0.509114 -5.987234 0.353029 -1.511151 -0.031939 20.222801 3.684309 2.316639 18.787283 2e-06 7e-06 10.751633 -0.479871 1.397909 1e-06 -1e-06 -0.0 3.273808 0.305947 -0.58011 21.486826 11.830377 2.266144 8.16293 -0.0 2e-06 18.399096 -3.798988 -4.940573 3e-06 -0.0 -2e-06 -5.132146 -8.342752 -16.60989 0.083897 0.580985 12.180623 6.159719 -11.254323 -4.429538 1.623465 -1.621936 -1.645054 -0.0 0.0 2e-06 9.70139 -0.698349 -18.259602 0.055769 -0.523071 6.708409 -7.191598 -24.075405 0.548853 -1.424612 1.123604 -2.361211 0.0 0.0 -1e-06
0.0 0.0 0.0 0.0 -0.0 0.0 96.003365 99.812904 110.163773 -111.559395 87.06015 -101.639786 2.430898 1.343777 3.88207 0.218182 5.45899 -3.224207 -2.319369 5.161299 14.457897 5.359359 2.234104 -8.299125 -0.329043 -0.187475 -4.001776 -6.446422 0.999402 -20.158197 7.7e-05 -2.3e-05 6e-06 -0.015877 -0.133263 0.067249 0.671184 -3.889532 -10.555493 -0.712364 3.627125 -10.549158 -11.812406 2.043569 15.455665 -69.78067 0.963753 -3.893648 0.137256 -46.563229 -0.308242 14.51279 4.175519 -1.432056 -5.882107 9.861286 0.702591 -10.936873 -0.360574 7.156205 -0.0 8.774826 -1e-06 -16.832443 18.036644 6.096795 -1.844033 2.498504 -2.507277 -10.163601 4.678946 4.621109 -20.976023 -3e-06 3e-06 -21.226286 2.451698 -3.593999 -1e-06 -6e-06 -0.0 -1.362682 2.240799 -0.746323 -21.334913 0.58491 3.008322 -13.821214 -2e-06 2e-06 -23.887169 -0.249077 -0.839482 -61.067554 2.544664 -0.978798 -0.294025 1.679688 0.833257 -14.218207 0.093215 1.300581 -34.212048 -0.287562 0.967171 -20.033211 0.964537 1.212843 1e-06 -0.0 0.0 -3.440388 0.788234 0.501656 -15.928185 -3.16731 2.999707 -6.338826 -1e-06 2e-06 -18.123446 3.648184 -4.90567 -3e-06 -0.0 -2e-06 -25.087185 23.711317 1.31268 -13.338029 42.657009 -59.21677 3.40224 38.195675 1.894315 -34.680126 -12.944139 -40.019569 2.243543 -5.255039 -3.180157 14.282897 -0.826598 6.952508 1e-06 -12.690615 -1e-06 15.667163 -17.355186 3.295485 1.665666 -1.955921 -2.8783 4.727803 -4.170591 4.993927 11.020531 3e-06 0.0 12.109055 -3.735722 -2.866784 2e-06 1e-06 0.0 1.291986 -1.92855 -1.49809 14.800136 0.567467 3.865611 14.242577 -1.34174 -6.660659 19.631973 0.143922 -0.648245 50.338005 -0.53042 -5.925416 0.353029 -1.511153 -0.031941 20.222801 3.684307 2.316632 18.787283 1e-06 1e-06 10.751633 -0.479871 1.397907 0.0 -0.0 0.0 3.273807 0.305948 -0.58011 21.48682 11.830377 2.266138 8.16293 -1e-06 -0.0 18.399092 -3.798988 -4.940577 3e-06 -1e-06 -1e-06 -5.211309 -8.274349 -16.013556 0.067417 0.562464 12.50875 5.941465 -10.701469 -4.632156 1.637243 -1.6245 -1.544355 -0.0 1e-06 2e-06 9.690363 -0.503721 -17.763731 0.02226 -0.514834 7.232213 -7.178344 -24.29603 0.274395 -1.431488 1.153185 -2.216242 0.0 1e-06 -1e-06
0.0 0.0 0.0 0.0 -0.0 0.0 96.011787 99.768822 110.187996 -111.017906 87.065422 -101.714806 2.426452 1.309939 3.637945 0.224905 5.366905 -3.329842 -2.097645 5.138577 14.365622 5.230982 2.101818 -7.970002 -0.233007 0.273831 -3.982427 -6.483314 0.975282 -19.703178 7.7e-05 -2.3e-05 6e-06 -0.015674 -0.113644 0.05755 0.683017 -3.872661 -10.561349 -0.723534 3.651657 -10.550976 -11.618591 1.873722 15.444866 -69.453758 1.221904 -3.507914 0.019495 -46.235493 -0.149437 14.558516 4.244086 -1.886238 -5.882105 9.861283 0.702591 -10.936869 -0.360575 7.156204 0.0 8.774822 -1e-06 -16.855379 18.262196 6.099252 -1.844029 2.498504 -2.507278 -10.163598 4.678944 4.621108 -20.976021 -4e-06 3e-06 -21.226284 2.451696 -3.593999 -1e-06 -6e-06 1e-06 -1.362683 2.240798 -0.746323 -21.334911 0.584909 3.008323 -13.82121 -3e-06 2e-06 -23.887165 -0.249078 -0.839483 -61.055984 2.681649 -1.056579 -0.294026 1.679687 0.833256 -14.218207 0.093215 1.300581 -34.212048 -0.287563 0.967171 -20.033211 0.964537 1.212844 1e-06 -0.0 -0.0 -3.440387 0.788233 0.501656 -15.928183 -3.167309 2.999707 -6.338825 -1e-06 2e-06 -18.123444 3.648182 -4.905667 -3e-06 -0.0 -2e-06 -24.385294 23.610367 1.700029 -11.331465 42.529793 -57.775063 3.59101 39.073166 2.201587 -34.773907 -12.777024 -41.076691 2.24354 -5.255033 -3.180157 14.282887 -0.826591 6.952502 -3e-06 -12.6906 1e-06 15.855668 -17.448935 3.372186 1.665665 -1.955919 -2.878298 4.727797 -4.170585 4.993922 11.020524 5e-06 0.0 12.109046 -3.735714 -2.866782 3e-06 0.0 -0.0 1.291984 -1.928546 -1.498088 14.800123 0.567469 3.865607 14.242566 -1.341733 -6.660655 19.631966 0.143931 -0.648242 50.744347 -0.612792 -5.898506 0.353029 -1.511151 -0.03194 20.22279 3.68431 2.31663 18.78727 8e-06 1e-06 10.751624 -0.479867 1.397909 3e-06 -1e-06 1e-06 3.273806 0.305948 -0.58011 21.486809 11.830372 2.266134 8.162925 2e-06 1e-06 18.399076 -3.798982 -4.940569 3e-06 0.0 -1e-06 -5.287715 -8.242387 -15.465825 0.060328 0.539979 12.796265 5.726385 -10.265621 -4.822259 1.65808 -1.59908 -1.387155 0.0 1e-06 2e-06 9.684291 -0.366529 -17.345621 -0.012048 -0.506029 7.754158 -7.272077 -24.646576 0.068747 -1.439601 1.189729 -2.087357 0.0 0.0 -1e-06
0.0 0.0 0.0 0.0 -0.0 0.0 96.019302 100.079132 110.396446 -114.164291 87.02047 -105.519707 2.454145 1.26767 3.479938 0.217971 5.223004 -3.42706 -2.03126 4.85083 14.209677 5.280013 1.980648 -7.451706 -0.110973 0.604465 -3.962929 -6.541046 0.778636 -19.247906 7.7e-05 -2.4e-05 6e-06 0.009772 -0.032438 0.038371 0.712313 -3.796177 -10.543004 -0.701794 3.737942 -10.540833 -11.489484 1.882459 15.388582 -69.34272 1.571796 -3.479653 0.008058 -45.892124 0.077807 15.68863 4.015749 -3.44806 -5.88211 9.861284 0.70259 -10.936875 -0.360574 7.156206 -0.0 8.774824 -0.0 -16.901611 18.278963 5.984941 -1.844034 2.498504 -2.507278 -10.163604 4.678945 4.621108 -20.976034 -3e-06 1e-06 -21.226297 2.451697 -3.594001 -1e-06 -6e-06 0.0 -1.362682 2.240798 -0.746323 -21.334921 0.584911 3.008322 -13.821218 -3e-06 1e-06 -23.887178 -0.249079 -0.839485 -61.109356 2.775421 -1.084754 -0.294026 1.679687 0.833256 -14.218214 0.093216 1.30058 -34.212063 -0.287563 0.967166 -20.033218 0.964535 1.212842 1e-06 -0.0 -0.0 -3.440391 0.788234 0.501656 -15.928192 -3.167308 2.999707 -6.338829 -1e-06 0.0 -18.123457 3.648183 -4.905673 -3e-06 -0.0 -1e-06 -23.202703 23.011053 2.278207 -10.73781 42.640442 -56.774475 3.716684 38.920376 2.435703 -36.465904 -10.765451 -37.764702 2.243541 -5.255039 -3.180159 14.282896 -0.826594 6.952508 -1e-06 -12.690609 -2e-06 16.008024 -17.47576 3.339705 1.665666 -1.955922 -2.8783 4.727801 -4.170589 4.993926 11.020529 3e-06 0.0 12.109055 -3.735717 -2.866784 -1e-06 1e-06 -3e-06 1.291985 -1.92855 -1.49809 14.800136 0.567467 3.865611 14.242578 -1.341738 -6.660658 19.631975 0.143922 -0.648242 51.257488 -0.618076 -5.873942 0.353029 -1.511153 -0.031941 20.222801 3.684309 2.316633 18.787283 1e-06 4e-06 10.751633 -0.479869 1.397908 3e-06 1e-06 -1e-06 3.273808 0.305947 -0.58011 21.486822 11.830378 2.266138 8.162932 -1e-06 2e-06 18.399092 -3.798989 -4.940574 3e-06 -1e-06 0.0 -5.271257 -7.842354 -13.250772 0.028803 0.516259 9.789877 5.192339 -10.47704 -3.461573 1.670007 -1.595301 -1.416002 -0.0 1e-06 2e-06 9.773092 -0.885353 -15.868072 -0.010522 -0.440448 6.152625 -7.638959 -24.321558 0.82459 -1.453363 1.201019 -1.848148 0.0 0.0 -1e-06
0.0 0.0 0.0 0.0 -0.0 0.0 96.062782 100.280258 110.436607 -100.107895 87.358994 -92.208664 2.400115 1.254745 3.374442 0.243142 5.064086 -3.335353 -1.894315 5.059042 14.019058 5.310153 1.841367 -6.754818 -0.256502 0.425415 -3.933455 -6.021017 0.704922 -19.811003 7.7e-05 -2.3e-05 6e-06 -0.041957 -0.127165 0.096016 0.677418 -3.893029 -10.49467 -0.769031 3.647455 -10.478045 -11.349488 1.951941 15.251396 -69.046898 1.993006 -3.813905 -0.1168 -45.76437 -0.086449 15.366472 3.629389 -4.230347 -5.882114 9.861293 0.702591 -10.936884 -0.360575 7.156212 1e-06 8.774833 -1e-06 -16.802258 18.782667 6.074576 -1.844033 2.498506 -2.50728 -10.163611 4.678948 4.621111 -20.976044 -3e-06 3e-06 -21.226305 2.4517 -3.594002 0.0 -6e-06 0.0 -1.362683 2.2408 -0.746324 -21.334938 0.584911 3.008327 -13.821229 -2e-06 2e-06 -23.887196 -0.249078 -0.839483 -61.029217 2.692205 -1.308188 -0.294025 1.679689 0.833256 -14.218226 0.093215 1.300582 -34.212086 -0.287563 0.967172 -20.033239 0.964537 1.212845 0.0 -0.0 -0.0 -3.440392 0.788234 0.501656 -15.928205 -3.167312 2.999709 -6.338833 -1e-06 1e-06 -18.123466 3.648185 -4.905674 -4e-06 -0.0 -2e-06 -23.376762 23.340233 2.606448 -11.489517 41.563656 -57.5369 4.070116 36.657398 2.486378 -35.467281 -12.117782 -41.367565 2.243541 -5.255037 -3.180158 14.282894 -0.826595 6.952507 -0.0 -12.69061 -1e-06 15.493443 -17.733793 3.862656 1.665666 -1.955922 -2.878298 4.727801 -4.170591 4.993926 11.020528 3e-06 0.0 12.109053 -3.735719 -2.866783 0.0 0.0 -1e-06 1.291985 -1.928549 -1.498089 14.800131 0.567467 3.865612 14.242575 -1.341741 -6.660658 19.631973 0.143923 -0.648244 50.976643 -0.767762 -5.740233 0.353028 -1.51115 -0.031939 20.222797 3.684309 2.316634 18.787279 2e-06 3e-06 10.751631 -0.479869 1.397906 2e-06 -2e-06 -1e-06 3.273808 0.305946 -0.58011 21.486818 11.830376 2.266138 8.162926 -0.0 -0.0 18.399084 -3.798987 -4.940576 4e-06 -0.0 -0.0 -5.651099 -7.32972 -11.417668 0.097136 0.657341 7.780323 5.264534 -9.763577 -2.856677 1.659262 -1.581324 -1.150012 -0.0 -1e-06 2e-06 9.681849 -0.633729 -15.801797 -0.058762 -0.465296 7.582556 -7.016529 -23.92267 0.106534 -1.426502 1.215407 -1.519005 -0.0 -1e-06 -1e-06
0.0 0.0 0.0 0.0 -0.0 0.0 96.069847 100.319138 110.491302 -91.610703 87.55407 -84.544868 2.416514 1.173624 3.392596 0.288502 4.962031 -3.293465 -1.909627 5.119384 13.848065 5.472993 1.815764 -6.101918 -0.523587 0.254688 -3.944637 -5.457902 0.285355 -20.108549 7.7e-05 -2.3e-05 6e-06 -0.079711 -0.220093 0.145141 0.650785 -3.985512 -10.454494 -0.81699 3.556042 -10.427901 -11.01298 1.905625 15.178234 -68.218292 2.354974 -2.811504 0.201065 -46.529045 -0.444177 14.638465 3.573575 -5.411896 -5.882107 9.861286 0.70259 -10.936873 -0.360575 7.156201 1e-06 8.774826 -1e-06 -16.809113 19.208508 6.307516 -1.844032 2.498505 -2.507277 -10.163601 4.678946 4.621106 -20.976027 -4e-06 0.0 -21.226292 2.451696 -3.594002 0.0 -6e-06 0.0 -1.362681 2.240798 -0.746322 -21.334915 0.584909 3.008319 -13.821215 -4e-06 0.0 -23.887171 -0.249081 -0.839484 -61.476177 2.759831 -1.498518 -0.294025 1.679688 0.833256 -14.218208 0.093215 1.300578 -34.212051 -0.287567 0.967167 -20.033215 0.964534 1.212842 0.0 -0.0 0.0 -3.440388 0.788233 0.501655 -15.928187 -3.16731 2.999704 -6.338827 -2e-06 0.0 -18.123446 3.648182 -4.905672 -3e-06 -0.0 -2e-06 -23.667229 23.300186 2.648684 -12.081692 39.976807 -58.19561 4.320757 34.584606 2.462037 -33.68507 -12.419179 -45.166637 2.243541 -5.255039 -3.180158 14.282892 -0.826599 6.952507 1e-06 -12.690609 -0.0 15.08461 -17.777594 4.139894 1.665665 -1.955921 -2.878299 4.727801 -4.17059 4.993927 11.020527 0.0 2e-06 12.109053 -3.735719 -2.866784 -0.0 1e-06 -2e-06 1.291985 -1.928551 -1.498088 14.800129 0.567465 3.865612 14.242569 -1.341742 -6.660657 19.631962 0.14392 -0.648243 50.392673 -0.814378 -5.624845 0.353029 -1.511152 -0.031941 20.222792 3.684306 2.316634 18.787273 -0.0 0.0 10.751629 -0.479871 1.397907 2e-06 1e-06 0.0 3.273807 0.305947 -0.58011 21.486813 11.830374 2.266137 8.162929 -0.0 2e-06 18.399086 -3.798994 -4.940577 4e-06 -1e-06 -0.0 -6.127294 -6.153601 -10.449174 0.125227 0.734156 7.632894 5.444023 -9.594481 -3.045203 1.67456 -1.536185 -0.888899 0.0 -0.0 2e-06 9.562963 -0.494575 -14.901023 -0.10878 -0.574382 7.421357 -6.610418 -23.27206 0.196343 -1.40566 1.240619 -1.354196 0.0 0.0 -1e-06
0.0 0.0 0.0 0.0 -0.0 0.0 96.077751 100.312592 110.614265 -90.05864 87.730484 -83.840805 2.449858 1.156785 3.521304 0.308319 4.793257 -3.28101 -1.976203 4.991055 13.657333 5.582225 1.866934 -5.537311 -0.715959 -0.038887 -3.923985 -4.894536 -0.182673 -20.32353 7.7e-05 -2.2e-05 6e-06 -0.105861 -0.293213 0.163439 0.620396 -4.062101 -10.429342 -0.838134 3.488383 -10.397023 -10.526872 1.764608 15.169632 -67.218002 2.772405 -1.413005 0.625729 -47.939362 -0.698522 14.218382 3.720303 -6.852622 -5.882107 9.861283 0.702588 -10.936873 -0.360575 7.156207 1e-06 8.774823 -1e-06 -16.751881 19.491573 6.552692 -1.844032 2.498504 -2.507278 -10.163597 4.678944 4.621108 -20.976021 -4e-06 1e-06 -21.226286 2.451694 -3.594 0.0 -6e-06 0.0 -1.362682 2.240798 -0.746324 -21.334913 0.584909 3.008323 -13.821215 -3e-06 2e-06 -23.887175 -0.249079 -0.839483 -61.789089 2.921809 -1.636411 -0.294026 1.679687 0.833256 -14.218208 0.093214 1.300581 -34.212051 -0.287565 0.96717 -20.033213 0.964537 1.212844 1e-06 0.0 0.0 -3.440387 0.788233 0.501656 -15.928185 -3.16731 2.999707 -6.338826 -2e-06 1e-06 -18.123444 3.648181 -4.905669 -3e-06 0.0 -2e-06 -23.974264 22.943558 2.690218 -12.778226 38.097698 -58.740776 4.42702 32.785572 2.391389 -32.375553 -12.005316 -47.480831 2.243541 -5.255037 -3.180157 14.282895 -0.826594 6.952509 -3e-06 -12.690603 0.0 14.577343 -17.723816 4.286441 1.665666 -1.955925 -2.8783 4.7278 -4.170587 4.993925 11.020527 3e-06 1e-06 12.10905 -3.735714 -2.866782 -1e-06 -0.0 1e-06 1.291984 -1.928547 -1.498089 14.800134 0.56747 3.865613 14.242572 -1.341737 -6.660655 19.631969 0.143924 -0.64824 49.68412 -0.796653 -5.547757 0.353028 -1.511151 -0.031939 20.222797 3.684312 2.316637 18.787279 5e-06 5e-06 10.751631 -0.479871 1.397907 1e-06 -0.0 2e-06 3.273807 0.305948 -0.580111 21.486824 11.830379 2.266141 8.162932 1e-06 1e-06 18.399088 -3.798987 -4.940573 3e-06 -0.0 -1e-06 -6.502208 -4.847857 -9.576699 0.132904 0.784073 7.676125 5.623969 -9.811601 -3.366365 1.687277 -1.48706 -0.696168 -0.0 1e-06 2e-06 9.471719 -0.698101 -13.983119 -0.152215 -0.64905 7.206785 -6.152472 -22.72084 0.204614 -1.39278 1.237354 -1.222525 0.0 0.0 -1e-06
0.0 0.0 0.0 0.0 -0.0 0.0 96.14859 100.335167 110.832153 -94.382942 87.878555 -88.901581 2.51078 1.151039 3.663486 0.30431 4.622254 -3.308131 -2.093803 4.771235 13.462508 5.623504 1.907223 -5.060648 -0.862281 -0.353507 -3.881561 -4.321448 -0.686713 -20.530912 7.7e-05 -2.2e-05 7e-06 -0.116617 -0.322669 0.161471 0.593322 -4.093086 -10.400123 -0.832025 3.461412 -10.365767 -9.972347 1.608395 15.108353 -66.156113 3.297519 0.020987 1.119659 -49.803993 -0.934706 14.155229 3.93337 -8.495731 -5.882113 9.861298 0.702591 -10.936881 -0.360574 7.156209 0.0 8.774835 -0.0 -16.597744 19.562771 6.790358 -1.844034 2.498507 -2.507279 -10.16361 4.678952 4.62111 -20.976046 -4e-06 -1e-06 -21.226311 2.451699 -3.594006 2e-06 -6e-06 -0.0 -1.362682 2.240801 -0.746324 -21.334934 0.584911 3.008321 -13.821228 -3e-06 -0.0 -23.887196 -0.249081 -0.839487 -61.825413 3.024495 -1.706164 -0.294026 1.679689 0.833256 -14.218223 0.093216 1.300579 -34.212078 -0.287567 0.967165 -20.033232 0.964535 1.212842 0.0 0.0 0.0 -3.440392 0.788235 0.501656 -15.928201 -3.167312 2.999706 -6.338832 -1e-06 0.0 -18.123465 3.648187 -4.905678 -3e-06 1e-06 -2e-06 -24.42856 22.402792 2.638354 -13.253195 36.296253 -59.144173 4.340324 31.170616 2.208775 -31.764164 -11.307096 -48.22377 2.243543 -5.255043 -3.18016 14.282902 -0.826598 6.952515 2e-06 -12.690618 -2e-06 14.117255 -17.635656 4.389677 1.665666 -1.955922 -2.8783 4.727805 -4.170592 4.993929 11.020533 -1e-06 2e-06 12.109059 -3.735723 -2.866784 1e-06 -0.0 -1e-06 1.291985 -1.92855 -1.49809 14.800139 0.567465 3.865618 14.242579 -1.341743 -6.66066 19.631979 0.143918 -0.648243 49.155193 -0.809083 -5.535388 0.353029 -1.511152 -0.03194 20.222803 3.684308 2.31664 18.787287 -4e-06 3e-06 10.751634 -0.479874 1.397908 2e-06 0.0 -0.0 3.273808 0.305948 -0.58011 21.48683 11.830376 2.266145 8.162934 -2e-06 2e-06 18.399099 -3.798994 -4.940577 3e-06 0.0 -1e-06 -6.763727 -3.522374 -8.897032 0.131113 0.816157 7.855265 5.761736 -10.266067 -3.703693 1.692346 -1.46675 -0.58386 0.0 -0.0 2e-06 9.439816 -1.176674 -13.167818 -0.1674 -0.673168 6.92923 -5.72084 -22.272949 0.231204 -1.38996 1.217898 -1.229676 0.0 -1e-06 -1e-06
0.0 0.0 0.0 0.0 -0.0 0.0 96.249374 100.385162 111.101295 -100.313766 87.976097 -95.468658 2.594382 1.149984 3.796673 0.295033 4.462145 -3.352595 -2.25699 4.538385 13.271752 5.58752 1.959035 -4.661028 -0.996691 -0.725537 -3.822171 -3.78045 -1.269929 -20.839972 7.7e-05 -2.3e-05 6e-06 -0.114908 -0.315214 0.159277 0.577185 -4.086393 -10.363996 -0.812212 3.469583 -10.330402 -9.422355 1.52666 15.03887 -65.258621 3.811592 0.908137 1.437388 -51.758633 -1.109038 14.341701 4.13372 -9.946873 -5.882114 9.861292 0.702591 -10.936881 -0.360574 7.156206 -0.0 8.774831 -1e-06 -16.408695 19.477928 6.948039 -1.844034 2.498507 -2.507278 -10.16361 4.67895 4.621109 -20.976048 -3e-06 -2e-06 -21.226311 2.451698 -3.594006 2e-06 -6e-06 -0.0 -1.362684 2.2408 -0.746324 -21.334936 0.584911 3.008318 -13.821227 -3e-06 -1e-06 -23.887192 -0.249081 -0.839489 -61.656868 3.08366 -1.755517 -0.294026 1.679688 0.833257 -14.218224 0.093216 1.300577 -34.212086 -0.287567 0.967162 -20.033237 0.964534 1.21284 0.0 -0.0 0.0 -3.440392 0.788234 0.501655 -15.928201 -3.167311 2.999703 -6.338833 -0.0 -1e-06 -18.123466 3.648185 -4.905678 -3e-06 0.0 -2e-06 -25.09441 21.857901 2.380699 -13.348349 34.778057 -59.319824 4.161438 29.66328 1.980969 -31.598289 -10.583849 -48.126537 2.243541 -5.255037 -3.180159 14.282896 -0.826596 6.952512 -2e-06 -12.690607 -2e-06 13.848158 -17.536083 4.443935 1.665665 -1.955922 -2.878299 4.727802 -4.170589 4.993927 11.020529 4e-06 2e-06 12.109056 -3.735718 -2.866782 1e-06 -1e-06 -2e-06 1.291985 -1.928552 -1.498088 14.800134 0.567468 3.865615 14.242573 -1.341739 -6.660655 19.631969 0.14392 -0.64824 48.842617 -0.894727 -5.599047 0.353029 -1.511152 -0.031941 20.222797 3.684313 2.31664 18.787275 2e-06 4e-06 10.751632 -0.479872 1.397909 0.0 0.0 -0.0 3.273807 0.305949 -0.58011 21.486822 11.830373 2.266144 8.16293 1e-06 2e-06 18.399088 -3.798989 -4.940572 3e-06 -0.0 0.0 -6.95378 -2.215876 -8.423432 0.130591 0.826096 8.167785 5.836478 -10.85154 -4.020892 1.692662 -1.481984 -0.533222 0.0 -0.0 2e-06 9.448948 -1.745135 -12.383927 -0.164529 -0.669087 6.497771 -5.462777 -21.940262 0.35167 -1.391625 1.186746 -1.288011 0.0 0.0 -1e-06
0.0 0.0 0.0 0.0 -0.0 0.0 96.350372 100.446297 111.37545 -103.549652 88.058006 -99.247551 2.678331 1.135412 3.904045 0.280999 4.363461 -3.397054 -2.434618 4.308259 13.061769 5.441892 2.044589 -4.320435 -1.103775 -1.1002 -3.772822 -3.300031 -1.872373 -21.261677 7.7e-05 -2.3e-05 6e-06 -0.109493 -0.304702 0.157507 0.565697 -4.079321 -10.332726 -0.789657 3.484015 -10.300374 -8.994761 1.562401 14.934378 -64.706589 4.288791 1.047077 1.640038 -53.339718 -1.227379 14.579828 4.255177 -10.741432 -5.882102 9.861283 0.702592 -10.936865 -0.360575 7.156203 0.0 8.774822 -1e-06 -16.256416 19.335238 7.011662 -1.844031 2.498503 -2.507277 -10.163594 4.678942 4.621107 -20.976009 -4e-06 2e-06 -21.226271 2.451696 -3.593997 3e-06 -6e-06 -0.0 -1.36268 2.240797 -0.746323 -21.334902 0.584908 3.008322 -13.821205 -3e-06 3e-06 -23.887157 -0.249078 -0.839481 -61.428303 3.083197 -1.789405 -0.294025 1.679687 0.833255 -14.218201 0.093214 1.30058 -34.212036 -0.287564 0.967171 -20.033209 0.964536 1.212844 1e-06 -0.0 0.0 -3.440387 0.788234 0.501655 -15.928179 -3.167308 2.999706 -6.338823 -1e-06 1e-06 -18.123438 3.648183 -4.905668 -3e-06 0.0 -2e-06 -25.643026 21.448626 2.143821 -13.461695 33.561459 -59.217972 3.888692 28.331087 1.757967 -31.6702 -9.863835 -47.507671 2.243541 -5.255038 -3.18016 14.282894 -0.826597 6.952503 -2e-06 -12.690605 2e-06 13.795564 -17.463623 4.424146 1.665666 -1.955922 -2.878301 4.7278 -4.170589 4.993924 11.020528 3e-06 -2e-06 12.109055 -3.735717 -2.866783 -0.0 0.0 -1e-06 1.291986 -1.92855 -1.498089 14.800129 0.567469 3.865607 14.242572 -1.341736 -6.660658 19.631968 0.143926 -0.648245 48.753525 -0.989441 -5.688503 0.353029 -1.511151 -0.031941 20.222794 3.684309 2.316631 18.787273 4e-06 -1e-06 10.751631 -0.479871 1.397907 -0.0 2e-06 -3e-06 3.273807 0.305946 -0.58011 21.486813 11.830377 2.266133 8.162929 -0.0 -0.0 18.399082 -3.798986 -4.940578 1e-06 0.0 -2e-06 -7.097172 -1.031379 -8.227974 0.125009 0.809202 8.782396 5.960266 -11.35668 -4.423855 1.691213 -1.495912 -0.555806 0.0 0.0 2e-06 9.462613 -2.294161 -11.631123 -0.148796 -0.657162 5.957622 -5.316622 -21.617451 0.562896 -1.392616 1.162491 -1.383626 -0.0 -0.0 -1e-06
0.0 0.0 0.0 0.0 -0.0 0.0 96.440384 100.486137 111.627945 -104.249275 88.12915 -100.404892 2.769935 1.105951 3.976398 0.259397 4.30808 -3.431623 -2.588661 4.088476 12.832028 5.181906 2.142711 -4.072188 -1.164366 -1.487997 -3.743942 -2.882632 -2.428727 -21.736963 7.7e-05 -2.3e-05 6e-06 -0.106631 -0.307232 0.158913 0.554543 -4.087243 -10.314591 -0.772653 3.488015 -10.279533 -8.670421 1.630251 14.767981 -64.468323 4.810132 0.680492 1.714146 -54.489193 -1.257999 14.684246 4.321408 -11.192664 -5.88211 9.861286 0.70259 -10.936873 -0.360574 7.156206 -0.0 8.774826 -1e-06 -16.166565 19.181297 7.020103 -1.844034 2.498504 -2.507278 -10.163603 4.678946 4.621109 -20.976027 -3e-06 1e-06 -21.22629 2.451697 -3.594 2e-06 -6e-06 -0.0 -1.362682 2.240799 -0.746324 -21.334921 0.58491 3.008323 -13.821217 -2e-06 2e-06 -23.887178 -0.24908 -0.839483 -61.270218 3.029397 -1.758845 -0.294025 1.679687 0.833256 -14.218212 0.093216 1.30058 -34.212051 -0.287563 0.967168 -20.03322 0.964535 1.212843 0.0 0.0 0.0 -3.440389 0.788233 0.501656 -15.928189 -3.16731 2.999707 -6.338827 -1e-06 1e-06 -18.123446 3.648184 -4.905673 -3e-06 -0.0 -1e-06 -26.010912 21.148129 1.961221 -13.714913 32.548096 -58.747856 3.615686 27.244812 1.543516 -31.845116 -9.071568 -46.465275 2.243543 -5.255039 -3.180161 14.282898 -0.826597 6.952507 -1e-06 -12.690614 1e-06 13.822338 -17.439903 4.364061 1.665667 -1.955923 -2.878302 4.727802 -4.170592 4.993927 11.020532 2e-06 0.0 12.109058 -3.735719 -2.866785 -1e-06 1e-06 1e-06 1.291986 -1.928551 -1.49809 14.800136 0.567467 3.865611 14.242579 -1.341739 -6.660663 19.631975 0.143922 -0.648245 48.793781 -1.05378 -5.773424 0.353028 -1.511153 -0.03194 20.222801 3.684309 2.316635 18.787285 2e-06 1e-06 10.751636 -0.479871 1.397908 -2e-06 1e-06 -3e-06 3.273809 0.305947 -0.580109 21.486824 11.83038 2.266137 8.16293 1e-06 1e-06 18.399096 -3.798988 -4.940576 3e-06 0.0 -1e-06 -7.155376 0.053305 -7.785198 0.114114 0.778812 8.74809 6.001925 -11.855355 -4.535254 1.686485 -1.494545 -0.638832 0.0 0.0 2e-06 9.485536 -2.848465 -10.932735 -0.124378 -0.657234 5.372832 -5.225399 -21.188799 0.851195 -1.392886 1.134222 -1.503209 0.0 -1e-06 -1e-06
0.0 0.0 0.0 0.0 -0.0 0.0 96.530449 100.498878 111.847672 -104.007103 88.195503 -100.563934 2.856086 1.06718 4.021368 0.2447 4.268116 -3.454949 -2.712816 3.882258 12.579022 4.860131 2.243556 -3.933491 -1.197333 -1.883424 -3.719055 -2.510204 -2.997481 -22.331396 7.7e-05 -2.2e-05 6e-06 -0.106466 -0.318359 0.162349 0.542126 -4.107228 -10.313972 -0.759493 3.486859 -10.274436 -8.43161 1.703329 14.518534 -64.439285 5.408644 -0.00144 1.492219 -55.191025 -1.105831 14.671257 4.373885 -11.347616 -5.882109 9.861292 0.702592 -10.936877 -0.360574 7.156208 1e-06 8.774832 -1e-06 -16.143908 19.060202 6.974514 -1.844033 2.498506 -2.507278 -10.163604 4.678949 4.621111 -20.976032 -3e-06 3e-06 -21.226294 2.451699 -3.594 1e-06 -5e-06 -0.0 -1.362682 2.2408 -0.746323 -21.334921 0.584909 3.008326 -13.821218 -2e-06 3e-06 -23.887182 -0.249077 -0.839482 -61.186016 2.974394 -1.728204 -0.294025 1.679687 0.833256 -14.218214 0.093216 1.300581 -34.212055 -0.287563 0.967171 -20.033218 0.964538 1.212843 -0.0 0.0 -0.0 -3.44039 0.788232 0.501656 -15.928192 -3.167311 2.999708 -6.338829 -0.0 2e-06 -18.123453 3.648187 -4.905671 -3e-06 1e-06 -2e-06 -26.227411 20.948244 1.869031 -14.177272 31.702303 -58.231201 3.431678 26.401239 1.400132 -32.160503 -8.221905 -45.235451 2.243543 -5.25504 -3.180158 14.282896 -0.826598 6.952505 -1e-06 -12.690613 4e-06 13.855632 -17.447542 4.277013 1.665666 -1.95592 -2.878299 4.727801 -4.17059 4.993925 11.020529 2e-06 -2e-06 12.109058 -3.735718 -2.866784 -0.0 1e-06 -1e-06 1.291987 -1.928552 -1.498089 14.800132 0.567465 3.865609 14.242577 -1.341738 -6.660659 19.631973 0.143924 -0.648244 48.865665 -1.083059 -5.824448 0.35303 -1.51115 -0.031941 20.222801 3.684307 2.316633 18.787283 0.0 -3e-06 10.751633 -0.479872 1.397904 0.0 0.0 -1e-06 3.273808 0.305946 -0.58011 21.48682 11.830379 2.266135 8.162929 -1e-06 -2e-06 18.399092 -3.798991 -4.940581 3e-06 -1e-06 -0.0 -7.167226 1.011026 -7.154292 0.1042 0.744621 8.256963 5.987564 -12.331132 -4.497815 1.679934 -1.505038 -0.722029 -0.0 1e-06 2e-06 9.510731 -3.454061 -10.31921 -0.102461 -0.666597 4.842281 -5.119133 -20.668568 1.111292 -1.392393 1.09656 -1.618752 0.0 0.0 -1e-06
0.0 0.0 0.0 0.0 -0.0 0.0 96.621033 100.50042 112.034248 -103.870743 88.266068 -100.791183 2.923315 1.030899 4.050351 0.252551 4.216861 -3.471165 -2.84267 3.692861 12.332366 4.566026 2.315619 -3.915996 -1.214033 -2.255839 -3.693412 -2.177306 -3.560747 -23.031082 7.7e-05 -2.2e-05 5e-06 -0.108254 -0.328486 0.167051 0.531805 -4.124252 -10.314692 -0.752057 3.484102 -10.271111 -8.246836 1.734702 14.272226 -64.550354 5.976656 -0.650196 1.192854 -55.38652 -0.90666 14.617208 4.43437 -11.409567 -5.882111 9.86129 0.70259 -10.936877 -0.360575 7.156205 -0.0 8.774828 -1e-06 -16.182299 18.992105 6.889864 -1.844034 2.498506 -2.507278 -10.163605 4.678948 4.621109 -20.97604 -3e-06 -1e-06 -21.226303 2.451697 -3.594005 3e-06 -5e-06 -0.0 -1.362683 2.240799 -0.746324 -21.334929 0.58491 3.00832 -13.821222 -2e-06 -0.0 -23.887184 -0.249082 -0.839487 -61.111649 2.942461 -1.747344 -0.294026 1.679688 0.833256 -14.218215 0.093216 1.300578 -34.21207 -0.287566 0.967164 -20.033222 0.964535 1.212841 0.0 0.0 0.0 -3.440391 0.788234 0.501655 -15.928198 -3.16731 2.999706 -6.33883 -1e-06 -0.0 -18.123459 3.648182 -4.905676 -4e-06 1e-06 -3e-06 -26.30471 20.79302 1.857299 -14.866872 31.073696 -58.075821 3.322302 25.751629 1.330809 -32.548183 -7.37983 -44.114006 2.24354 -5.255036 -3.180157 14.282896 -0.826593 6.952507 -1e-06 -12.690603 -2e-06 13.880661 -17.446709 4.174548 1.665665 -1.955921 -2.878298 4.727801 -4.170587 4.993925 11.020527 3e-06 2e-06 12.109053 -3.735716 -2.866781 -1e-06 2e-06 -1e-06 1.291984 -1.928549 -1.498088 14.800132 0.567468 3.865611 14.242571 -1.341738 -6.660655 19.631968 0.14392 -0.648239 48.909138 -1.102796 -5.829906 0.353029 -1.51115 -0.031941 20.222797 3.68431 2.316636 18.787279 3e-06 6e-06 10.751633 -0.479869 1.39791 -0.0 2e-06 -2e-06 3.273808 0.305946 -0.580109 21.486824 11.830376 2.266142 8.16293 2e-06 1e-06 18.399092 -3.798986 -4.940571 2e-06 0.0 -2e-06 -7.174831 1.796024 -6.518225 0.097923 0.716341 7.674124 5.989815 -12.723811 -4.428541 1.674925 -1.527821 -0.76704 0.0 -0.0 2e-06 9.515067 -4.104985 -9.779368 -0.082704 -0.673181 4.387208 -4.96692 -20.075632 1.290234 -1.3921 1.068034 -1.704815 0.0 0.0 -1e-06
0.0 0.0 0.0 0.0 -0.0 0.0 96.708672 100.495529 112.206184 -104.527748 88.331764 -101.762535 2.980253 1.011907 4.063864 0.274701 4.169745 -3.485106 -2.983244 3.504545 12.104139 4.334784 2.358922 -4.036005 -1.227748 -2.644914 -3.680175 -1.878159 -4.089436 -23.749542 7.7e-05 -2.2e-05 5e-06 -0.111902 -0.335382 0.172457 0.52598 -4.132485 -10.313646 -0.752797 3.47795 -10.266998 -8.074831 1.671721 14.052176 -64.742958 6.451294 -1.118843 0.93838 -55.081249 -0.739999 14.461623 4.582014 -11.267631 -5.882109 9.86129 0.702591 -10.936875 -0.360574 7.156208 0.0 8.77483 -1e-06 -16.25569 18.950844 6.803587 -1.844035 2.498505 -2.507279 -10.163604 4.678948 4.621109 -20.976034 -3e-06 0.0 -21.226301 2.451699 -3.594003 1e-06 -6e-06 -0.0 -1.362683 2.240799 -0.746324 -21.334923 0.584911 3.008321 -13.821219 -2e-06 1e-06 -23.887182 -0.24908 -0.839485 -61.077507 2.92705 -1.738263 -0.294023 1.679688 0.833256 -14.218213 0.093215 1.300578 -34.212055 -0.287565 0.967167 -20.033222 0.964536 1.212842 -0.0 0.0 -0.0 -3.44039 0.788234 0.501656 -15.928194 -3.16731 2.999707 -6.33883 -1e-06 1e-06 -18.123457 3.648185 -4.905675 -5e-06 1e-06 -2e-06 -26.234308 20.594456 1.896344 -15.741641 30.593439 -58.14109 3.237776 25.343845 1.290774 -32.755787 -6.646463 -43.152569 2.243541 -5.255035 -3.180155 14.282887 -0.826595 6.952499 -3e-06 -12.6906 1e-06 13.913265 -17.432842 4.090392 1.665666 -1.95592 -2.878297 4.727797 -4.170584 4.993922 11.020524 2e-06 -1e-06 12.109047 -3.735714 -2.866784 0.0 2e-06 1e-06 1.291986 -1.928549 -1.498087 14.800122 0.567468 3.865602 14.242568 -1.341734 -6.660656 19.631962 0.143926 -0.648246 48.885136 -1.12158 -5.816224 0.353028 -1.511149 -0.031941 20.222786 3.684307 2.316627 18.78727 4e-06 -3e-06 10.751624 -0.479872 1.397905 -1e-06 2e-06 -1e-06 3.273805 0.305948 -0.58011 21.486803 11.830369 2.266131 8.162921 0.0 -2e-06 18.399075 -3.798982 -4.940572 3e-06 0.0 -1e-06 -7.166572 2.451819 -5.943564 0.091386 0.709 7.103483 6.002634 -13.078384 -4.32829 1.674261 -1.544421 -0.785471 -0.0 0.0 2e-06 9.50203 -4.727122 -9.335236 -0.067427 -0.677848 4.023219 -4.811848 -19.479183 1.420853 -1.393126 1.049008 -1.746205 -0.0 1e-06 -1e-06
0.0 0.0 0.0 0.0 -0.0 0.0 96.801483 100.485764 112.366188 -106.322609 88.396477 -103.829697 3.015818 1.022176 4.051317 0.296418 4.137259 -3.504031 -3.110995 3.303565 11.889654 4.166384 2.378444 -4.215432 -1.236947 -3.025327 -3.678659 -1.595851 -4.595541 -24.466917 7.7e-05 -2.3e-05 6e-06 -0.117338 -0.343933 0.174433 0.520075 -4.138958 -10.317265 -0.756872 3.466524 -10.269436 -7.890299 1.511954 13.794062 -64.990524 6.886479 -1.297344 0.924079 -54.359921 -0.722942 14.234655 4.777617 -11.023004 -5.88211 9.861292 0.70259 -10.936877 -0.360575 7.156205 -0.0 8.77483 -0.0 -16.346199 18.919003 6.727231 -1.844033 2.498506 -2.507279 -10.163603 4.678948 4.621108 -20.976038 -4e-06 -3e-06 -21.226303 2.451697 -3.594007 2e-06 -6e-06 -0.0 -1.362681 2.2408 -0.746323 -21.334925 0.58491 3.008318 -13.82122 -2e-06 -1e-06 -23.887184 -0.249081 -0.839489 -61.108124 2.920224 -1.681307 -0.294024 1.679688 0.833256 -14.218215 0.093216 1.300578 -34.21207 -0.287567 0.967162 -20.033226 0.964534 1.21284 1e-06 1e-06 0.0 -3.440391 0.788234 0.501655 -15.928192 -3.167311 2.999704 -6.33883 -0.0 0.0 -18.123459 3.648182 -4.905676 -5e-06 1e-06 -2e-06 -25.947454 20.292242 2.009813 -16.749557 30.266815 -58.340923 3.23157 25.397079 1.274116 -32.746521 -5.934142 -42.246834 2.243544 -5.255042 -3.180158 14.282895 -0.826595 6.952503 -1e-06 -12.69061 -2e-06 14.006854 -17.432949 3.980224 1.665666 -1.955921 -2.8783 4.727801 -4.170588 4.993928 11.020528 2e-06 -1e-06 12.109056 -3.735719 -2.866783 -0.0 1e-06 -0.0 1.291985 -1.92855 -1.49809 14.800132 0.567465 3.86561 14.242577 -1.341738 -6.660658 19.631973 0.143922 -0.648247 48.80521 -1.121941 -5.784819 0.353029 -1.511149 -0.03194 20.222797 3.684308 2.316634 18.787279 2e-06 0.0 10.751631 -0.47987 1.397907 0.0 0.0 -3e-06 3.273808 0.305945 -0.580111 21.486816 11.830376 2.266135 8.16293 0.0 -2e-06 18.399088 -3.798988 -4.940577 3e-06 0.0 -2e-06 -7.166616 2.943093 -5.430407 0.087948 0.709681 6.567697 6.055457 -13.345038 -4.21103 1.675383 -1.551856 -0.822144 0.0 -0.0 2e-06 9.461128 -5.261985 -8.949881 -0.056698 -0.677883 3.697334 -4.703932 -18.91386 1.556028 -1.394084 1.03996 -1.761238 0.0 0.0 -1e-06
0.0 0.0 0.0 0.0 -0.0 0.0 96.895142 100.48127 112.515305 -109.807182 88.436272 -107.561798 3.046466 1.033922 4.010688 0.306769 4.1104 -3.540118 -3.212488 3.088526 11.700174 4.043134 2.393967 -4.390495 -1.250031 -3.380928 -3.686224 -1.323628 -5.044838 -25.115049 7.7e-05 -2.3e-05 5e-06 -0.124438 -0.35823 0.176106 0.51004 -4.150388 -10.319722 -0.760418 3.449045 -10.271604 -7.756273 1.328654 13.509309 -65.225792 7.287559 -1.390304 1.002717 -53.412846 -0.756428 14.024258 4.932829 -10.695232 -5.882108 9.861287 0.702588 -10.936873 -0.360575 7.156206 0.0 8.774826 -1e-06 -16.427896 18.887236 6.659788 -1.844034 2.498506 -2.507279 -10.163603 4.678945 4.621106 -20.976032 -4e-06 -3e-06 -21.226297 2.451695 -3.594005 2e-06 -6e-06 -0.0 -1.362681 2.240798 -0.746324 -21.334919 0.584911 3.00832 -13.821218 -2e-06 -1e-06 -23.887178 -0.249081 -0.839488 -61.160576 2.887513 -1.569806 -0.294025 1.679687 0.833255 -14.218212 0.093214 1.300578 -34.212051 -0.287566 0.967164 -20.033218 0.964535 1.21284 0.0 0.0 0.0 -3.440389 0.788235 0.501656 -15.928189 -3.16731 2.999706 -6.338828 -1e-06 1e-06 -18.123451 3.648182 -4.905674 -4e-06 1e-06 -2e-06 -25.355949 19.892363 2.223905 -17.823746 30.142168 -58.603153 3.299483 26.115801 1.268159 -32.699181 -5.220784 -41.144066 2.243541 -5.255039 -3.18016 14.282893 -0.826591 6.952504 -4e-06 -12.690607 -1e-06 14.134568 -17.469994 3.853991 1.665666 -1.955921 -2.878301 4.727798 -4.170586 4.993922 11.020528 5e-06 0.0 12.109054 -3.735716 -2.866785 0.0 1e-06 0.0 1.291986 -1.928551 -1.498089 14.800134 0.567471 3.865608 14.242574 -1.341735 -6.660661 19.631969 0.143929 -0.648243 48.749424 -1.095989 -5.762172 0.353027 -1.51115 -0.031941 20.222795 3.684313 2.316633 18.787275 8e-06 1e-06 10.751629 -0.479868 1.397906 -1e-06 3e-06 -2e-06 3.273808 0.305946 -0.58011 21.486818 11.83038 2.266134 8.16293 4e-06 -1e-06 18.399084 -3.798983 -4.940575 3e-06 0.0 -2e-06 -7.164631 3.318852 -4.992038 0.08215 0.71106 6.119092 6.125865 -13.54626 -4.093637 1.674282 -1.558048 -0.918571 -0.0 0.0 2e-06 9.402236 -5.718264 -8.589353 -0.049588 -0.681752 3.390345 -4.58045 -18.430895 1.678306 -1.394941 1.043196 -1.812377 0.0 -1e-06 -1e-06
0.0 0.0 0.0 0.0 -0.0 0.0 97.012047 100.47538 112.650558 -115.001701 88.445312 -113.017067 3.068117 1.036617 3.953679 0.314683 4.07902 -3.60243 -3.298777 2.885194 11.536603 3.961095 2.398007 -4.479005 -1.277991 -3.74089 -3.684741 -1.070411 -5.415304 -25.637697 7.7e-05 -2.3e-05 4e-06 -0.129654 -0.366441 0.17535 0.498581 -4.157849 -10.329525 -0.758936 3.440001 -10.283317 -7.655904 1.154843 13.263648 -65.476151 7.625632 -1.561041 1.027923 -52.386948 -0.73969 13.991873 4.990126 -10.224662 -5.88211 9.861292 0.70259 -10.936877 -0.360575 7.156209 1e-06 8.774831 -1e-06 -16.475266 18.864548 6.59055 -1.844033 2.498507 -2.507279 -10.163604 4.678947 4.62111 -20.976034 -4e-06 1e-06 -21.226301 2.451697 -3.594004 3e-06 -6e-06 -0.0 -1.362682 2.2408 -0.746325 -21.334925 0.584909 3.008322 -13.821221 -3e-06 1e-06 -23.887182 -0.24908 -0.839485 -61.129879 2.832148 -1.485411 -0.294025 1.679689 0.833257 -14.218217 0.093216 1.30058 -34.212074 -0.287567 0.967169 -20.033226 0.964536 1.212844 1e-06 0.0 0.0 -3.44039 0.788233 0.501656 -15.928194 -3.167313 2.999707 -6.33883 -0.0 0.0 -18.123457 3.648183 -4.905676 -4e-06 -0.0 -1e-06 -24.41173 19.398123 2.56079 -18.832279 30.305861 -58.868664 3.388081 27.588215 1.279452 -32.823841 -4.623991 -39.590664 2.243543 -5.255041 -3.180158 14.282897 -0.826599 6.952504 1e-06 -12.69061 -3e-06 14.311882 -17.531534 3.689108 1.665666 -1.955922 -2.878299 4.727804 -4.170592 4.993925 11.020529 1e-06 0.0 12.109059 -3.735721 -2.866782 0.0 -0.0 0.0 1.291986 -1.928551 -1.498088 14.800136 0.567465 3.865609 14.242578 -1.34174 -6.660658 19.631975 0.143922 -0.648245 48.803616 -1.072867 -5.771854 0.35303 -1.511152 -0.03194 20.222799 3.68431 2.316631 18.787283 2e-06 -1e-06 10.751631 -0.479873 1.397905 1e-06 3e-06 -1e-06 3.273807 0.305948 -0.580109 21.48682 11.830376 2.266138 8.16293 2e-06 -1e-06 18.399094 -3.798994 -4.940578 3e-06 0.0 -2e-06 -7.156027 3.624712 -4.576494 0.074691 0.698574 5.73992 6.164794 -13.735828 -3.981263 1.671649 -1.570204 -1.017837 0.0 -0.0 2e-06 9.32066 -6.111042 -8.205792 -0.038914 -0.683124 3.086782 -4.521884 -18.022751 1.786716 -1.397858 1.053235 -1.887066 0.0 -1e-06 -1e-06
0.0 0.0 0.0 0.0 -0.0 0.0 97.10923 100.45401 112.764534 -119.606819 88.431648 -117.905174 3.084417 1.031913 3.86873 0.335332 4.047062 -3.671462 -3.359351 2.727968 11.407858 3.894112 2.38903 -4.460536 -1.300967 -4.089578 -3.680832 -0.876014 -5.67081 -25.980129 7.7e-05 -2.2e-05 6e-06 -0.134449 -0.370054 0.172579 0.487906 -4.161684 -10.347855 -0.757625 3.436361 -10.301767 -7.62932 0.99322 13.084481 -65.761627 7.93785 -1.984696 0.925428 -51.498684 -0.613617 14.171232 4.961149 -9.766635 -5.882111 9.861291 0.702589 -10.93688 -0.360575 7.156209 1e-06 8.774831 -1e-06 -16.491446 18.81407 6.52288 -1.844034 2.498506 -2.50728 -10.163611 4.678948 4.62111 -20.976044 -4e-06 1e-06 -21.226305 2.451697 -3.594003 2e-06 -6e-06 -0.0 -1.362684 2.240801 -0.746324 -21.33493 0.58491 3.008323 -13.821225 -3e-06 1e-06 -23.887192 -0.249081 -0.839485 -61.038586 2.750643 -1.420822 -0.294024 1.679689 0.833256 -14.218223 0.093215 1.30058 -34.212082 -0.287565 0.967168 -20.03323 0.964536 1.212841 0.0 1e-06 0.0 -3.44039 0.788233 0.501655 -15.9282 -3.167311 2.999707 -6.338832 -1e-06 0.0 -18.123461 3.648183 -4.905674 -5e-06 -0.0 -2e-06 -23.140717 18.793642 3.011289 -19.692774 30.780241 -58.875793 3.425639 29.797125 1.29004 -33.16814 -4.141712 -37.400101 2.243541 -5.255038 -3.180161 14.282895 -0.826589 6.952507 -6e-06 -12.690609 -2e-06 14.50857 -17.621733 3.520255 1.665666 -1.955921 -2.8783 4.727798 -4.170585 4.993926 11.020528 5e-06 1e-06 12.109053 -3.735712 -2.866785 0.0 -0.0 0.0 1.291984 -1.92855 -1.49809 14.800132 0.567473 3.865609 14.242573 -1.341734 -6.660657 19.631969 0.14393 -0.648241 48.927513 -1.055712 -5.81067 0.353029 -1.511149 -0.031941 20.222797 3.684315 2.316633 18.787275 9e-06 1e-06 10.751629 -0.479865 1.397908 -1e-06 3e-06 -1e-06 3.273808 0.305947 -0.580111 21.48682 11.830382 2.266138 8.16293 6e-06 0.0 18.399084 -3.798984 -4.940574 3e-06 0.0 -2e-06 -7.11722 3.960723 -4.116638 0.07151 0.688029 5.360962 6.120235 -13.984915 -3.920836 1.666582 -1.578271 -1.087371 0.0 0.0 2e-06 9.23557 -6.427024 -7.785297 -0.029199 -0.6853 2.777227 -4.566301 -17.674858 1.900878 -1.400697 1.058658 -1.957057 0.0 -1e-06 -1e-06
0.0 0.0 0.0 0.0 -0.0 0.0 97.197632 100.417076 112.843582 -122.0439 88.423683 -120.65554 3.104758 1.02791 3.755055 0.364692 4.018485 -3.733281 -3.388528 2.60339 11.333221 3.805048 2.367649 -4.36518 -1.297595 -4.304008 -3.679316 -0.770487 -5.792897 -26.178661 7.7e-05 -2.2e-05 6e-06 -0.138694 -0.371789 0.169075 0.478804 -4.161464 -10.364902 -0.756832 3.432229 -10.313325 -7.655287 0.897598 12.903496 -66.117828 8.283729 -2.556432 0.733058 -50.928322 -0.424157 14.554839 4.809351 -9.513321 -5.882112 9.861292 0.70259 -10.93688 -0.360574 7.156205 1e-06 8.77483 -0.0 -16.513767 18.733498 6.446279 -1.844034 2.498506 -2.507278 -10.163605 4.678949 4.621108 -20.97604 -3e-06 -2e-06 -21.226307 2.451697 -3.594005 3e-06 -6e-06 -0.0 -1.362684 2.2408 -0.746323 -21.33493 0.584912 3.008318 -13.821225 -3e-06 -1e-06 -23.887192 -0.249082 -0.839489 -60.917057 2.66228 -1.388953 -0.294025 1.679688 0.833256 -14.218219 0.093216 1.300577 -34.212074 -0.287566 0.967162 -20.03323 0.964535 1.212839 0.0 0.0 0.0 -3.44039 0.788234 0.501655 -15.928198 -3.16731 2.999704 -6.338831 -0.0 -1e-06 -18.123463 3.648185 -4.905678 -4e-06 1e-06 -2e-06 -21.657602 18.152588 3.490258 -20.140141 31.556919 -58.551891 3.38715 32.745216 1.315428 -33.632301 -3.628326 -34.523304 2.243542 -5.255041 -3.180161 14.282903 -0.826599 6.952514 0.0 -12.690615 -3e-06 14.689869 -17.715628 3.390108 1.665666 -1.955924 -2.878299 4.727803 -4.17059 4.993929 11.020535 1e-06 2e-06 12.10906 -3.73572 -2.866785 -1e-06 1e-06 -2e-06 1.291986 -1.92855 -1.49809 14.80014 0.567468 3.865613 14.242581 -1.341739 -6.660661 19.631979 0.143922 -0.648243 49.043953 -1.052062 -5.848467 0.353029 -1.511152 -0.031941 20.222809 3.68431 2.316638 18.787287 -1e-06 1e-06 10.751637 -0.47987 1.39791 0.0 3e-06 0.0 3.273809 0.305946 -0.580112 21.486834 11.830381 2.266142 8.162936 3e-06 1e-06 18.399099 -3.798989 -4.940577 3e-06 0.0 -2e-06 -7.067353 4.379121 -3.604804 0.072861 0.677834 5.002715 6.037669 -14.231076 -3.937808 1.661119 -1.588115 -1.110795 0.0 -0.0 2e-06 9.144269 -6.707694 -7.340471 -0.019343 -0.68544 2.499198 -4.626578 -17.325724 1.990988 -1.40071 1.060256 -2.009832 0.0 -1e-06 -1e-06
0.0 0.0 0.0 0.0 -0.0 0.0 97.266365 100.368408 112.8759 -122.528038 88.422813 -121.479645 3.137131 1.037289 3.625042 0.389198 3.985803 -3.794433 -3.357258 2.490703 11.306237 3.627046 2.358014 -4.253602 -1.256061 -4.405326 -3.679799 -0.755106 -5.809752 -26.26041 7.7e-05 -2.2e-05 6e-06 -0.142796 -0.373484 0.164652 0.46973 -4.16047 -10.380018 -0.75588 3.427373 -10.320509 -7.713083 0.841726 12.709804 -66.57283 8.635703 -3.173534 0.5146 -50.640373 -0.240951 15.088834 4.52987 -9.568837 -5.882108 9.861292 0.702592 -10.936878 -0.360575 7.156209 -0.0 8.774833 -1e-06 -16.521275 18.640497 6.371909 -1.844032 2.498507 -2.507278 -10.163605 4.678948 4.621112 -20.976036 -4e-06 3e-06 -21.226299 2.451699 -3.594 2e-06 -6e-06 -0.0 -1.362682 2.2408 -0.746324 -21.334929 0.584909 3.008326 -13.821222 -2e-06 2e-06 -23.887184 -0.24908 -0.839483 -60.767887 2.594652 -1.376274 -0.294024 1.679688 0.833256 -14.218219 0.093214 1.300581 -34.21207 -0.287565 0.967173 -20.033226 0.964538 1.212845 0.0 0.0 0.0 -3.440391 0.788233 0.501657 -15.928201 -3.167312 2.999709 -6.338831 -1e-06 1e-06 -18.123461 3.648186 -4.905674 -5e-06 -0.0 -2e-06 -19.979486 17.506714 4.010887 -20.017199 32.532902 -57.918449 3.382624 36.671413 1.423566 -34.098461 -2.893382 -30.704533 2.243544 -5.255041 -3.18016 14.282902 -0.826595 6.952507 1e-06 -12.690612 -4e-06 14.807678 -17.830944 3.304651 1.665668 -1.955924 -2.878299 4.727801 -4.170589 4.993924 11.020534 1e-06 -2e-06 12.10906 -3.735718 -2.866785 -1e-06 1e-06 -1e-06 1.291987 -1.92855 -1.49809 14.800142 0.567467 3.865612 14.242582 -1.341739 -6.660663 19.631983 0.143922 -0.648245 49.095306 -1.059939 -5.88244 0.35303 -1.511153 -0.031938 20.222803 3.684307 2.316633 18.787287 2e-06 -2e-06 10.751636 -0.47987 1.397907 1e-06 1e-06 1e-06 3.27381 0.305948 -0.580112 21.486828 11.830381 2.266138 8.162935 -1e-06 -1e-06 18.399099 -3.798987 -4.940581 3e-06 -3e-06 -0.0 -6.999468 4.853948 -3.048129 0.075089 0.661216 4.679739 5.982215 -14.419443 -4.02949 1.656655 -1.604631 -1.12909 0.0 -0.0 2e-06 9.049784 -6.965732 -6.894135 -0.016306 -0.682797 2.279151 -4.682667 -16.953754 2.083167 -1.398243 1.052447 -2.055453 0.0 -1e-06 -1e-06
0.0 0.0 0.0 0.0 -0.0 0.0 97.303566 100.319115 112.877419 -122.143372 88.407623 -121.4291 3.180841 1.052671 3.489174 0.416527 3.937204 -3.866322 -3.272301 2.36789 11.27998 3.345722 2.351624 -4.150005 -1.189722 -4.431379 -3.671978 -0.769699 -5.730066 -26.185774 7.7e-05 -2.2e-05 6e-06 -0.140166 -0.359831 0.159135 0.468134 -4.145739 -10.396168 -0.749106 3.439585 -10.331458 -7.792594 0.805768 12.504955 -67.108307 8.971491 -3.747031 0.272907 -50.537823 -0.058879 15.739862 4.152835 -9.79353 -5.882108 9.861283 0.702589 -10.936873 -0.360576 7.156205 1e-06 8.774822 -1e-06 -16.517839 18.568354 6.307416 -1.844033 2.498505 -2.507277 -10.163602 4.678944 4.621107 -20.976027 -4e-06 2e-06 -21.22629 2.451694 -3.594 2e-06 -5e-06 -0.0 -1.36268 2.240796 -0.746323 -21.334915 0.584908 3.008323 -13.821215 -3e-06 3e-06 -23.887171 -0.249079 -0.839483 -60.623333 2.557842 -1.385702 -0.294026 1.679687 0.833256 -14.218208 0.093214 1.30058 -34.212051 -0.287566 0.96717 -20.033211 0.964536 1.212844 -0.0 1e-06 -1e-06 -3.440388 0.788233 0.501655 -15.928189 -3.16731 2.999708 -6.338827 -2e-06 1e-06 -18.123451 3.648179 -4.905671 -4e-06 1e-06 -2e-06 -18.058762 16.839497 4.658256 -19.246679 33.635128 -56.916393 3.493517 41.702194 1.643426 -34.577839 -1.86674 -25.964018 2.243542 -5.25504 -3.180158 14.282896 -0.826593 6.952509 -3e-06 -12.690609 -2e-06 14.864234 -17.960724 3.253924 1.665666 -1.955922 -2.878301 4.727801 -4.170587 4.993925 11.020529 5e-06 2e-06 12.109056 -3.735715 -2.866783 0.0 -0.0 0.0 1.291987 -1.92855 -1.498089 14.800138 0.567472 3.865613 14.242576 -1.341737 -6.660656 19.631973 0.143927 -0.648241 49.129913 -1.071184 -5.926249 0.353029 -1.511151 -0.031941 20.222801 3.684313 2.316636 18.787283 6e-06 4e-06 10.751633 -0.47987 1.397909 0.0 -0.0 0.0 3.273808 0.305947 -0.58011 21.48683 11.830381 2.266141 8.16293 3e-06 1e-06 18.399092 -3.798986 -4.940574 2e-06 -1e-06 -0.0 -6.905865 5.346273 -2.502462 0.084828 0.646468 4.413188 5.974001 -14.591048 -4.167898 1.652822 -1.626056 -1.191095 0.0 -0.0 2e-06 8.957306 -7.240777 -6.469457 -0.015987 -0.674408 2.091403 -4.743543 -16.552837 2.135965 -1.396778 1.037503 -2.0981 -0.0 -0.0 -1e-06
0.0 0.0 0.0 0.0 -0.0 0.0 97.323471 100.282562 112.860123 -121.73381 88.37587 -121.337944 3.220532 1.0623 3.356884 0.441921 3.887594 -3.931822 -3.140662 2.220956 11.2222 3.012065 2.386778 -4.042912 -1.132002 -4.400977 -3.666339 -0.807215 -5.56666 -25.955393 7.7e-05 -2.2e-05 6e-06 -0.130853 -0.33167 0.153306 0.474122 -4.120071 -10.42465 -0.736394 3.469934 -10.356066 -7.850733 0.787871 12.253161 -67.668495 9.247274 -4.078548 0.038259 -50.443283 0.121957 16.496382 3.740934 -10.132188 -5.882106 9.861288 0.702592 -10.936873 -0.360575 7.156208 1e-06 8.774828 -0.0 -16.479746 18.524176 6.293951 -1.844033 2.498505 -2.507278 -10.163602 4.678947 4.621111 -20.976028 -5e-06 1e-06 -21.226292 2.451697 -3.594001 2e-06 -5e-06 -0.0 -1.362683 2.240798 -0.746322 -21.334917 0.584909 3.008323 -13.821217 -2e-06 2e-06 -23.887178 -0.249081 -0.839482 -60.513184 2.535226 -1.395353 -0.294026 1.679689 0.833256 -14.218214 0.093214 1.300579 -34.212059 -0.287565 0.967168 -20.033215 0.964536 1.212843 1e-06 0.0 0.0 -3.440389 0.788233 0.501654 -15.928191 -3.167311 2.999706 -6.338827 0.0 0.0 -18.123453 3.648183 -4.905672 -5e-06 1e-06 -2e-06 -15.954199 16.169498 5.439684 -17.683554 34.761703 -55.431252 3.827608 47.680077 2.055976 -35.011211 -0.52823 -20.616728 2.243544 -5.255044 -3.180161 14.282907 -0.826598 6.952509 2e-06 -12.690615 -0.0 14.892156 -18.079056 3.223101 1.665668 -1.955924 -2.878304 4.727805 -4.170592 4.993927 11.020538 0.0 0.0 12.109067 -3.735722 -2.866787 -1e-06 3e-06 -1e-06 1.291988 -1.928551 -1.498088 14.800142 0.567467 3.865612 14.242588 -1.341741 -6.660664 19.631987 0.143923 -0.648247 49.187519 -1.069933 -5.968493 0.353028 -1.511151 -0.031939 20.222815 3.684307 2.316633 18.787291 1e-06 -2e-06 10.751637 -0.479871 1.397908 1e-06 1e-06 -1e-06 3.273809 0.305949 -0.580112 21.486834 11.83038 2.266138 8.162938 1e-06 -1e-06 18.399107 -3.798991 -4.940584 3e-06 -1e-06 -0.0 -6.80986 5.868207 -2.029985 0.098428 0.640437 4.231573 6.00153 -14.796488 -4.355326 1.648718 -1.6453 -1.324215 0.0 -0.0 2e-06 8.859268 -7.544905 -6.085613 -0.016921 -0.670566 1.946957 -4.775012 -16.116835 2.160807 -1.395627 1.027503 -2.153138 -0.0 -0.0 -1e-06
0.0 0.0 0.0 0.0 -0.0 0.0 97.331306 100.257362 112.823547 -120.908966 88.337868 -120.823891 3.253919 1.058106 3.239131 0.465742 3.839453 -3.977276 -2.970962 2.05867 11.130444 2.676782 2.453677 -3.905885 -1.082413 -4.293013 -3.66523 -0.860608 -5.302298 -25.579815 7.7e-05 -2.3e-05 6e-06 -0.120282 -0.30426 0.148179 0.484437 -4.095395 -10.457606 -0.725225 3.499454 -10.386154 -7.871778 0.810999 12.027659 -68.203079 9.369298 -4.064702 -0.081742 -50.262794 0.232355 17.245426 3.406742 -10.566159 -5.882113 9.861293 0.70259 -10.936882 -0.360573 7.156209 -0.0 8.774831 -0.0 -16.43774 18.493183 6.321685 -1.844036 2.498507 -2.50728 -10.163608 4.678948 4.621111 -20.976042 -3e-06 -0.0 -21.226305 2.451698 -3.594004 2e-06 -6e-06 0.0 -1.362686 2.240799 -0.746324 -21.334932 0.58491 3.008321 -13.821225 -2e-06 -0.0 -23.887192 -0.24908 -0.839487 -60.466984 2.530161 -1.414018 -0.294026 1.679688 0.833256 -14.218222 0.093216 1.30058 -34.212082 -0.287565 0.967166 -20.033232 0.964535 1.212842 1e-06 1e-06 0.0 -3.44039 0.788235 0.501657 -15.928201 -3.16731 2.999708 -6.338833 -1e-06 -0.0 -18.123466 3.648184 -4.905677 -5e-06 2e-06 -2e-06 -13.915318 15.561604 6.209507 -15.12 35.817963 -53.183693 4.43082 54.10043 2.743565 -35.174011 0.831074 -15.421716 2.243545 -5.255042 -3.180161 14.282906 -0.826596 6.952511 -2e-06 -12.690609 -1e-06 14.925039 -18.169273 3.204742 1.665667 -1.955924 -2.878299 4.727805 -4.17059 4.993927 11.020535 1e-06 3e-06 12.10906 -3.73572 -2.866785 0.0 2e-06 0.0 1.291987 -1.928552 -1.498091 14.800142 0.567468 3.865611 14.242585 -1.34174 -6.660664 19.631985 0.143923 -0.648243 49.252037 -1.059292 -6.000726 0.353029 -1.511151 -0.031942 20.222813 3.684308 2.316634 18.787289 4e-06 0.0 10.751637 -0.47987 1.397908 0.0 0.0 -0.0 3.27381 0.305945 -0.58011 21.486834 11.830381 2.26614 8.162935 2e-06 1e-06 18.399099 -3.798989 -4.94058 4e-06 0.0 -1e-06 -6.724201 6.39919 -1.607974 0.105006 0.644588 4.085793 6.059489 -15.007413 -4.524887 1.648734 -1.671167 -1.465662 -0.0 0.0 2e-06 8.76291 -7.879596 -5.72597 -0.013837 -0.67693 1.843047 -4.714931 -15.636622 2.131441 -1.393856 1.024089 -2.176528 0.0 0.0 -1e-06
0.0 0.0 0.0 0.0 -0.0 0.0 97.355103 100.232224 112.770439 -120.507774 88.276939 -120.72522 3.292547 1.050272 3.137085 0.484457 3.757662 -4.006724 -2.781677 1.900287 11.018138 2.371036 2.537906 -3.748746 -1.039565 -4.149201 -3.665176 -0.894048 -4.927434 -25.051464 7.7e-05 -2.2e-05 5e-06 -0.113302 -0.287134 0.145912 0.496004 -4.076795 -10.481221 -0.722554 3.514507 -10.406063 -7.867634 0.831813 11.841534 -68.661789 9.382369 -3.778804 -0.119574 -50.029301 0.274897 17.940386 3.147622 -11.095444 -5.88211 9.861291 0.702589 -10.936877 -0.360575 7.156207 0.0 8.77483 -1e-06 -16.391617 18.450941 6.36698 -1.844034 2.498506 -2.507278 -10.163604 4.678949 4.62111 -20.976036 -5e-06 0.0 -21.226299 2.451696 -3.594002 2e-06 -6e-06 0.0 -1.362681 2.240799 -0.746324 -21.334929 0.584909 3.008323 -13.821221 -2e-06 1e-06 -23.887184 -0.24908 -0.839485 -60.474552 2.546549 -1.448335 -0.294026 1.679688 0.833256 -14.218216 0.093216 1.30058 -34.212067 -0.287565 0.96717 -20.033228 0.964536 1.212842 1e-06 -0.0 0.0 -3.44039 0.788234 0.501657 -15.928192 -3.16731 2.999708 -6.338829 -3e-06 0.0 -18.123457 3.648185 -4.905674 -4e-06 1e-06 -2e-06 -12.106216 15.01266 6.872716 -11.428255 36.692261 -49.845264 5.208244 60.607658 3.668315 -34.878544 1.879951 -10.828266 2.243542 -5.255044 -3.18016 14.282906 -0.826596 6.95251 -0.0 -12.690617 -2e-06 14.96615 -18.224541 3.176429 1.665668 -1.955925 -2.878301 4.727803 -4.170591 4.993926 11.020537 1e-06 1e-06 12.109062 -3.735723 -2.866787 1e-06 1e-06 0.0 1.291987 -1.92855 -1.49809 14.800142 0.567467 3.865611 14.242585 -1.341742 -6.660666 19.631989 0.143925 -0.648246 49.276642 -1.04207 -6.029972 0.353029 -1.511152 -0.031941 20.222811 3.684314 2.316634 18.787291 3e-06 -0.0 10.751639 -0.47987 1.397907 0.0 -1e-06 -0.0 3.27381 0.305946 -0.580111 21.486834 11.830382 2.266137 8.162937 2e-06 -1e-06 18.399105 -3.798992 -4.940581 3e-06 2e-06 -1e-06 -6.626193 6.906277 -1.188913 0.101995 0.651975 3.938892 6.097967 -15.198573 -4.722792 1.65133 -1.705906 -1.571401 0.0 -0.0 2e-06 8.680718 -8.203331 -5.374012 -0.008439 -0.686476 1.74374 -4.60201 -15.166922 2.063019 -1.393395 1.022257 -2.147672 0.0 0.0 -1e-06
0.0 0.0 0.0 0.0 -0.0 0.0 97.367912 100.206841 112.709938 -119.850121 88.240303 -120.329559 3.319336 1.037813 3.044006 0.48561 3.64975 -4.022426 -2.589871 1.78842 10.892183 2.109351 2.621524 -3.623698 -0.985712 -3.932821 -3.668989 -0.916138 -4.474139 -24.379692 7.7e-05 -2.3e-05 6e-06 -0.105077 -0.26825 0.146198 0.510253 -4.052173 -10.487598 -0.720159 3.526896 -10.407733 -7.86136 0.843021 11.701789 -68.99855 9.3134 -3.213872 -0.112319 -49.78809 0.294613 18.512644 2.957064 -11.66094 -5.88211 9.861292 0.70259 -10.936877 -0.360574 7.156207 -0.0 8.774831 -0.0 -16.346344 18.401237 6.428413 -1.844034 2.498506 -2.507278 -10.163606 4.678948 4.621109 -20.97604 -3e-06 -2e-06 -21.226303 2.451698 -3.594005 0.0 -6e-06 -0.0 -1.362684 2.240799 -0.746324 -21.334929 0.584912 3.008322 -13.821223 -4e-06 0.0 -23.887188 -0.249079 -0.839488 -60.499317 2.550076 -1.444824 -0.294024 1.679688 0.833256 -14.21822 0.093216 1.300579 -34.21207 -0.287565 0.967166 -20.033226 0.964536 1.212843 1e-06 0.0 0.0 -3.440389 0.788233 0.501655 -15.928192 -3.16731 2.999707 -6.338829 -2e-06 -1e-06 -18.123457 3.648184 -4.905675 -4e-06 -0.0 -2e-06 -10.504301 14.497211 7.440375 -6.79037 37.2342 -45.419682 5.980272 66.979965 4.693818 -34.152363 2.495751 -7.014226 2.243544 -5.255041 -3.180161 14.282899 -0.826597 6.952507 -1e-06 -12.690609 -2e-06 15.018295 -18.251085 3.159878 1.665667 -1.955923 -2.878303 4.727802 -4.170589 4.993926 11.020532 1e-06 -2e-06 12.10906 -3.735717 -2.866788 1e-06 2e-06 -1e-06 1.291985 -1.928551 -1.498091 14.800132 0.567469 3.86561 14.242579 -1.341738 -6.660662 19.631975 0.143926 -0.648246 49.269634 -1.01901 -6.028547 0.353031 -1.511152 -0.031941 20.222801 3.68431 2.316631 18.787283 3e-06 -2e-06 10.751633 -0.479866 1.397907 0.0 1e-06 0.0 3.273807 0.305946 -0.58011 21.486824 11.830379 2.266137 8.162933 -0.0 0.0 18.399092 -3.798988 -4.940579 3e-06 1e-06 -1e-06 -6.54925 7.40728 -0.814848 0.095052 0.675289 3.791503 6.090256 -15.335669 -4.903645 1.653126 -1.732643 -1.652906 0.0 -0.0 2e-06 8.58329 -8.436984 -5.084583 -0.003129 -0.695249 1.676528 -4.438578 -14.753864 1.965021 -1.395313 1.021679 -2.101246 0.0 0.0 -1e-06
0.0 0.0 0.0 0.0 -0.0 0.0 97.383247 100.173775 112.65242 -118.668976 88.230103 -119.366043 3.334054 1.0277 2.977884 0.471849 3.535907 -4.024843 -2.402747 1.704245 10.75072 1.873795 2.687792 -3.554295 -0.929579 -3.652208 -3.661544 -0.882002 -3.988453 -23.683296 7.7e-05 -2.3e-05 5e-06 -0.097649 -0.253036 0.148435 0.523649 -4.027571 -10.478467 -0.718658 3.531934 -10.392723 -7.854239 0.853357 11.568579 -69.21283 9.198679 -2.450567 -0.131742 -49.531197 0.334109 18.987793 2.813749 -12.05642 -5.882109 9.861289 0.702588 -10.936874 -0.360574 7.156207 -0.0 8.774828 -1e-06 -16.317635 18.392895 6.485381 -1.844033 2.498506 -2.507278 -10.163603 4.678946 4.621109 -20.976034 -5e-06 -2e-06 -21.226297 2.451695 -3.594005 1e-06 -5e-06 -0.0 -1.362683 2.240799 -0.746325 -21.334919 0.58491 3.00832 -13.821218 -4e-06 -0.0 -23.887178 -0.249081 -0.839487 -60.531471 2.549284 -1.438669 -0.294026 1.679688 0.833257 -14.218215 0.093216 1.300577 -34.212059 -0.287567 0.967163 -20.03322 0.964533 1.212842 2e-06 1e-06 0.0 -3.44039 0.788234 0.501655 -15.928191 -3.167311 2.999706 -6.338828 -2e-06 -0.0 -18.123455 3.648182 -4.905676 -4e-06 1e-06 -3e-06 -9.143263 14.051143 7.947478 -1.408505 37.310772 -40.273434 6.946425 73.067604 5.938378 -33.071526 2.729579 -4.03722 2.243543 -5.255037 -3.180158 14.282892 -0.826598 6.952499 1e-06 -12.690601 2e-06 15.066634 -18.271402 3.179088 1.665667 -1.955923 -2.878299 4.7278 -4.170588 4.993922 11.020527 3e-06 -4e-06 12.109054 -3.735715 -2.866785 0.0 -1e-06 -1e-06 1.291986 -1.928548 -1.49809 14.800129 0.567466 3.865606 14.242577 -1.34174 -6.660661 19.631969 0.143924 -0.648249 49.249531 -0.991 -5.992696 0.35303 -1.51115 -0.031938 20.22279 3.684304 2.316629 18.787277 1e-06 -2e-06 10.751629 -0.47987 1.397905 0.0 -0.0 0.0 3.273806 0.305945 -0.58011 21.486813 11.830368 2.266131 8.162929 1e-06 -2e-06 18.399088 -3.798985 -4.94058 3e-06 0.0 -1e-06 -6.464992 7.892069 -0.448073 0.087929 0.706345 3.612426 6.032223 -15.436487 -5.070954 1.653428 -1.758181 -1.717686 0.0 0.0 2e-06 8.478106 -8.569838 -4.863966 0.000861 -0.696082 1.643088 -4.277458 -14.414278 1.849963 -1.398216 1.025813 -2.044907 0.0 0.0 -1e-06
0.0 0.0 0.0 0.0 -0.0 0.0 97.377586 100.135147 112.605667 -116.820549 88.244095 -117.656349 3.329291 1.012969 2.922399 0.443628 3.437172 -4.025207 -2.229232 1.619256 10.59553 1.645446 2.752818 -3.541576 -0.870173 -3.319451 -3.660496 -0.800199 -3.525598 -22.949848 7.7e-05 -2.3e-05 6e-06 -0.087979 -0.232373 0.145489 0.536388 -3.995883 -10.471191 -0.712136 3.540728 -10.380915 -7.822144 0.86544 11.424008 -69.357536 9.022777 -1.467167 -0.085721 -49.181496 0.343652 19.371605 2.658533 -12.349176 -5.88211 9.861288 0.702589 -10.936875 -0.360574 7.156205 -1e-06 8.774826 -1e-06 -16.306566 18.395544 6.526302 -1.844035 2.498504 -2.50728 -10.163604 4.678945 4.621107 -20.976036 -4e-06 -3e-06 -21.226301 2.451696 -3.594006 2e-06 -6e-06 -0.0 -1.362682 2.240799 -0.746325 -21.334925 0.584911 3.008319 -13.82122 -3e-06 -1e-06 -23.887182 -0.24908 -0.839489 -60.576061 2.553864 -1.400041 -0.294024 1.679687 0.833256 -14.218213 0.093216 1.300578 -34.212063 -0.287565 0.967163 -20.033222 0.964535 1.212839 1e-06 1e-06 1e-06 -3.440391 0.788234 0.501654 -15.928192 -3.167308 2.999705 -6.338829 -2e-06 -1e-06 -18.123457 3.648183 -4.905677 -5e-06 1e-06 -2e-06 -7.895093 13.626407 8.434505 4.347296 36.843761 -34.417683 8.328753 78.797249 7.521814 -31.824362 2.819369 -1.636298 2.243544 -5.255041 -3.180161 14.282909 -0.826591 6.952513 -3e-06 -12.690614 -0.0 15.066364 -18.296391 3.23162 1.665665 -1.955923 -2.8783 4.727805 -4.170588 4.993929 11.020538 5e-06 2e-06 12.109064 -3.735716 -2.866785 1e-06 -1e-06 -1e-06 1.291986 -1.928551 -1.498089 14.800148 0.567472 3.865614 14.242585 -1.341735 -6.660661 19.63199 0.143925 -0.64824 49.210098 -0.950964 -5.972933 0.353029 -1.511152 -0.03194 20.222818 3.684314 2.316638 18.7873 5e-06 4e-06 10.751643 -0.479869 1.397911 0.0 1e-06 1e-06 3.273809 0.305948 -0.58011 21.486843 11.830386 2.266144 8.162938 2e-06 1e-06 18.399103 -3.798988 -4.940575 3e-06 1e-06 -1e-06 -6.352319 8.357898 -0.149694 0.079436 0.738677 3.480187 5.950239 -15.490142 -5.253994 1.652988 -1.76755 -1.785632 0.0 0.0 2e-06 8.369413 -8.610636 -4.741385 0.007986 -0.693877 1.640944 -4.100112 -14.145023 1.762999 -1.403366 1.039277 -2.024326 -0.0 1e-06 -1e-06
0.0 0.0 0.0 0.0 -0.0 0.0 97.36525 100.093857 112.582932 -114.528122 88.28183 -115.441444 3.308241 0.999284 2.886694 0.405215 3.336849 -4.03109 -2.085755 1.517842 10.453238 1.424822 2.817375 -3.613731 -0.807238 -2.948706 -3.651561 -0.691325 -3.075368 -22.254751 7.7e-05 -2.2e-05 6e-06 -0.079958 -0.214892 0.143737 0.545747 -3.966548 -10.462286 -0.705722 3.545713 -10.371008 -7.748855 0.891774 11.297295 -69.456642 8.747743 -0.342229 -0.025314 -48.74918 0.342625 19.697392 2.45797 -12.441809 -5.882112 9.861297 0.702592 -10.936883 -0.360574 7.156212 -0.0 8.774836 -0.0 -16.285393 18.393398 6.54032 -1.844035 2.498507 -2.507281 -10.163611 4.678951 4.621113 -20.976048 -2e-06 0.0 -21.226315 2.451699 -3.594004 1e-06 -5e-06 -0.0 -1.362682 2.2408 -0.746324 -21.334938 0.584912 3.008325 -13.82123 -3e-06 2e-06 -23.887201 -0.249079 -0.839485 -60.578648 2.576545 -1.361097 -0.294025 1.679689 0.833257 -14.218224 0.093215 1.300581 -34.212086 -0.287564 0.96717 -20.033236 0.964537 1.212843 0.0 1e-06 1e-06 -3.440391 0.788235 0.501655 -15.928206 -3.167312 2.999709 -6.338833 -1e-06 0.0 -18.123468 3.648188 -4.905677 -4e-06 1e-06 -2e-06 -6.710593 13.19238 8.924139 10.393896 35.818481 -27.983326 12.207087 84.13903 11.482939 -30.672539 2.760422 0.48486 2.243543 -5.255044 -3.180161 14.282912 -0.826596 6.952512 1e-06 -12.690618 -4e-06 15.068029 -18.300776 3.293242 1.66567 -1.955925 -2.8783 4.727806 -4.170593 4.993929 11.02054 2e-06 0.0 12.109068 -3.73572 -2.866788 -1e-06 0.0 0.0 1.291988 -1.928552 -1.498091 14.800151 0.567468 3.865615 14.242591 -1.341741 -6.660666 19.631992 0.143925 -0.648247 49.228249 -0.924312 -5.975053 0.353028 -1.511151 -0.031942 20.222818 3.684312 2.316635 18.7873 2e-06 1e-06 10.751644 -0.479868 1.397909 0.0 -0.0 0.0 3.27381 0.305949 -0.580112 21.486847 11.830386 2.266141 8.16294 2e-06 -0.0 18.399111 -3.79899 -4.940583 3e-06 3e-06 -0.0 -6.219441 8.826168 -0.002514 0.070279 0.769141 3.584158 5.855841 -15.520597 -5.530526 1.651085 -1.775911 -1.842329 -0.0 0.0 2e-06 8.263219 -8.63077 -4.705972 0.017591 -0.68585 1.684377 -3.94917 -13.920296 1.682847 -1.41004 1.056279 -1.999717 0.0 0.0 -1e-06
0.0 0.0 0.0 0.0 -0.0 0.0 97.341011 100.061188 112.601364 -112.412727 88.342819 -113.34742 3.266161 0.986002 2.861236 0.363571 3.221487 -4.038939 -1.97553 1.422648 10.327262 1.194415 2.868725 -3.78546 -0.745541 -2.597732 -3.631601 -0.536454 -2.650068 -21.595114 7.7e-05 -2.2e-05 6e-06 -0.073013 -0.199357 0.143453 0.553629 -3.940947 -10.454429 -0.700029 3.550711 -10.365848 -7.647573 0.909172 11.172467 -69.519363 8.393887 0.887548 0.063626 -48.260624 0.314224 20.011044 2.244836 -12.422387 -5.882102 9.861281 0.702589 -10.936865 -0.360576 7.156203 1e-06 8.774822 -1e-06 -16.235626 18.376875 6.525468 -1.844031 2.498502 -2.507279 -10.163595 4.678943 4.621107 -20.976017 -6e-06 0.0 -21.22628 2.451694 -3.594002 1e-06 -6e-06 -0.0 -1.362683 2.240796 -0.746325 -21.334904 0.584908 3.008322 -13.821206 -4e-06 2e-06 -23.887157 -0.249081 -0.839483 -60.465118 2.604032 -1.343171 -0.294025 1.679686 0.833256 -14.218201 0.093215 1.300579 -34.212036 -0.287567 0.967169 -20.033205 0.964534 1.212844 0.0 2e-06 1e-06 -3.440387 0.788234 0.501655 -15.928179 -3.167309 2.999707 -6.338824 -1e-06 1e-06 -18.12344 3.648179 -4.90567 -4e-06 0.0 -2e-06 -5.491721 12.731749 9.471303 16.445032 34.146332 -21.145842 46.092861 88.658852 45.436741 -29.804272 2.705165 2.766561 2.243542 -5.255038 -3.180158 14.282887 -0.826592 6.952502 -2e-06 -12.690598 0.0 15.099812 -18.283045 3.353028 1.665666 -1.95592 -2.878298 4.727797 -4.170585 4.993925 11.020521 4e-06 -0.0 12.109046 -3.735716 -2.866783 -0.0 -0.0 -2e-06 1.291984 -1.928547 -1.498086 14.800123 0.567468 3.86561 14.242566 -1.341737 -6.660657 19.631958 0.143924 -0.648243 49.312683 -0.907056 -6.000906 0.35303 -1.51115 -0.03194 20.222786 3.684309 2.316632 18.78727 6e-06 2e-06 10.751626 -0.479867 1.397907 0.0 1e-06 1e-06 3.273805 0.305945 -0.58011 21.486805 11.830371 2.266136 8.162926 3e-06 1e-06 18.399073 -3.798984 -4.940572 3e-06 1e-06 1e-06 -6.105899 9.336289 0.056148 0.056887 0.793896 3.723177 5.753013 -15.610579 -5.755793 1.650046 -1.775952 -1.859253 -0.0 -0.0 2e-06 8.154384 -8.683188 -4.755875 0.029718 -0.660946 1.770763 -3.836446 -13.696228 1.608648 -1.417553 1.071625 -1.957965 0.0 0.0 -1e-06
0.0 0.0 0.0 0.0 -0.0 0.0 97.321053 100.038979 112.659714 -111.666931 88.413902 -112.590767 3.206775 0.968514 2.844146 0.319686 3.092704 -4.040006 -1.886557 1.346809 10.218864 0.953192 2.894157 -4.030289 -0.675821 -2.288462 -3.602088 -0.351498 -2.271875 -21.028357 7.7e-05 -2.2e-05 5e-06 -0.067218 -0.185204 0.138717 0.560478 -3.92041 -10.453003 -0.695655 3.558072 -10.368615 -7.518307 0.90612 11.040801 -69.556473 7.99292 2.143635 0.146954 -47.76136 0.257285 20.30406 2.025589 -12.269098 -5.882107 9.861289 0.70259 -10.936874 -0.360575 7.156205 1e-06 8.774828 -1e-06 -16.188663 18.365904 6.490164 -1.844033 2.498505 -2.507279 -10.163604 4.678947 4.621107 -20.97603 -4e-06 -2e-06 -21.226295 2.451695 -3.594004 2e-06 -6e-06 -1e-06 -1.362683 2.240799 -0.746325 -21.334921 0.58491 3.008321 -13.821218 -4e-06 0.0 -23.88718 -0.24908 -0.839486 -60.295708 2.627572 -1.34222 -0.294026 1.679687 0.833256 -14.218214 0.093215 1.300578 -34.212063 -0.287567 0.967165 -20.033222 0.964534 1.212842 1e-06 1e-06 1e-06 -3.440391 0.788233 0.501655 -15.928189 -3.167311 2.999705 -6.338828 -3e-06 0.0 -18.123453 3.648183 -4.905674 -4e-06 1e-06 -2e-06 -4.185846 12.23654 10.115047 21.997826 31.870567 -14.157126 166.772217 86.942772 166.306473 -29.319656 2.896338 5.246572 2.243541 -5.255039 -3.180161 14.282893 -0.826594 6.952507 -1e-06 -12.690601 -2e-06 15.160255 -18.259157 3.414118 1.665663 -1.95592 -2.878301 4.727799 -4.170585 4.993925 11.020526 4e-06 -1e-06 12.109052 -3.735714 -2.866784 -0.0 1e-06 -1e-06 1.291985 -1.928551 -1.498092 14.800132 0.567468 3.865611 14.242576 -1.341739 -6.66066 19.631969 0.143922 -0.648243 49.41555 -0.89222 -6.029406 0.35303 -1.511152 -0.03194 20.222788 3.684309 2.316635 18.787275 6e-06 2e-06 10.751629 -0.479871 1.397907 1e-06 0.0 -0.0 3.273806 0.305946 -0.580111 21.486822 11.830373 2.26614 8.16293 2e-06 1e-06 18.399088 -3.798986 -4.940573 2e-06 2e-06 -1e-06 -6.041428 9.813561 0.066517 0.051732 0.820387 3.829319 5.612455 -15.736625 -5.949633 1.649147 -1.772577 -1.854203 -0.0 0.0 2e-06 8.043602 -8.756073 -4.857797 0.038292 -0.630366 1.887653 -3.722983 -13.51926 1.514774 -1.422113 1.085348 -1.889776 -0.0 1e-06 -1e-06
0.0 0.0 0.0 0.0 -0.0 0.0 97.308586 100.026535 112.729385 -111.583542 88.483154 -112.481628 3.148283 0.938127 2.836182 0.284623 2.973397 -4.041671 -1.810315 1.260072 10.151194 0.699099 2.921524 -4.296076 -0.596075 -1.988567 -3.577477 -0.152662 -1.933875 -20.492764 7.7e-05 -2.2e-05 5e-06 -0.063247 -0.175748 0.131683 0.566789 -3.908534 -10.453673 -0.694354 3.564881 -10.374496 -7.369291 0.873118 10.877154 -69.618454 7.559011 3.431794 0.219768 -47.258091 0.204027 20.586054 1.827258 -12.157182 -5.88211 9.861295 0.70259 -10.936877 -0.360575 7.156208 0.0 8.774832 -0.0 -16.164515 18.363632 6.449762 -1.844033 2.498506 -2.507279 -10.163604 4.678949 4.621111 -20.976034 -4e-06 -1e-06 -21.226301 2.451698 -3.594005 1e-06 -5e-06 -0.0 -1.362684 2.240799 -0.746324 -21.334927 0.58491 3.008323 -13.821221 -4e-06 1e-06 -23.887184 -0.249081 -0.839485 -60.114388 2.634877 -1.357184 -0.294024 1.679688 0.833257 -14.218215 0.093215 1.30058 -34.212067 -0.287566 0.967167 -20.033228 0.964534 1.212842 2e-06 -1e-06 1e-06 -3.440389 0.788234 0.501655 -15.928196 -3.167312 2.999707 -6.338831 -1e-06 0.0 -18.123459 3.648185 -4.905677 -4e-06 0.0 -2e-06 -2.737136 11.702388 10.860606 26.883963 29.14782 -7.17854 175.68985 84.18486 175.577621 -29.263622 3.575641 7.670938 2.243547 -5.255043 -3.180162 14.282911 -0.826596 6.952508 1e-06 -12.690619 -1e-06 15.26125 -18.223154 3.45643 1.665668 -1.955922 -2.878301 4.727805 -4.170592 4.993928 11.02054 3e-06 -1e-06 12.109068 -3.735721 -2.866786 0.0 3e-06 1e-06 1.291988 -1.928552 -1.498092 14.800149 0.567469 3.865612 14.242594 -1.341738 -6.660667 19.631992 0.143924 -0.648246 49.541058 -0.888312 -6.069088 0.353028 -1.511151 -0.031941 20.222818 3.68431 2.316633 18.7873 2e-06 -4e-06 10.751643 -0.479869 1.397906 -0.0 1e-06 -1e-06 3.273811 0.305947 -0.58011 21.486843 11.830387 2.266137 8.162939 1e-06 -1e-06 18.399111 -3.798988 -4.940584 3e-06 0.0 -2e-06 -6.01681 10.252816 0.055557 0.048814 0.837111 3.876878 5.446068 -15.89633 -6.101907 1.647448 -1.765402 -1.865771 0.0 0.0 2e-06 7.94142 -8.848413 -4.97231 0.042533 -0.602476 2.00186 -3.60267 -13.380358 1.446108 -1.42181 1.091459 -1.837223 0.0 0.0 -1e-06
0.0 0.0 0.0 0.0 -0.0 0.0 97.287865 100.021484 112.791779 -112.183052 88.546532 -113.061668 3.092339 0.90682 2.842545 0.255332 2.851121 -4.032901 -1.734799 1.149126 10.104753 0.440765 2.966877 -4.535324 -0.519448 -1.738098 -3.570583 0.042474 -1.641968 -19.965643 7.7e-05 -2.2e-05 6e-06 -0.064434 -0.177781 0.123398 0.568854 -3.910907 -10.461375 -0.698975 3.562747 -10.387153 -7.196357 0.776002 10.746293 -69.74099 7.075336 4.682962 0.295304 -46.745701 0.116392 20.85548 1.665623 -12.027378 -5.882105 9.861288 0.702591 -10.936872 -0.360576 7.156206 1e-06 8.774827 -1e-06 -16.166351 18.378048 6.402396 -1.844033 2.498504 -2.507278 -10.163603 4.678946 4.621107 -20.97603 -4e-06 0.0 -21.226292 2.451696 -3.594001 0.0 -5e-06 -1e-06 -1.362682 2.240799 -0.746324 -21.334915 0.584907 3.008322 -13.821215 -3e-06 1e-06 -23.887173 -0.249081 -0.839483 -59.964512 2.649538 -1.39222 -0.294025 1.679689 0.833255 -14.218211 0.093213 1.30058 -34.212051 -0.287566 0.967169 -20.033215 0.964535 1.212844 2e-06 0.0 1e-06 -3.44039 0.788233 0.501655 -15.928189 -3.16731 2.999706 -6.338828 -1e-06 0.0 -18.123451 3.648183 -4.905672 -4e-06 2e-06 -2e-06 -1.249143 11.147911 11.626536 31.222176 26.213139 -0.49671 178.312378 82.650093 178.675308 -29.472025 4.691001 9.87782 2.243543 -5.255039 -3.18016 14.2829 -0.826595 6.952506 -2e-06 -12.690604 -1e-06 15.421608 -18.186531 3.465918 1.665668 -1.955923 -2.878301 4.727801 -4.170585 4.993925 11.020534 4e-06 -1e-06 12.109058 -3.735719 -2.866784 0.0 1e-06 0.0 1.291987 -1.928551 -1.49809 14.800138 0.567467 3.86561 14.24258 -1.341738 -6.660663 19.631981 0.143926 -0.648246 49.70916 -0.92043 -6.127048 0.35303 -1.511153 -0.031939 20.222803 3.684311 2.316631 18.787287 6e-06 -3e-06 10.751635 -0.479868 1.397907 -0.0 -1e-06 1e-06 3.273808 0.305947 -0.580112 21.486828 11.830379 2.266134 8.162933 2e-06 -2e-06 18.399092 -3.798985 -4.940578 3e-06 1e-06 -2e-06 -6.034524 10.61822 0.050069 0.04357 0.844153 3.853431 5.306689 -16.036539 -6.182129 1.647488 -1.765456 -1.867613 0.0 -0.0 2e-06 7.844532 -8.942551 -5.066365 0.049426 -0.581212 2.08487 -3.466834 -13.301003 1.368803 -1.418691 1.09427 -1.789402 -0.0 1e-06 -1e-06
0.0 0.0 0.0 0.0 -0.0 0.0 97.268982 100.029793 112.842384 -113.115654 88.581833 -113.997147 3.058342 0.862778 2.874259 0.233394 2.717521 -4.012632 -1.64972 1.022554 10.075988 0.199833 3.010217 -4.734752 -0.454572 -1.49926 -3.572836 0.225041 -1.409852 -19.489927 7.7e-05 -2.2e-05 5e-06 -0.066969 -0.184272 0.118136 0.574208 -3.918959 -10.472817 -0.709443 3.557444 -10.403152 -6.999743 0.626492 10.678286 -69.958046 6.50581 5.832525 0.38243 -46.17873 -0.029645 21.105553 1.545279 -11.810493 -5.882108 9.861287 0.70259 -10.936872 -0.360575 7.156204 -0.0 8.774828 -0.0 -16.183962 18.405674 6.338217 -1.844032 2.498505 -2.507277 -10.163601 4.678946 4.621108 -20.976027 -3e-06 0.0 -21.226288 2.451697 -3.594001 1e-06 -5e-06 -1e-06 -1.362681 2.240799 -0.746323 -21.334915 0.58491 3.00832 -13.821217 -2e-06 0.0 -23.887178 -0.249082 -0.839486 -59.817028 2.677119 -1.445394 -0.294026 1.679688 0.833257 -14.218212 0.093215 1.30058 -34.212063 -0.287564 0.967167 -20.033216 0.964536 1.212841 3e-06 0.0 1e-06 -3.440388 0.788234 0.501655 -15.928187 -3.16731 2.999705 -6.338827 -1e-06 0.0 -18.123447 3.648183 -4.905673 -4e-06 0.0 -2e-06 0.217639 10.606935 12.406301 35.10149 23.289118 5.301441 178.24379 82.401672 179.043045 -29.873447 6.13561 11.701997 2.243543 -5.255038 -3.180158 14.282889 -0.826597 6.952504 0.0 -12.690603 1e-06 15.651415 -18.154779 3.424902 1.665666 -1.95592 -2.878298 4.7278 -4.170587 4.993925 11.020528 3e-06 -1e-06 12.109053 -3.73572 -2.866786 0.0 -0.0 0.0 1.291984 -1.928549 -1.498091 14.800129 0.567466 3.865609 14.242571 -1.34174 -6.660659 19.631966 0.143919 -0.648245 49.884403 -0.976306 -6.193474 0.353029 -1.511152 -0.031941 20.222788 3.684309 2.31663 18.78727 2e-06 -1e-06 10.751626 -0.479871 1.397909 -0.0 0.0 1e-06 3.273807 0.305945 -0.580111 21.486813 11.830371 2.266135 8.162928 -0.0 0.0 18.399088 -3.798987 -4.940577 2e-06 0.0 -1e-06 -6.093026 10.890448 0.06535 0.040294 0.845401 3.727771 5.232944 -16.135601 -6.141931 1.648637 -1.766774 -1.858549 0.0 -0.0 2e-06 7.773798 -9.010735 -5.114666 0.053575 -0.573855 2.120609 -3.287267 -13.274882 1.273346 -1.413894 1.098343 -1.765875 0.0 0.0 -1e-06
0.0 0.0 0.0 0.0 -0.0 0.0 97.265053 100.051628 112.896767 -114.689003 88.602539 -115.574043 3.02406 0.814223 2.906355 0.211841 2.562073 -3.989251 -1.552595 0.892328 10.080246 -0.002657 3.054359 -4.91398 -0.385371 -1.28568 -3.581319 0.396702 -1.165157 -19.11595 7.7e-05 -2.3e-05 6e-06 -0.071819 -0.197301 0.118274 0.580843 -3.933038 -10.478228 -0.725587 3.54517 -10.41102 -6.80223 0.450814 10.691628 -70.227592 5.824421 6.885801 0.513067 -45.549866 -0.197157 21.346525 1.501352 -11.698853 -5.882103 9.861284 0.70259 -10.936866 -0.360575 7.156205 0.0 8.774824 -1e-06 -16.225073 18.426632 6.271086 -1.844031 2.498505 -2.507277 -10.163596 4.678943 4.621108 -20.976017 -3e-06 2e-06 -21.226278 2.451698 -3.593999 1e-06 -5e-06 -0.0 -1.36268 2.240797 -0.746323 -21.334906 0.584908 3.008324 -13.821207 -3e-06 3e-06 -23.887159 -0.249078 -0.839481 -59.70216 2.701654 -1.484248 -0.294025 1.679687 0.833255 -14.218204 0.093214 1.300581 -34.212036 -0.287565 0.967173 -20.033207 0.964538 1.212844 2e-06 0.0 0.0 -3.440387 0.788233 0.501656 -15.928181 -3.167309 2.999708 -6.338824 -1e-06 1e-06 -18.12344 3.648183 -4.905669 -3e-06 0.0 -2e-06 1.629707 10.102691 13.20901 38.613995 20.558096 9.849351 175.473495 83.26239 176.454254 -30.461275 7.783117 13.042295 2.243541 -5.255036 -3.180159 14.282891 -0.826596 6.952502 -1e-06 -12.690605 0.0 15.918342 -18.154135 3.36446 1.665666 -1.955921 -2.878298 4.7278 -4.170586 4.993923 11.020526 4e-06 -2e-06 12.109053 -3.735717 -2.866783 1e-06 -0.0 0.0 1.291986 -1.92855 -1.498088 14.800129 0.567467 3.865607 14.242574 -1.341738 -6.66066 19.631969 0.143925 -0.648247 50.035656 -1.035703 -6.255449 0.353029 -1.511151 -0.031941 20.222794 3.68431 2.316629 18.787275 5e-06 -4e-06 10.751627 -0.479867 1.397906 0.0 -1e-06 -0.0 3.273807 0.305948 -0.580112 21.486813 11.830374 2.26613 8.162928 0.0 -3e-06 18.399084 -3.798984 -4.940577 3e-06 1e-06 -2e-06 -6.214481 11.050355 0.063209 0.03499 0.847545 3.521719 5.212896 -16.19792 -6.006407 1.650755 -1.762829 -1.878239 0.0 -0.0 2e-06 7.721694 -9.024467 -5.148338 0.050357 -0.579198 2.135655 -3.111037 -13.288639 1.15615 -1.409488 1.09771 -1.787474 -0.0 1e-06 -1e-06
0.0 0.0 0.0 0.0 -0.0 0.0 97.30246 100.069939 112.953461 -115.91301 88.627983 -116.823448 2.985748 0.77342 2.920662 0.18798 2.386648 -3.968741 -1.453842 0.763514 10.152225 -0.15713 3.106334 -5.092642 -0.304775 -1.054905 -3.595164 0.536851 -0.909016 -18.77202 7.7e-05 -2.2e-05 6e-06 -0.075593 -0.207328 0.119697 0.586845 -3.942177 -10.47348 -0.73896 3.533875 -10.409654 -6.634739 0.262135 10.803017 -70.501976 4.995101 7.954352 0.702919 -44.781654 -0.360299 21.581938 1.487407 -11.860694 -5.882109 9.861293 0.702593 -10.936879 -0.360574 7.156209 0.0 8.774831 0.0 -16.303665 18.426748 6.204998 -1.844034 2.498507 -2.507279 -10.163605 4.678947 4.621111 -20.976036 -3e-06 2e-06 -21.226301 2.451698 -3.594002 1e-06 -6e-06 -1e-06 -1.362684 2.240799 -0.746323 -21.334929 0.584912 3.008324 -13.821221 -2e-06 2e-06 -23.887184 -0.249078 -0.839485 -59.680801 2.714669 -1.493419 -0.294024 1.679688 0.833257 -14.218217 0.093214 1.300581 -34.21207 -0.287562 0.967171 -20.033226 0.964539 1.212843 2e-06 1e-06 0.0 -3.440391 0.788233 0.501656 -15.9282 -3.16731 2.999708 -6.338831 -2e-06 1e-06 -18.123459 3.648187 -4.905674 -3e-06 1e-06 -2e-06 2.980606 9.672798 14.015797 41.920147 18.025846 13.294695 169.676743 84.94178 170.49678 -31.172092 9.51045 14.053409 2.243543 -5.25504 -3.18016 14.282896 -0.826595 6.952507 -0.0 -12.690607 -2e-06 16.189573 -18.201088 3.326113 1.665668 -1.955923 -2.8783 4.727799 -4.170588 4.993925 11.02053 3e-06 -3e-06 12.109058 -3.735717 -2.866786 -1e-06 0.0 0.0 1.291986 -1.92855 -1.498092 14.800132 0.567468 3.865608 14.242579 -1.341738 -6.660664 19.631973 0.143925 -0.648249 50.19035 -1.108768 -6.321559 0.35303 -1.511151 -0.031941 20.222797 3.684309 2.316629 18.787283 5e-06 -2e-06 10.751633 -0.47987 1.397907 2e-06 0.0 -0.0 3.273808 0.305946 -0.580112 21.486824 11.830379 2.266131 8.162933 -1e-06 -0.0 18.399094 -3.798988 -4.94058 4e-06 0.0 -2e-06 -6.339895 11.076722 0.07495 0.017164 0.849478 3.339568 5.193597 -16.164495 -5.867954 1.654835 -1.762795 -1.909029 -0.0 -0.0 2e-06 7.674727 -8.997972 -5.141243 0.045689 -0.593908 2.143711 -2.975749 -13.334113 1.035182 -1.407704 1.0971 -1.827616 0.0 0.0 -1e-06
0.0 0.0 0.0 0.0 -0.0 0.0 97.392982 100.072777 113.026283 -118.219139 88.649834 -119.201721 2.93603 0.748802 2.917415 0.157936 2.189424 -3.947099 -1.356861 0.641173 10.277158 -0.266375 3.151669 -5.233793 -0.213957 -0.839575 -3.603668 0.640844 -0.685821 -18.423157 7.7e-05 -2.3e-05 5e-06 -0.075218 -0.207864 0.123401 0.591249 -3.942064 -10.459493 -0.742546 3.532293 -10.400879 -6.512634 0.018842 10.949032 -70.722221 4.070009 9.013157 0.884332 -43.839134 -0.471763 21.70503 1.414561 -12.222615 -5.882111 9.861292 0.70259 -10.936879 -0.360574 7.156209 1e-06 8.774831 -1e-06 -16.386278 18.418678 6.141164 -1.844033 2.498506 -2.50728 -10.163605 4.678949 4.62111 -20.976038 -4e-06 0.0 -21.226303 2.451697 -3.594005 2e-06 -5e-06 -1e-06 -1.362684 2.240799 -0.746324 -21.334929 0.584911 3.008323 -13.821224 -2e-06 1e-06 -23.887184 -0.24908 -0.839486 -59.738781 2.713129 -1.479313 -0.294025 1.679688 0.833256 -14.218221 0.093216 1.30058 -34.212074 -0.287565 0.967167 -20.03323 0.964536 1.212842 1e-06 0.0 -0.0 -3.440391 0.788235 0.501656 -15.928196 -3.167311 2.999707 -6.338831 -0.0 1e-06 -18.123459 3.648184 -4.905675 -3e-06 0.0 -2e-06 4.290642 9.23522 14.800229 45.116142 15.653016 16.140064 155.357315 87.296364 155.841995 -31.906406 11.279216 14.769853 2.243543 -5.255039 -3.180158 14.2829 -0.826593 6.952502 -4e-06 -12.690607 -2e-06 16.447458 -18.309835 3.288536 1.665668 -1.955921 -2.878303 4.727802 -4.170588 4.993924 11.020535 3e-06 -1e-06 12.109059 -3.735717 -2.866785 0.0 2e-06 0.0 1.291986 -1.92855 -1.49809 14.800142 0.567471 3.86561 14.242584 -1.341733 -6.66066 19.631985 0.143926 -0.648243 50.356472 -1.177805 -6.391905 0.35303 -1.51115 -0.031937 20.222803 3.684314 2.316631 18.787287 7e-06 -2e-06 10.751634 -0.479867 1.397907 1e-06 -0.0 0.0 3.273811 0.305948 -0.580111 21.486832 11.830382 2.266133 8.162935 3e-06 -1e-06 18.399096 -3.798982 -4.940576 2e-06 1e-06 -2e-06 -6.426791 10.96454 0.164702 -0.004259 0.846942 3.209115 5.114746 -16.020123 -5.847394 1.66073 -1.761553 -1.957665 -0.0 -0.0 2e-06 7.621091 -8.924627 -5.063869 0.041214 -0.620028 2.137805 -2.898129 -13.426414 0.906504 -1.410188 1.111044 -1.872106 0.0 0.0 -1e-06
0.0 0.0 0.0 0.0 -0.0 0.0 97.525139 100.058891 113.128342 -122.016716 88.656082 -123.094131 2.878424 0.732998 2.891893 0.122092 2.005062 -3.935147 -1.275304 0.492838 10.435699 -0.315297 3.183564 -5.321985 -0.143684 -0.621569 -3.598451 0.716523 -0.583862 -18.060852 7.7e-05 -2.3e-05 6e-06 -0.066474 -0.188633 0.126447 0.603531 -3.926166 -10.450176 -0.737446 3.554588 -10.397163 -6.465077 -0.222227 11.068501 -70.871506 3.114796 9.967947 1.076915 -42.758007 -0.574349 21.628445 1.292468 -12.537634 -5.882102 9.861282 0.702591 -10.936865 -0.360575 7.156204 -0.0 8.774823 -1e-06 -16.418886 18.436871 6.102138 -1.844029 2.498503 -2.507278 -10.163594 4.678944 4.621109 -20.976011 -4e-06 3e-06 -21.226273 2.451697 -3.593999 2e-06 -6e-06 -1e-06 -1.362679 2.240798 -0.746323 -21.334904 0.584908 3.008325 -13.821205 -3e-06 3e-06 -23.887157 -0.249079 -0.83948 -59.763493 2.727298 -1.479662 -0.294024 1.679686 0.833255 -14.218199 0.093214 1.300581 -34.212029 -0.287564 0.967174 -20.033205 0.964538 1.212845 2e-06 0.0 0.0 -3.440386 0.788235 0.501657 -15.928179 -3.16731 2.999708 -6.338823 -1e-06 2e-06 -18.123438 3.648183 -4.905668 -3e-06 0.0 -2e-06 5.523014 8.732661 15.482294 48.12101 13.470835 18.550528 60.160664 88.615768 60.257542 -32.521027 13.128069 14.944331 2.243541 -5.255037 -3.180159 14.28289 -0.826593 6.952501 -2e-06 -12.690601 0.0 16.69117 -18.481663 3.215436 1.665665 -1.955922 -2.878299 4.727798 -4.170584 4.993925 11.020524 5e-06 -2e-06 12.109049 -3.735714 -2.866784 2e-06 -0.0 0.0 1.291986 -1.928549 -1.498088 14.800125 0.56747 3.865606 14.242568 -1.341737 -6.660656 19.631962 0.143926 -0.648243 50.552841 -1.237279 -6.494544 0.353029 -1.511149 -0.03194 20.222786 3.684311 2.316631 18.78727 5e-06 -0.0 10.751625 -0.479868 1.397906 0.0 -1e-06 1e-06 3.273806 0.305947 -0.580111 21.486809 11.830372 2.266134 8.162926 3e-06 -0.0 18.39908 -3.798982 -4.940573 2e-06 1e-06 -1e-06 -6.441734 10.718358 0.337122 -0.027538 0.832973 3.119804 5.005764 -15.722645 -5.941878 1.671792 -1.757382 -1.972222 0.0 -0.0 2e-06 7.564239 -8.823895 -4.948725 0.038646 -0.648531 2.111581 -2.847013 -13.558635 0.819405 -1.415426 1.132793 -1.899139 0.0 0.0 -1e-06
0.0 0.0 0.0 0.0 -0.0 0.0 97.66568 100.036491 113.245949 -127.702255 88.619873 -128.899628 2.81039 0.705344 2.837422 0.083777 1.877842 -3.940716 -1.206328 0.33919 10.639854 -0.317922 3.189632 -5.424122 -0.108432 -0.392873 -3.564021 0.750507 -0.613472 -17.721897 7.7e-05 -2.3e-05 6e-06 -0.060621 -0.173693 0.123846 0.617631 -3.915421 -10.45031 -0.73996 3.574102 -10.3993 -6.528021 -0.395252 11.15436 -70.930359 2.215148 10.886806 1.435885 -41.749187 -0.72638 21.431231 1.30545 -12.762073 -5.882107 9.861289 0.702591 -10.936873 -0.360576 7.156207 1e-06 8.774827 -1e-06 -16.437735 18.526604 6.094105 -1.844034 2.498505 -2.507279 -10.163603 4.678946 4.62111 -20.97603 -4e-06 3e-06 -21.226294 2.451697 -3.594 0.0 -6e-06 -1e-06 -1.362682 2.240799 -0.746324 -21.334921 0.584909 3.008324 -13.821217 -4e-06 2e-06 -23.887178 -0.249076 -0.839484 -59.797398 2.791834 -1.498797 -0.294027 1.679687 0.833256 -14.218214 0.093214 1.300581 -34.212059 -0.287564 0.967172 -20.033218 0.964536 1.212844 2e-06 0.0 -0.0 -3.440388 0.788233 0.501656 -15.928191 -3.167311 2.999709 -6.338828 -2e-06 1e-06 -18.123447 3.648185 -4.905671 -3e-06 1e-06 -1e-06 6.622912 8.180943 16.148201 50.695465 11.674007 20.41585 15.595023 85.596779 15.382887 -33.10133 14.88962 14.535175 2.243544 -5.255042 -3.180161 14.282904 -0.826596 6.952511 -3e-06 -12.690616 1e-06 16.929386 -18.716398 3.118126 1.665667 -1.955924 -2.878304 4.727802 -4.170592 4.993933 11.020538 2e-06 -3e-06 12.109066 -3.735719 -2.866788 0.0 -0.0 0.0 1.291987 -1.928551 -1.498092 14.80014 0.567467 3.865612 14.242585 -1.341738 -6.660665 19.631985 0.143925 -0.648248 50.844074 -1.347503 -6.591233 0.353029 -1.511153 -0.031941 20.222809 3.684314 2.316632 18.787289 5e-06 -3e-06 10.751639 -0.47987 1.397907 0.0 1e-06 0.0 3.27381 0.305947 -0.58011 21.486834 11.830383 2.266135 8.162935 3e-06 -1e-06 18.399099 -3.798988 -4.940579 3e-06 1e-06 -2e-06 -6.396016 10.394311 0.608753 -0.05279 0.808922 3.01548 4.970283 -15.317353 -6.12393 1.69176 -1.740599 -1.903828 -0.0 -0.0 2e-06 7.504982 -8.686891 -4.778941 0.04248 -0.667411 2.042152 -2.902452 -13.729257 0.813697 -1.422075 1.156664 -1.871133 0.0 0.0 -1e-06
0.0 0.0 0.0 0.0 -0.0 0.0 97.809937 100.003799 113.341248 -135.027206 88.515495 -136.383911 2.743958 0.639253 2.778994 0.04852 1.790636 -3.948547 -1.170549 0.174816 10.847784 -0.343822 3.124165 -5.498259 -0.040621 -0.083406 -3.523716 0.736853 -0.743403 -17.361912 7.7e-05 -2.3e-05 6e-06 -0.054854 -0.147396 0.113777 0.632178 -3.892663 -10.450562 -0.743087 3.605177 -10.396882 -6.6818 -0.494171 11.208766 -70.879623 1.4448 11.726745 1.853618 -40.975117 -0.873144 21.339466 1.562698 -12.758418 -5.882107 9.861282 0.702588 -10.936871 -0.360575 7.156205 1e-06 8.774822 -2e-06 -16.480129 18.652012 6.101928 -1.844033 2.498505 -2.507278 -10.163601 4.678943 4.621108 -20.976023 -4e-06 0.0 -21.226288 2.451693 -3.594 0.0 -5e-06 -1e-06 -1.362681 2.240797 -0.746324 -21.334913 0.584908 3.008322 -13.821214 -3e-06 1e-06 -23.887171 -0.24908 -0.839484 -59.873657 2.932779 -1.516455 -0.294024 1.679687 0.833255 -14.218208 0.093215 1.30058 -34.212051 -0.287565 0.967168 -20.033215 0.964535 1.212844 2e-06 0.0 -1e-06 -3.440389 0.788233 0.501655 -15.928185 -3.167309 2.999707 -6.338826 -1e-06 1e-06 -18.123444 3.64818 -4.90567 -4e-06 1e-06 -2e-06 7.610351 7.636138 16.723909 52.853172 10.166369 22.020874 7.50973 81.787834 7.201108 -33.736416 16.271667 13.559543 2.243541 -5.255035 -3.180159 14.282885 -0.826595 6.952498 -1e-06 -12.6906 0.0 17.240976 -18.965405 2.937001 1.665666 -1.955922 -2.878298 4.727798 -4.170586 4.993924 11.020523 1e-06 0.0 12.109048 -3.735716 -2.866784 -0.0 1e-06 -2e-06 1.291986 -1.928549 -1.498088 14.800122 0.567467 3.865608 14.242568 -1.341736 -6.660656 19.631958 0.143923 -0.648243 51.140404 -1.547797 -6.69387 0.353029 -1.51115 -0.03194 20.222784 3.684306 2.316631 18.78727 5e-06 -2e-06 10.751626 -0.479868 1.397905 -0.0 1e-06 -1e-06 3.273806 0.305947 -0.58011 21.486805 11.830368 2.266133 8.162924 1e-06 0.0 18.399076 -3.798985 -4.940573 2e-06 -0.0 0.0 -6.307833 9.9791 0.953709 -0.078438 0.787729 2.962549 5.066094 -14.864971 -6.321001 1.71627 -1.719463 -1.808844 0.0 -0.0 2e-06 7.443484 -8.551682 -4.540415 0.054462 -0.700401 1.98073 -3.066041 -13.96349 0.873067 -1.425251 1.167516 -1.880749 0.0 0.0 -1e-06
