HIERARCHY
ROOT Root
{
  OFFSET 0.0 0.0 0.0
  CHANNELS 6 Xposition Yposition Zposition Zrotation Yrotation Xrotation
  JOINT Hips
  {
    OFFSET 0.0 100.0 0.0
    CHANNELS 6 Xposition Yposition Zposition Zrotation Yrotation Xrotation
    JOINT Spine1
    {
      OFFSET -0.013727 5.003763 -0.053727
      CHANNELS 3 Zrotation Yrotation Xrotation
      JOINT Spine2
      {
        OFFSET -0.0 7.125301 -0.029825
        CHANNELS 3 Zrotation Yrotation Xrotation
        JOINT Chest
        {
          OFFSET -1e-06 7.550063 -0.815971
          CHANNELS 3 Zrotation Yrotation Xrotation
          JOINT Neck1
          {
            OFFSET -0.181677 26.311295 -0.553348
            CHANNELS 3 Zrotation Yrotation Xrotation
            JOINT Neck2
            {
              OFFSET -3e-06 7.709397 2.302585
              CHANNELS 3 Zrotation Yrotation Xrotation
              JOINT Head
              {
                OFFSET -5e-06 6.128916 1.953709
                CHANNELS 3 Zrotation Yrotation Xrotation
                JOINT HeadEnd
                {
                  OFFSET 0.003598 16.065403 -1.835379
                  CHANNELS 3 Zrotation Yrotation Xrotation
                }
                JOINT Jaw
                {
                  OFFSET 0.002637 0.475592 3.094941
                  CHANNELS 3 Zrotation Yrotation Xrotation
                }
                JOINT LeftEye
                {
                  OFFSET 3.206381 5.380205 7.586883
                  CHANNELS 3 Zrotation Yrotation Xrotation
                }
                JOINT RightEye
                {
                  OFFSET -3.22244 5.361869 7.558234
                  CHANNELS 3 Zrotation Yrotation Xrotation
                }
              }
            }
          }
          JOINT LeftShoulder
          {
            OFFSET 1.621652 23.237164 5.113413
            CHANNELS 3 Zrotation Yrotation Xrotation
            JOINT LeftArm
            {
              OFFSET 14.919846 2e-06 -5.502326
              CHANNELS 3 Zrotation Yrotation Xrotation
              JOINT LeftForeArm
              {
                OFFSET 28.739307 0.0 -0.002588
                CHANNELS 3 Zrotation Yrotation Xrotation
                JOINT LeftHand
                {
                  OFFSET 27.093981 -1e-06 0.002609
                  CHANNELS 3 Zrotation Yrotation Xrotation
                  JOINT LeftHandThumb1
                  {
                    OFFSET 2.276482 -1.392045 3.191413
                    CHANNELS 3 Zrotation Yrotation Xrotation
                    JOINT LeftHandThumb2
                    {
                      OFFSET 4.012836 -1.828127 1.641654
                      CHANNELS 3 Zrotation Yrotation Xrotation
                      JOINT LeftHandThumb3
                      {
                        OFFSET 2.798515 0.0 -3e-06
                        CHANNELS 3 Zrotation Yrotation Xrotation
                        JOINT LeftHandThumbEnd
                        {
                          OFFSET 3.180793 -4e-06 4e-06
                          CHANNELS 3 Zrotation Yrotation Xrotation
                        }
                      }
                    }
                  }
                  JOINT LeftHandIndex1
                  {
                    OFFSET 3.247555 -0.531998 2.296169
                    CHANNELS 3 Zrotation Yrotation Xrotation
                    JOINT LeftHandIndex2
                    {
                      OFFSET 6.364578 0.01206 0.1786
                      CHANNELS 3 Zrotation Yrotation Xrotation
                      JOINT LeftHandIndex3
                      {
                        OFFSET 3.662364 0.0 0.0
                        CHANNELS 3 Zrotation Yrotation Xrotation
                        JOINT LeftHandIndex4
                        {
                          OFFSET 2.329242 4e-06 4e-06
                          CHANNELS 3 Zrotation Yrotation Xrotation
                          JOINT LeftHandIndexEnd
                          {
                            OFFSET 2.759615 -0.180537 -0.113024
                            CHANNELS 3 Zrotation Yrotation Xrotation
                          }
                        }
                      }
                    }
                  }
                  JOINT LeftHandMiddle1
                  {
                    OFFSET 3.163495 0.240981 1.000332
                    CHANNELS 3 Zrotation Yrotation Xrotation
                    JOINT LeftHandMiddle2
                    {
                      OFFSET 6.19078 -0.259278 -1.002548
                      CHANNELS 3 Zrotation Yrotation Xrotation
                      JOINT LeftHandMiddle3
                      {
                        OFFSET 4.35652 -4e-06 -1e-06
                        CHANNELS 3 Zrotation Yrotation Xrotation
                        JOINT LeftHandMiddle4
                        {
                          OFFSET 2.996877 -8e-06 0.0
                          CHANNELS 3 Zrotation Yrotation Xrotation
                          JOINT LeftHandMiddleEnd
                          {
                            OFFSET 2.304287 -0.294569 -0.031741
                            CHANNELS 3 Zrotation Yrotation Xrotation
                          }
                        }
                      }
                    }
                  }
                  JOINT LeftHandRing1
                  {
                    OFFSET 2.882643 -0.053652 -0.322543
                    CHANNELS 3 Zrotation Yrotation Xrotation
                    JOINT LeftHandRing2
                    {
                      OFFSET 5.854541 -0.486202 -1.373841
                      CHANNELS 3 Zrotation Yrotation Xrotation
                      JOINT LeftHandRing3
                      {
                        OFFSET 4.350578 0.0 3e-06
                        CHANNELS 3 Zrotation Yrotation Xrotation
                        JOINT LeftHandRing4
                        {
                          OFFSET 2.651321 7e-06 2e-06
                          CHANNELS 3 Zrotation Yrotation Xrotation
                          JOINT LeftHandRingEnd
                          {
                            OFFSET 1.936105 0.077687 -7.1e-05
                            CHANNELS 3 Zrotation Yrotation Xrotation
                          }
                        }
                      }
                    }
                  }
                  JOINT LeftHandPinky1
                  {
                    OFFSET 2.8655 -0.310005 -1.600378
                    CHANNELS 3 Zrotation Yrotation Xrotation
                    JOINT LeftHandPinky2
                    {
                      OFFSET 5.087849 -1.331141 -1.77123
                      CHANNELS 3 Zrotation Yrotation Xrotation
                      JOINT LeftHandPinky3
                      {
                        OFFSET 3.070974 4e-06 0.0
                        CHANNELS 3 Zrotation Yrotation Xrotation
                        JOINT LeftHandPinky4
                        {
                          OFFSET 1.549672 0.0 1e-06
                          CHANNELS 3 Zrotation Yrotation Xrotation
                          JOINT LeftHandPinkyEnd
                          {
                            OFFSET 1.944893 -0.157802 0.057219
                            CHANNELS 3 Zrotation Yrotation Xrotation
                          }
                        }
                      }
                    }
                  }
                }
              }
            }
          }
          JOINT RightShoulder
          {
            OFFSET -1.380118 23.180309 5.214158
            CHANNELS 3 Zrotation Yrotation Xrotation
            JOINT RightArm
            {
              OFFSET -15.037196 1.2e-05 -5.545604
              CHANNELS 3 Zrotation Yrotation Xrotation
              JOINT RightForeArm
              {
                OFFSET -28.736639 2e-06 -0.002597
                CHANNELS 3 Zrotation Yrotation Xrotation
                JOINT RightHand
                {
                  OFFSET -27.133619 -0.0 0.002613
                  CHANNELS 3 Zrotation Yrotation Xrotation
                  JOINT RightHandThumb1
                  {
                    OFFSET -2.274032 -1.383988 3.163127
                    CHANNELS 3 Zrotation Yrotation Xrotation
                    JOINT RightHandThumb2
                    {
                      OFFSET -4.011429 -1.827466 1.640914
                      CHANNELS 3 Zrotation Yrotation Xrotation
                      JOINT RightHandThumb3
                      {
                        OFFSET -2.794935 -4e-06 -3e-06
                        CHANNELS 3 Zrotation Yrotation Xrotation
                        JOINT RightHandThumbEnd
                        {
                          OFFSET -3.183852 4e-06 1e-06
                          CHANNELS 3 Zrotation Yrotation Xrotation
                        }
                      }
                    }
                  }
                  JOINT RightHandIndex1
                  {
                    OFFSET -3.253266 -0.520057 2.282866
                    CHANNELS 3 Zrotation Yrotation Xrotation
                    JOINT RightHandIndex2
                    {
                      OFFSET -6.341917 0.012471 0.178266
                      CHANNELS 3 Zrotation Yrotation Xrotation
                      JOINT RightHandIndex3
                      {
                        OFFSET -3.654871 -8e-06 -0.0
                        CHANNELS 3 Zrotation Yrotation Xrotation
                        JOINT RightHandIndex4
                        {
                          OFFSET -2.327586 0.0 1e-06
                          CHANNELS 3 Zrotation Yrotation Xrotation
                          JOINT RightHandIndexEnd
                          {
                            OFFSET -2.76179 -0.180656 -0.113078
                            CHANNELS 3 Zrotation Yrotation Xrotation
                          }
                        }
                      }
                    }
                  }
                  JOINT RightHandMiddle1
                  {
                    OFFSET -3.168106 0.246593 1.00103
                    CHANNELS 3 Zrotation Yrotation Xrotation
                    JOINT RightHandMiddle2
                    {
                      OFFSET -6.180828 -0.258836 -1.000895
                      CHANNELS 3 Zrotation Yrotation Xrotation
                      JOINT RightHandMiddle3
                      {
                        OFFSET -4.348901 0.0 -0.0
                        CHANNELS 3 Zrotation Yrotation Xrotation
                        JOINT RightHandMiddle4
                        {
                          OFFSET -3.00024 -4e-06 -2e-06
                          CHANNELS 3 Zrotation Yrotation Xrotation
                          JOINT RightHandMiddleEnd
                          {
                            OFFSET -2.30252 -0.29437 -0.031706
                            CHANNELS 3 Zrotation Yrotation Xrotation
                          }
                        }
                      }
                    }
                  }
                  JOINT RightHandRing1
                  {
                    OFFSET -2.88569 -0.067952 -0.308858
                    CHANNELS 3 Zrotation Yrotation Xrotation
                    JOINT RightHandRing2
                    {
                      OFFSET -5.854198 -0.48613 -1.373731
                      CHANNELS 3 Zrotation Yrotation Xrotation
                      JOINT RightHandRing3
                      {
                        OFFSET -4.33881 -4e-06 -0.0
                        CHANNELS 3 Zrotation Yrotation Xrotation
                        JOINT RightHandRing4
                        {
                          OFFSET -2.654903 -4e-06 4e-06
                          CHANNELS 3 Zrotation Yrotation Xrotation
                          JOINT RightHandRingEnd
                          {
                            OFFSET -1.933568 0.077527 -5.2e-05
                            CHANNELS 3 Zrotation Yrotation Xrotation
                          }
                        }
                      }
                    }
                  }
                  JOINT RightHandPinky1
                  {
                    OFFSET -2.866425 -0.342796 -1.584145
                    CHANNELS 3 Zrotation Yrotation Xrotation
                    JOINT RightHandPinky2
                    {
                      OFFSET -5.091371 -1.332055 -1.772385
                      CHANNELS 3 Zrotation Yrotation Xrotation
                      JOINT RightHandPinky3
                      {
                        OFFSET -3.062664 -4e-06 1e-06
                        CHANNELS 3 Zrotation Yrotation Xrotation
                        JOINT RightHandPinky4
                        {
                          OFFSET -1.546529 4e-06 -2e-06
                          CHANNELS 3 Zrotation Yrotation Xrotation
                          JOINT RightHandPinkyEnd
                          {
                            OFFSET -1.945119 -0.157718 0.057211
                            CHANNELS 3 Zrotation Yrotation Xrotation
                          }
                        }
                      }
                    }
                  }
                }
              }
            }
          }
        }
      }
    }
    JOINT LeftLeg
    {
      OFFSET 10.043214 -8.434526 2.595655
      CHANNELS 3 Zrotation Yrotation Xrotation
      JOINT LeftShin
      {
        OFFSET -1e-06 -43.221752 -0.802913
        CHANNELS 3 Zrotation Yrotation Xrotation
        JOINT LeftFoot
        {
          OFFSET 1e-06 -42.155094 -3.481523
          CHANNELS 3 Zrotation Yrotation Xrotation
          JOINT LeftToeBase
          {
            OFFSET 0.0 -5.059472 13.231529
            CHANNELS 3 Zrotation Yrotation Xrotation
            JOINT LeftToeEnd
            {
              OFFSET -0.009607 -1.647619 6.513017
              CHANNELS 3 Zrotation Yrotation Xrotation
            }
          }
        }
      }
    }
    JOINT RightLeg
    {
      OFFSET -10.047278 -8.29526 2.620317
      CHANNELS 3 Zrotation Yrotation Xrotation
      JOINT RightShin
      {
        OFFSET 1e-06 -43.362206 -0.805556
        CHANNELS 3 Zrotation Yrotation Xrotation
        JOINT RightFoot
        {
          OFFSET 2e-06 -42.117393 -3.478398
          CHANNELS 3 Zrotation Yrotation Xrotation
          JOINT RightToeBase
          {
            OFFSET -0.0 -5.079609 13.284196
            CHANNELS 3 Zrotation Yrotation Xrotation
            JOINT RightToeEnd
            {
              OFFSET 0.009532 -1.634378 6.460591
              CHANNELS 3 Zrotation Yrotation Xrotation
            }
          }
        }
      }
    }
  }
}
MOTION
Frames: 180
Frame Time: 0.03333333333333333
0.0 0.0 0.0 0.0 -0.0 0.0 11.74358 68.437065 7.678709 -6.974347 18.215801 -7.109632 2.831111 4.493508 8.31645 0.498607 5.649522 -1.785769 0.281273 7.229291 17.145185 -1.952278 3.294266 21.045406 0.255269 9.977132 -3.8418 -6.133324 9.813745 -11.677677 7.7e-05 -2.2e-05 5e-06 -0.099134 0.192023 -0.06733 0.645187 -3.585752 -10.94245 -0.880244 4.007841 -11.098347 12.72272 5.566708 24.53964 -78.761108 26.217955 -12.062696 -179.595535 -43.472717 179.50386 15.71749 -16.422871 0.683215 -5.88211 9.861292 0.70259 -10.936877 -0.360577 7.156211 0.0 8.774831 -3e-06 -15.92974 18.32415 6.279267 -1.844035 2.498508 -2.507281 -10.163604 4.678947 4.621113 -20.976038 -4e-06 2e-06 -21.226301 2.451697 -3.594003 -0.0 -6e-06 -0.0 -1.362683 2.240801 -0.746325 -21.33493 0.584907 3.008327 -13.821223 -2e-06 3e-06 -23.887184 -0.249079 -0.839481 -59.489079 1.871549 -2.000419 -0.294024 1.679688 0.833256 -14.21822 0.093212 1.30058 -34.212074 -0.287565 0.96717 -20.033228 0.964538 1.212844 1e-06 -1e-06 2e-06 -3.440389 0.788233 0.501655 -15.928201 -3.167312 2.999711 -6.338831 -2e-06 2e-06 -18.123459 3.648184 -4.905674 -4e-06 -0.0 -2e-06 -15.000634 10.946606 21.281315 80.283531 -23.810484 3.113909 -8.346017 75.110138 -5.202537 -19.76442 -11.736047 19.747984 2.243545 -5.255039 -3.180159 14.282902 -0.826596 6.952507 -4e-06 -12.690612 1e-06 16.632496 -16.347656 3.12555 1.665668 -1.955923 -2.878301 4.727804 -4.170592 4.993926 11.020536 5e-06 1e-06 12.10906 -3.735718 -2.866786 0.0 1e-06 2e-06 1.291986 -1.92855 -1.49809 14.800138 0.567469 3.865609 14.242582 -1.341736 -6.660662 19.631979 0.143929 -0.648245 49.923084 -1.096702 -5.942805 0.353028 -1.511152 -0.03194 20.222805 3.684314 2.316632 18.787287 5e-06 -1e-06 10.751636 -0.479868 1.397907 0.0 1e-06 0.0 3.27381 0.305948 -0.580111 21.486834 11.830385 2.266135 8.162934 2e-06 0.0 18.399099 -3.798987 -4.94058 3e-06 -0.0 -2e-06 10.284642 22.796774 -70.516487 0.371875 -0.200235 96.68306 -5.319488 21.682198 -7.053673 1.585687 -2.038851 1.436667 0.0 -0.0 3e-06 -19.564987 20.065065 16.236025 -0.130518 4.559398 71.488022 37.456577 27.274849 27.400818 -1.461405 0.883181 -2.090444 -1e-06 0.0 -1e-06
0.0 0.0 0.0 0.0 -0.0 0.0 13.922349 68.236908 10.75432 -7.316095 35.90221 -6.213478 2.315943 3.490326 8.753485 0.502498 4.11572 -1.709946 -0.13156 5.878449 19.351507 3.636033 0.705753 19.13541 -0.930067 7.504883 -4.220768 -6.113068 6.880643 -14.171773 7.8e-05 -2.2e-05 7e-06 -0.017479 0.004911 -0.03393 0.701087 -3.763733 -10.829209 -0.767011 3.796361 -10.902516 13.202295 -1.289426 23.648104 -80.356033 16.801746 -12.668922 -178.382111 -47.208778 179.817566 22.386841 -19.284155 -3.122127 -5.882108 9.861291 0.702592 -10.936875 -0.360574 7.156209 -1e-06 8.77483 -2e-06 -14.880697 18.162979 6.913712 -1.844032 2.498506 -2.50728 -10.163601 4.678948 4.621109 -20.976028 2e-06 1e-06 -21.226292 2.451701 -3.594003 0.0 -5e-06 -1e-06 -1.362681 2.240801 -0.746325 -21.334917 0.584912 3.008323 -13.821215 1e-06 2e-06 -23.887175 -0.249076 -0.839485 -59.615143 1.907926 -1.602776 -0.294025 1.679686 0.833255 -14.218211 0.093217 1.300582 -34.212055 -0.287556 0.967169 -20.033216 0.964538 1.212841 0.0 -0.0 1e-06 -3.44039 0.788233 0.501659 -15.928189 -3.167308 2.999709 -6.338825 1e-06 1e-06 -18.123453 3.648186 -4.905674 -4e-06 -1e-06 -2e-06 -13.537068 9.859773 20.681898 89.815811 -16.351585 5.840738 -2.324673 57.170486 -1.15238 -25.588287 -4.32351 9.236341 2.243542 -5.255039 -3.180157 14.282894 -0.826597 6.952506 -1e-06 -12.690609 1e-06 17.131254 -16.735819 2.196283 1.665667 -1.955923 -2.8783 4.727801 -4.17059 4.993925 11.020528 2e-06 0.0 12.109056 -3.735719 -2.866786 -1e-06 2e-06 2e-06 1.291986 -1.928551 -1.49809 14.800132 0.567465 3.865609 14.242577 -1.341739 -6.66066 19.631971 0.143924 -0.648247 49.378803 -0.702472 -6.187836 0.353029 -1.511152 -0.03194 20.222797 3.684309 2.316631 18.787279 1e-06 -2e-06 10.751629 -0.47987 1.397905 0.0 -0.0 0.0 3.273808 0.305946 -0.580111 21.486816 11.830376 2.266134 8.16293 -0.0 -0.0 18.399088 -3.798991 -4.940577 2e-06 0.0 -1e-06 4.13507 9.868345 -74.630234 0.465418 -0.142055 97.801224 -3.477661 19.304489 -9.092163 1.610045 -2.178105 1.624553 0.0 -0.0 2e-06 -13.519747 11.603606 17.14105 -0.009671 3.586859 82.003906 37.194126 30.094439 26.807457 -1.342246 0.946812 -1.370752 0.0 -0.0 0.0
0.0 0.0 0.0 0.0 -0.0 0.0 16.548655 67.643082 12.696711 -5.654541 38.911827 -5.314595 2.193928 3.302422 10.801292 0.421121 4.414493 -0.919608 -0.624077 6.847967 21.4641 3.08301 2.019601 17.26012 -1.061751 6.686819 -4.045625 -6.210808 6.441293 -16.772161 7.8e-05 -2.1e-05 5e-06 0.005192 -0.036199 0.003009 0.70222 -3.773894 -10.527698 -0.721004 3.715941 -10.590325 12.636037 -2.250062 23.532227 -83.434174 13.035899 -13.49719 -178.574783 -46.614635 -179.88678 29.228842 -24.590385 -7.263824 -5.882106 9.861286 0.702589 -10.936872 -0.360575 7.156205 1e-06 8.774824 -1e-06 -14.226235 17.599283 6.836826 -1.844034 2.498503 -2.507278 -10.1636 4.678945 4.621109 -20.976023 -4e-06 1e-06 -21.226286 2.451693 -3.593999 0.0 -5e-06 -0.0 -1.362682 2.240797 -0.746323 -21.334917 0.584909 3.008324 -13.821213 -3e-06 2e-06 -23.887171 -0.24908 -0.839482 -58.471577 1.950591 -1.84032 -0.294025 1.679687 0.833256 -14.218212 0.093215 1.300581 -34.212051 -0.287564 0.967166 -20.033216 0.964537 1.212842 -0.0 0.0 1e-06 -3.440389 0.788233 0.501656 -15.928189 -3.16731 2.999707 -6.338826 -2e-06 0.0 -18.123447 3.64818 -4.90567 -5e-06 -0.0 -3e-06 -17.440849 14.508273 19.294437 92.21386 -9.060461 13.622953 -1.503118 52.677338 -0.5106 -24.828596 -3.486571 4.225728 2.24354 -5.255035 -3.180156 14.282884 -0.826594 6.9525 -2e-06 -12.690601 -0.0 17.173935 -16.532942 1.392577 1.665667 -1.95592 -2.878298 4.727796 -4.170586 4.993921 11.020522 3e-06 -0.0 12.109048 -3.735714 -2.866781 -0.0 1e-06 1e-06 1.291986 -1.928549 -1.498088 14.800123 0.567468 3.865607 14.242566 -1.341737 -6.660654 19.631958 0.143925 -0.648244 48.927414 -0.842157 -6.481579 0.353029 -1.51115 -0.03194 20.222786 3.684307 2.316631 18.78727 4e-06 -0.0 10.751627 -0.479869 1.397906 1e-06 -1e-06 -0.0 3.273804 0.305947 -0.58011 21.486803 11.830368 2.266133 8.162925 1e-06 -0.0 18.399076 -3.798985 -4.940573 3e-06 0.0 -1e-06 1.222664 7.608427 -73.371613 0.351339 -0.143125 100.188187 -4.270946 18.816801 -13.662926 1.647039 -2.058486 1.793903 0.0 -0.0 2e-06 -12.376052 16.008539 8.324855 0.337629 2.852717 97.819122 29.877064 30.836248 16.916187 -1.753796 0.843197 -1.816554 -0.0 0.0 -1e-06
0.0 0.0 0.0 0.0 -0.0 0.0 18.903198 67.327034 14.084317 -3.011309 38.515457 -4.555785 1.903433 3.39695 13.091083 0.379271 4.705421 -0.060748 -1.45408 7.691101 23.385778 1.401166 3.411757 16.152069 -1.125318 6.475284 -3.962504 -6.592216 6.430897 -18.778967 7.6e-05 -2.3e-05 4e-06 0.033496 -0.063278 0.008184 0.703892 -3.769797 -10.35076 -0.662962 3.65412 -10.415658 12.593211 -2.149819 23.170958 -86.838783 12.384462 -12.472932 -179.980484 -45.14954 -179.45607 35.761677 -30.497868 -14.466831 -5.882109 9.861292 0.702588 -10.936877 -0.360577 7.156209 -0.0 8.77483 -3e-06 -14.110244 17.101999 6.308584 -1.844033 2.498506 -2.507279 -10.163604 4.678946 4.621111 -20.976034 -3e-06 4e-06 -21.226297 2.451698 -3.594 1e-06 -6e-06 -1e-06 -1.362684 2.240798 -0.746324 -21.334929 0.584909 3.008325 -13.821218 -2e-06 2e-06 -23.887182 -0.249077 -0.839482 -57.756763 1.971442 -2.043809 -0.294024 1.679688 0.833255 -14.218217 0.093214 1.300583 -34.212067 -0.287563 0.967175 -20.033226 0.964538 1.212845 1e-06 -1e-06 0.0 -3.44039 0.788234 0.501656 -15.928192 -3.167312 2.99971 -6.338829 -1e-06 3e-06 -18.123457 3.648184 -4.905672 -4e-06 -0.0 -1e-06 -22.128742 18.287769 17.963306 87.904785 -3.650987 22.530939 -0.179227 57.211952 0.10923 -21.37648 -2.045272 4.167833 2.243542 -5.255038 -3.180158 14.282889 -0.826595 6.952502 -2e-06 -12.690609 1e-06 17.016317 -16.255428 1.328853 1.665666 -1.955922 -2.878299 4.727798 -4.170588 4.993924 11.020526 2e-06 -2e-06 12.10905 -3.735717 -2.866786 0.0 0.0 0.0 1.291986 -1.92855 -1.49809 14.800127 0.567467 3.865605 14.242571 -1.341737 -6.660661 19.631966 0.143927 -0.648247 49.098671 -1.220552 -6.525639 0.353029 -1.511151 -0.03194 20.222788 3.68431 2.316628 18.78727 4e-06 -3e-06 10.751625 -0.479869 1.397905 -1e-06 -1e-06 1e-06 3.273807 0.305947 -0.58011 21.486813 11.830378 2.266131 8.162926 1e-06 -1e-06 18.39908 -3.798986 -4.940577 3e-06 0.0 -1e-06 -1.536187 7.534545 -70.703285 0.213752 -0.149378 102.300743 -5.413869 20.00836 -16.304375 1.643691 -1.921823 1.490441 0.0 -0.0 1e-06 -14.314756 22.385162 -3.069448 0.648622 2.134825 113.405273 22.74225 25.179728 6.080887 -2.154588 0.805552 -2.741827 0.0 0.0 -2e-06
0.0 0.0 0.0 0.0 -0.0 0.0 21.036201 67.023399 15.618989 -0.769822 38.196266 -4.441504 1.692155 3.415347 15.231638 0.416645 4.711755 0.677092 -2.083589 8.071239 24.960976 -0.086619 4.310988 15.465871 -1.347943 6.181254 -3.982954 -7.04796 6.37551 -20.236963 7.7e-05 -2.3e-05 5e-06 0.076613 -0.105232 -1.7e-05 0.729746 -3.789553 -10.284433 -0.600622 3.588701 -10.361915 12.441428 -2.04825 22.928635 -88.459541 12.447039 -10.621193 179.67247 -44.856438 -179.608521 39.460373 -33.950413 -19.396156 -5.882112 9.861295 0.702593 -10.936881 -0.360573 7.15621 0.0 8.774833 1e-06 -14.310261 17.114321 5.809239 -1.844034 2.498506 -2.507279 -10.16361 4.67895 4.621112 -20.976038 0.0 4e-06 -21.226301 2.451703 -3.594002 0.0 -6e-06 -1e-06 -1.362683 2.240798 -0.746322 -21.334932 0.584914 3.008327 -13.821226 -1e-06 2e-06 -23.88719 -0.249074 -0.839484 -57.715401 2.098515 -2.049701 -0.294026 1.67969 0.833257 -14.218219 0.093217 1.300582 -34.212082 -0.28756 0.96717 -20.033232 0.96454 1.212844 0.0 -0.0 0.0 -3.440392 0.788234 0.501657 -15.928201 -3.167309 2.999709 -6.338832 1e-06 1e-06 -18.123463 3.648189 -4.905673 -5e-06 -0.0 -2e-06 -25.02783 20.20775 16.999939 81.433708 0.805535 26.514101 0.649419 63.823711 0.060205 -18.126646 -1.320012 6.076424 2.243542 -5.255038 -3.18016 14.282896 -0.826595 6.952507 -4e-06 -12.69061 1e-06 16.788191 -16.337622 1.861144 1.665667 -1.955922 -2.8783 4.727801 -4.170589 4.993927 11.020532 4e-06 -3e-06 12.109058 -3.735717 -2.866784 1e-06 -0.0 -1e-06 1.291986 -1.92855 -1.498091 14.800136 0.567468 3.865611 14.242579 -1.341736 -6.660661 19.631975 0.143926 -0.648246 50.254906 -1.294571 -6.227108 0.353029 -1.511151 -0.03194 20.222799 3.684311 2.316631 18.787283 4e-06 -2e-06 10.751633 -0.479869 1.397906 -2e-06 -1e-06 0.0 3.273808 0.305947 -0.58011 21.486824 11.830379 2.266133 8.162933 2e-06 -0.0 18.39909 -3.798988 -4.940576 3e-06 0.0 -2e-06 -3.716776 7.777798 -67.684998 0.204738 -0.099438 104.532227 -6.450329 20.891361 -17.703077 1.652133 -1.868471 0.572504 0.0 2e-06 3e-06 -16.944647 27.185841 -15.620605 0.734784 1.526343 127.649178 17.599293 18.457911 -3.434855 -2.446288 0.813907 -3.812962 -1e-06 -0.0 -1e-06
0.0 0.0 0.0 0.0 -0.0 0.0 22.780668 66.644241 17.24535 0.628492 38.24905 -4.971477 1.765915 3.329476 17.087366 0.470062 4.622266 1.291628 -2.416292 8.11071 26.110735 -1.335764 4.703839 14.799617 -1.385129 5.787385 -4.016789 -7.464583 6.447343 -21.731583 7.7e-05 -2.2e-05 7e-06 0.070111 -0.082278 -0.029564 0.708413 -3.761048 -10.317236 -0.590788 3.605057 -10.403285 12.317966 -2.20281 22.869614 -88.594551 12.000351 -8.677413 -179.777557 -45.557438 179.926575 41.143353 -35.303055 -21.625187 -5.88211 9.861293 0.70259 -10.936875 -0.360576 7.156209 -1e-06 8.774831 -2e-06 -14.55297 17.23052 5.571671 -1.844032 2.498507 -2.507279 -10.163605 4.678947 4.621113 -20.976034 -3e-06 4e-06 -21.226292 2.4517 -3.594002 -0.0 -6e-06 0.0 -1.362682 2.240801 -0.746323 -21.334927 0.584909 3.008326 -13.821221 -2e-06 2e-06 -23.887182 -0.249076 -0.839484 -57.984627 2.19541 -1.918677 -0.294024 1.679688 0.833256 -14.218217 0.093214 1.300583 -34.212067 -0.287562 0.967175 -20.033222 0.964539 1.212846 1e-06 -0.0 -1e-06 -3.44039 0.788234 0.501657 -15.928196 -3.167312 2.999711 -6.338829 -1e-06 2e-06 -18.123457 3.648186 -4.905672 -4e-06 -0.0 -2e-06 -26.676121 21.14876 16.116184 76.496902 4.631521 25.889162 -0.088227 68.461655 -1.231101 -16.146065 -0.910507 6.651822 2.243543 -5.255039 -3.180157 14.282902 -0.826596 6.952507 -4e-06 -12.690609 1e-06 16.520226 -16.567602 2.28858 1.665667 -1.955922 -2.8783 4.727803 -4.170589 4.993927 11.020536 3e-06 0.0 12.10906 -3.735716 -2.866783 0.0 0.0 -2e-06 1.291986 -1.92855 -1.498091 14.800139 0.567467 3.86561 14.242583 -1.341736 -6.660661 19.631983 0.143926 -0.648245 50.949184 -1.228296 -6.018591 0.353029 -1.511151 -0.031938 20.222805 3.684312 2.316632 18.787287 5e-06 1e-06 10.751636 -0.479868 1.397908 0.0 -0.0 1e-06 3.273809 0.305947 -0.580111 21.486828 11.83038 2.266135 8.162933 1e-06 -1e-06 18.399097 -3.798987 -4.940577 3e-06 0.0 -1e-06 -4.793812 8.205736 -64.605896 0.398614 0.01579 106.618736 -7.384959 21.116764 -18.938087 1.678572 -1.889225 -0.06219 0.0 1e-06 4e-06 -18.409035 28.665699 -27.680666 0.739249 1.344203 138.33194 14.683818 13.201021 -10.562493 -2.469284 0.883333 -4.011987 -0.0 0.0 -1e-06
0.0 0.0 0.0 0.0 -0.0 0.0 24.085485 66.2948 18.825191 1.341008 38.553295 -5.823303 1.98202 3.138963 18.622259 0.497603 4.60254 1.913551 -2.503795 7.876889 26.929108 -2.483195 4.908574 14.009523 -1.328522 5.487929 -4.057374 -7.949075 6.573179 -23.194757 7.8e-05 -2.3e-05 5e-06 0.039858 -0.015574 -0.065423 0.656095 -3.695218 -10.388739 -0.596636 3.669792 -10.463619 11.856393 -2.51095 22.641325 -87.528786 10.968901 -7.433278 -179.323639 -45.980148 179.659103 41.646046 -35.062351 -22.081442 -5.882113 9.861297 0.702592 -10.936883 -0.360574 7.156212 1e-06 8.774835 -1e-06 -14.787679 17.380686 5.575732 -1.844034 2.498507 -2.507279 -10.163611 4.678951 4.621113 -20.976048 -3e-06 3e-06 -21.226311 2.451702 -3.594004 1e-06 -6e-06 -0.0 -1.362683 2.2408 -0.746324 -21.334938 0.584912 3.008325 -13.821227 -2e-06 3e-06 -23.887196 -0.249078 -0.839484 -58.339405 2.270348 -1.694053 -0.294026 1.67969 0.833257 -14.218225 0.093215 1.300581 -34.212086 -0.287562 0.967173 -20.033236 0.964538 1.212844 0.0 -0.0 0.0 -3.440392 0.788233 0.501657 -15.928206 -3.167313 2.999711 -6.338834 -1e-06 0.0 -18.12347 3.648188 -4.905675 -5e-06 0.0 -3e-06 -27.777781 21.960567 15.062292 73.175896 8.566159 22.278948 -0.720363 71.298119 -2.317491 -14.57162 -0.565749 6.967574 2.243542 -5.255038 -3.180158 14.282896 -0.826595 6.952507 -3e-06 -12.69061 -1e-06 16.278427 -16.778877 2.511451 1.665667 -1.955924 -2.8783 4.727801 -4.17059 4.993925 11.020532 3e-06 -1e-06 12.109059 -3.735718 -2.866785 0.0 -0.0 1e-06 1.291986 -1.92855 -1.49809 14.800136 0.567469 3.865611 14.242577 -1.341737 -6.660661 19.631973 0.143924 -0.648243 50.951099 -1.0586 -5.968348 0.353029 -1.511152 -0.031938 20.222801 3.684312 2.316631 18.787283 7e-06 -1e-06 10.751634 -0.479869 1.397909 -2e-06 -0.0 -1e-06 3.273808 0.305947 -0.580113 21.486824 11.83038 2.266134 8.162933 0.0 1e-06 18.399096 -3.798985 -4.94058 3e-06 0.0 -1e-06 -4.965788 8.825552 -61.676472 0.632042 0.113014 108.276405 -8.223022 21.055361 -20.223524 1.704975 -1.934824 -0.166442 -0.0 1e-06 3e-06 -17.79719 26.287127 -38.940956 0.796165 1.21347 144.909149 12.480254 8.106864 -16.945478 -2.217081 1.012347 -3.50059 1e-06 0.0 -1e-06
0.0 0.0 0.0 0.0 -0.0 0.0 25.106964 66.088547 20.408733 1.508679 39.010696 -6.710661 2.214773 2.903419 19.832701 0.594533 4.519258 2.59323 -2.40625 7.472303 27.436401 -3.585659 5.011768 13.180475 -1.250807 5.379857 -4.070599 -8.669354 6.76168 -24.391848 7.7e-05 -2.3e-05 5e-06 0.017946 0.0325 -0.091665 0.610249 -3.644558 -10.451802 -0.591054 3.710885 -10.506456 10.710381 -2.756822 22.217361 -85.314095 9.087828 -7.6937 -179.152817 -45.602085 179.569794 41.123566 -33.001396 -20.448534 -5.882105 9.861287 0.70259 -10.936873 -0.360575 7.156208 1e-06 8.774826 -2e-06 -14.851982 17.574072 5.830637 -1.844033 2.498505 -2.507279 -10.163601 4.678946 4.621109 -20.976025 -4e-06 2e-06 -21.226288 2.451697 -3.594001 1e-06 -6e-06 -0.0 -1.362681 2.240799 -0.746324 -21.334917 0.584909 3.008324 -13.821214 -4e-06 2e-06 -23.887173 -0.249079 -0.839484 -58.565922 2.349226 -1.502788 -0.294026 1.679689 0.833256 -14.21821 0.093216 1.300581 -34.212051 -0.287564 0.967169 -20.033218 0.964537 1.212844 0.0 -0.0 0.0 -3.440389 0.788234 0.501655 -15.928189 -3.167312 2.999708 -6.338827 -2e-06 1e-06 -18.123444 3.648183 -4.905671 -5e-06 -0.0 -3e-06 -28.669107 22.782354 13.836854 70.916672 13.153378 16.824986 -0.387122 73.325157 -2.33221 -13.487059 -0.643306 8.615997 2.243542 -5.255038 -3.180158 14.282896 -0.826594 6.952506 -3e-06 -12.690605 1e-06 16.070896 -16.784771 2.583271 1.665668 -1.955922 -2.878301 4.7278 -4.170588 4.993927 11.02053 2e-06 -1e-06 12.109056 -3.735716 -2.866786 1e-06 0.0 -1e-06 1.291986 -1.92855 -1.498089 14.800132 0.567467 3.865606 14.242577 -1.341735 -6.660661 19.631973 0.143928 -0.648247 50.582901 -0.922738 -6.05632 0.353029 -1.51115 -0.031941 20.222799 3.684309 2.316632 18.787279 5e-06 -0.0 10.751633 -0.479869 1.397907 2e-06 2e-06 -1e-06 3.273808 0.305947 -0.58011 21.486818 11.830374 2.266132 8.162931 3e-06 1e-06 18.399088 -3.798987 -4.940575 3e-06 1e-06 -1e-06 -4.42183 9.42296 -58.917007 0.814865 0.172805 109.392738 -9.415484 20.918678 -21.944246 1.733309 -1.99036 -0.095166 0.0 -0.0 2e-06 -14.849172 21.550938 -49.185329 0.820577 0.838884 146.294281 10.627339 4.376178 -21.309355 -1.846589 1.098495 -2.504392 0.0 0.0 -1e-06
0.0 0.0 0.0 0.0 -0.0 0.0 26.003233 66.209702 22.0821 1.165898 39.476208 -7.454859 2.515574 2.559019 20.757492 0.747807 4.323889 3.269458 -2.136209 6.967119 27.708626 -4.737425 5.132134 12.357759 -1.17675 5.391857 -4.029242 -9.608811 7.020824 -25.308874 7.6e-05 -2.3e-05 6e-06 0.016304 0.029555 -0.103106 0.600157 -3.636343 -10.481395 -0.580449 3.692591 -10.52384 8.947311 -2.971062 21.6747 -82.421303 6.462739 -9.656141 -179.12825 -44.94949 179.649475 40.165909 -29.338135 -17.426916 -5.882107 9.861288 0.702591 -10.936869 -0.360572 7.156208 0.0 8.774829 0.0 -14.874942 17.708725 6.143315 -1.844032 2.498506 -2.507278 -10.163599 4.678948 4.62111 -20.976023 1e-06 3e-06 -21.226286 2.451701 -3.594 0.0 -6e-06 -1e-06 -1.362682 2.240798 -0.746322 -21.334913 0.584914 3.008324 -13.82121 1e-06 3e-06 -23.887163 -0.249073 -0.839485 -58.753273 2.46781 -1.417117 -0.294026 1.679687 0.833257 -14.218207 0.093218 1.300583 -34.212048 -0.287557 0.96717 -20.033209 0.964541 1.212842 -0.0 -0.0 -1e-06 -3.440388 0.788234 0.501655 -15.928185 -3.167308 2.999709 -6.338824 1e-06 2e-06 -18.123444 3.648188 -4.90567 -4e-06 -0.0 -2e-06 -29.892097 23.51438 12.176348 69.487221 18.741413 10.81635 0.745452 75.418617 -1.216822 -13.266812 -1.140552 11.328482 2.243543 -5.255039 -3.180159 14.282898 -0.826595 6.952505 -2e-06 -12.69061 1e-06 15.902482 -16.691282 2.691124 1.665669 -1.955924 -2.8783 4.7278 -4.170588 4.993927 11.020531 3e-06 -2e-06 12.109058 -3.735717 -2.866788 -1e-06 -0.0 -1e-06 1.291986 -1.92855 -1.498091 14.800136 0.567467 3.865607 14.242581 -1.341735 -6.66066 19.631973 0.143925 -0.648248 50.210014 -0.884714 -6.126925 0.35303 -1.511152 -0.031941 20.222801 3.68431 2.316628 18.787281 4e-06 -4e-06 10.751633 -0.479867 1.397906 2e-06 3e-06 -1e-06 3.273809 0.305946 -0.580111 21.486824 11.830378 2.26613 8.16293 1e-06 -2e-06 18.399092 -3.798985 -4.940578 4e-06 2e-06 0.0 -3.223848 9.75987 -56.325352 0.918773 0.239421 109.933083 -11.197293 20.669815 -23.700657 1.769397 -2.029641 -0.286856 0.0 -0.0 3e-06 -10.964947 17.558521 -58.352901 0.744992 0.421325 142.683456 10.184355 3.616713 -23.022068 -1.608596 1.103908 -1.470076 1e-06 0.0 -1e-06
0.0 0.0 0.0 0.0 -0.0 0.0 26.772875 66.617928 23.69516 0.597055 39.775883 -7.859723 2.774853 2.232512 21.453852 0.871237 4.011271 3.822387 -1.725535 6.537189 27.776415 -5.831166 5.144422 11.664566 -1.102813 5.615309 -3.985124 -10.642744 7.326355 -25.833817 7.7e-05 -2.3e-05 5e-06 0.020106 0.013621 -0.11511 0.605226 -3.638474 -10.499851 -0.575532 3.661447 -10.538568 7.191282 -3.425454 21.020121 -79.51754 3.757003 -12.245669 -179.375809 -44.870426 179.841003 38.826283 -25.608328 -13.947094 -5.882107 9.861288 0.70259 -10.936874 -0.360574 7.156211 -0.0 8.774826 -2e-06 -14.93801 17.785725 6.238751 -1.844033 2.498506 -2.507278 -10.163605 4.678944 4.621111 -20.976027 0.0 5e-06 -21.226294 2.451701 -3.594002 -1e-06 -6e-06 0.0 -1.362681 2.240799 -0.746324 -21.334919 0.584912 3.008327 -13.821219 -2e-06 2e-06 -23.887177 -0.249076 -0.839483 -58.907227 2.572718 -1.499602 -0.294024 1.679688 0.833255 -14.218214 0.093215 1.300584 -34.212055 -0.287559 0.967173 -20.033218 0.964541 1.212844 -0.0 -2e-06 0.0 -3.440388 0.788234 0.501657 -15.928191 -3.167309 2.99971 -6.338827 -1e-06 3e-06 -18.123453 3.648184 -4.905671 -5e-06 1e-06 -3e-06 -31.519424 24.078337 10.321827 68.544174 25.699802 5.887519 1.488763 78.003685 -0.007661 -13.374601 -1.226398 13.40635 2.243543 -5.255038 -3.180158 14.282892 -0.826598 6.952499 -2e-06 -12.690605 1e-06 15.673881 -16.81328 2.93258 1.665667 -1.955922 -2.878299 4.727798 -4.170588 4.993925 11.020527 2e-06 -5e-06 12.109055 -3.735718 -2.866787 -1e-06 1e-06 -0.0 1.291985 -1.928549 -1.498088 14.800129 0.567464 3.865604 14.242576 -1.341736 -6.66066 19.631969 0.143927 -0.648248 49.886162 -0.978009 -6.132192 0.353028 -1.511151 -0.031939 20.222794 3.684307 2.316625 18.787273 5e-06 -4e-06 10.751627 -0.479868 1.397904 1e-06 3e-06 -2e-06 3.273807 0.30595 -0.580113 21.486814 11.830377 2.266127 8.16293 3e-06 -2e-06 18.399088 -3.798985 -4.94058 2e-06 -1e-06 -3e-06 -1.838503 9.833307 -54.223225 0.889068 0.29332 110.082054 -12.766542 20.451061 -24.500479 1.78584 -1.975511 -0.836131 -0.0 0.0 2e-06 -7.959455 15.784646 -65.697556 0.636095 0.24057 135.694489 10.847059 4.221005 -22.639381 -1.557653 1.133295 -0.968095 1e-06 -1e-06 -2e-06
0.0 0.0 0.0 0.0 -0.0 0.0 27.49427 67.20163 25.285059 0.018054 39.808914 -7.913169 2.927634 2.019074 21.988617 0.911044 3.676711 4.171044 -1.32676 6.288226 27.646828 -6.756152 5.109574 11.302489 -0.937682 5.925742 -3.963399 -11.619721 7.66192 -25.984331 7.7e-05 -2.2e-05 6e-06 0.042389 -0.032099 -0.123162 0.62913 -3.675231 -10.502032 -0.553071 3.607209 -10.544998 6.17751 -4.163787 20.322327 -77.174622 1.715461 -14.696697 -179.790756 -45.644333 -179.896194 37.156883 -22.190182 -10.683248 -5.882106 9.861286 0.702593 -10.936875 -0.360575 7.156208 -1e-06 8.774827 -3e-06 -14.937948 17.83404 6.242293 -1.84403 2.498505 -2.507278 -10.163603 4.678946 4.62111 -20.976027 -1e-06 5e-06 -21.226286 2.451699 -3.593999 0.0 -8e-06 0.0 -1.36268 2.240799 -0.746323 -21.334917 0.584909 3.008325 -13.821215 -2e-06 5e-06 -23.887173 -0.249076 -0.839481 -58.908047 2.593684 -1.664566 -0.294027 1.679688 0.833256 -14.218209 0.093215 1.300583 -34.212051 -0.287562 0.967173 -20.033213 0.964539 1.212844 -0.0 -2e-06 -0.0 -3.44039 0.788234 0.501655 -15.928189 -3.16731 2.999709 -6.338828 -1e-06 2e-06 -18.123447 3.648185 -4.905668 -3e-06 1e-06 -3e-06 -33.573158 24.527426 8.317402 67.625298 33.508392 3.239316 0.163144 81.202148 -0.710112 -12.798689 -0.875952 15.019745 2.243541 -5.255037 -3.180158 14.282895 -0.826597 6.952503 -0.0 -12.690605 -3e-06 15.458202 -17.130602 3.129535 1.665667 -1.955922 -2.878298 4.7278 -4.170586 4.993924 11.020528 1e-06 -2e-06 12.109055 -3.735719 -2.866784 -0.0 -0.0 -1e-06 1.291986 -1.92855 -1.498089 14.800132 0.567467 3.865609 14.242577 -1.341738 -6.660657 19.631973 0.143923 -0.648247 49.689468 -1.09036 -6.146669 0.353029 -1.51115 -0.031943 20.222797 3.684307 2.316631 18.787279 -0.0 -4e-06 10.751629 -0.47987 1.397904 0.0 3e-06 0.0 3.273806 0.305948 -0.580112 21.486816 11.830372 2.266134 8.16293 1e-06 -1e-06 18.399088 -3.798987 -4.940578 3e-06 1e-06 -1e-06 -0.515085 9.744928 -52.474613 0.759762 0.297328 110.016098 -13.858859 20.208075 -24.358143 1.792551 -1.926704 -1.496487 0.0 -0.0 3e-06 -6.551789 15.667643 -70.613258 0.525254 0.268238 126.958328 11.68292 4.617053 -21.009699 -1.528753 1.196252 -0.565259 0.0 -0.0 0.0
0.0 0.0 0.0 0.0 -0.0 0.0 28.298855 67.843071 26.956886 -0.646758 39.719193 -7.849513 3.046603 1.888503 22.298042 0.910085 3.41323 4.328153 -0.983423 6.074711 27.404943 -7.495712 5.235819 11.176739 -0.735595 6.115089 -3.963956 -12.311519 7.994202 -25.747276 7.7e-05 -2.2e-05 5e-06 0.07681 -0.096654 -0.120459 0.664055 -3.738855 -10.474112 -0.517416 3.542539 -10.519374 5.966142 -4.92804 19.627293 -75.574913 0.715521 -16.78952 -179.959915 -47.026844 -179.831451 35.279152 -19.293442 -8.116253 -5.882111 9.861292 0.702591 -10.936877 -0.360574 7.156212 -1e-06 8.77483 -2e-06 -14.853229 17.925652 6.319485 -1.844033 2.498507 -2.507279 -10.163605 4.678948 4.621112 -20.976036 -1e-06 1e-06 -21.226301 2.4517 -3.594004 1e-06 -7e-06 -0.0 -1.362683 2.2408 -0.746322 -21.334929 0.584912 3.008324 -13.82122 -2e-06 2e-06 -23.887182 -0.249078 -0.839485 -58.868553 2.539202 -1.739564 -0.294024 1.679688 0.833256 -14.218215 0.093216 1.300581 -34.212067 -0.287561 0.967168 -20.033226 0.96454 1.212841 0.0 -1e-06 1e-06 -3.44039 0.788236 0.501656 -15.928192 -3.16731 2.999709 -6.338829 0.0 1e-06 -18.123455 3.648187 -4.905674 -5e-06 -0.0 -3e-06 -35.844902 24.90156 6.179904 66.91156 40.951454 2.332336 -2.519885 84.339012 -2.964249 -11.706435 -0.355788 16.43227 2.243546 -5.255043 -3.180162 14.282908 -0.826597 6.952514 0.0 -12.690618 -1e-06 15.374496 -17.384502 3.217878 1.665667 -1.955924 -2.878304 4.727804 -4.170592 4.993931 11.020538 2e-06 -1e-06 12.109066 -3.735723 -2.866787 0.0 -2e-06 0.0 1.291988 -1.928552 -1.49809 14.800142 0.567468 3.865611 14.242586 -1.341738 -6.660665 19.63199 0.143924 -0.648246 49.63089 -1.076872 -6.174352 0.35303 -1.511152 -0.031941 20.222816 3.684311 2.316634 18.7873 5e-06 -2e-06 10.751641 -0.479871 1.397906 -1e-06 2e-06 -0.0 3.273811 0.305947 -0.580112 21.486837 11.830385 2.266137 8.162935 1e-06 -1e-06 18.399107 -3.79899 -4.940581 3e-06 0.0 -1e-06 0.815313 9.459014 -50.686264 0.605898 0.258654 109.746597 -14.709376 19.866991 -24.245163 1.797804 -1.897478 -2.135249 0.0 -0.0 1e-06 -6.458661 16.303612 -73.260162 0.513158 0.400419 118.5765 12.288169 4.19186 -18.659065 -1.487007 1.209657 0.002921 1e-06 2e-06 -1e-06
0.0 0.0 0.0 0.0 -0.0 0.0 29.162642 68.449043 28.755322 -1.359769 39.67292 -7.830594 3.141144 1.826061 22.391268 0.915625 3.17854 4.353907 -0.74455 5.847329 27.092819 -8.023644 5.612391 11.298471 -0.601344 6.129998 -3.988853 -12.656567 8.226034 -25.417124 7.7e-05 -2.2e-05 5e-06 0.099955 -0.144423 -0.098232 0.683677 -3.784862 -10.419102 -0.489596 3.492469 -10.467594 6.184911 -5.525497 19.039946 -74.675087 0.487935 -18.338474 -179.813278 -48.809101 -179.924591 32.95211 -16.814672 -5.6891 -5.882113 9.861295 0.702591 -10.93688 -0.360572 7.156211 -1e-06 8.774832 1e-06 -14.831718 18.024204 6.432351 -1.844034 2.498505 -2.507279 -10.163611 4.678951 4.621111 -20.976044 3e-06 1e-06 -21.226307 2.4517 -3.594006 0.0 -6e-06 0.0 -1.362682 2.240801 -0.746324 -21.334934 0.584916 3.008324 -13.821226 0.0 2e-06 -23.887192 -0.249076 -0.839486 -58.937019 2.469123 -1.649974 -0.294027 1.67969 0.833256 -14.218222 0.093219 1.300581 -34.212082 -0.287559 0.967168 -20.033232 0.964539 1.21284 -0.0 0.0 1e-06 -3.440392 0.788235 0.501658 -15.928201 -3.167308 2.999708 -6.338831 1e-06 2e-06 -18.123465 3.648189 -4.905678 -3e-06 -1e-06 -5e-06 -37.831997 25.108095 4.114498 67.209755 47.254833 2.823527 -5.187185 86.360565 -5.461817 -10.51507 -0.084417 18.587837 2.243543 -5.255042 -3.180159 14.282896 -0.826596 6.952505 -0.0 -12.69061 -1e-06 15.407496 -17.500628 3.260659 1.665667 -1.955925 -2.8783 4.7278 -4.17059 4.993927 11.020529 2e-06 -3e-06 12.109059 -3.735719 -2.866788 0.0 -1e-06 -1e-06 1.291986 -1.92855 -1.49809 14.800136 0.567466 3.865609 14.242579 -1.341741 -6.660665 19.631973 0.143928 -0.64825 49.741817 -1.037878 -6.133753 0.353029 -1.511151 -0.031941 20.222795 3.684309 2.316628 18.787277 4e-06 -4e-06 10.751633 -0.479871 1.397905 -0.0 2e-06 -0.0 3.273808 0.305947 -0.58011 21.486818 11.830379 2.266132 8.16293 3e-06 -1e-06 18.399088 -3.798987 -4.940581 4e-06 0.0 -1e-06 2.238945 8.953636 -48.758083 0.504501 0.232943 109.504677 -15.277839 19.436113 -23.726418 1.807544 -1.908612 -2.608201 -0.0 -0.0 3e-06 -7.086919 17.222788 -74.464096 0.593338 0.565775 112.638672 12.789467 3.753537 -16.880899 -1.464637 1.194795 0.70706 0.0 0.0 -0.0
0.0 0.0 0.0 0.0 -0.0 0.0 30.123743 69.046745 30.7694 -2.15882 39.61721 -7.982019 3.188206 1.826044 22.297272 0.915956 2.952857 4.302024 -0.622556 5.606099 26.800743 -8.308388 6.010321 11.516293 -0.485293 6.154725 -4.017815 -12.754671 8.577633 -25.220278 7.7e-05 -2.2e-05 5e-06 0.101796 -0.175001 -0.090824 0.676817 -3.819129 -10.405625 -0.478347 3.46587 -10.454756 6.498376 -5.824808 18.708973 -74.415993 0.431757 -19.058811 -179.409332 -50.923714 179.861282 30.402777 -15.026942 -3.29459 -5.88211 9.861291 0.70259 -10.936874 -0.360574 7.156205 -3e-06 8.774827 -3e-06 -14.922234 18.110649 6.539844 -1.844034 2.498506 -2.507276 -10.163604 4.678947 4.621108 -20.976023 4e-06 5e-06 -21.22629 2.451704 -3.594 -0.0 -6e-06 0.0 -1.362682 2.2408 -0.746322 -21.334917 0.584914 3.008327 -13.821214 4e-06 4e-06 -23.887171 -0.249073 -0.839483 -59.091579 2.463329 -1.508632 -0.294026 1.679687 0.833256 -14.218208 0.093217 1.300583 -34.212051 -0.287555 0.96717 -20.033215 0.964542 1.212843 0.0 -0.0 0.0 -3.44039 0.788234 0.501658 -15.928185 -3.167307 2.99971 -6.338825 3e-06 1e-06 -18.123449 3.648191 -4.905672 -3e-06 1e-06 -3e-06 -39.094643 25.246748 2.499257 69.491867 52.042419 5.056165 -1.625578 86.975082 -1.805358 -9.461617 -0.263037 21.84096 2.243544 -5.255037 -3.180161 14.282896 -0.826595 6.952505 -2e-06 -12.690601 1e-06 15.440384 -17.436035 3.253844 1.665669 -1.955922 -2.878299 4.727798 -4.170586 4.993924 11.02053 1e-06 -2e-06 12.109058 -3.735715 -2.866788 1e-06 -1e-06 -1e-06 1.291986 -1.92855 -1.498089 14.800132 0.567468 3.865609 14.242577 -1.341736 -6.660661 19.631973 0.143927 -0.648246 49.833729 -1.067152 -6.039931 0.353029 -1.51115 -0.031941 20.222797 3.68431 2.316629 18.787279 6e-06 -1e-06 10.751632 -0.479869 1.397905 0.0 1e-06 0.0 3.273808 0.305947 -0.580111 21.486818 11.830371 2.266135 8.16293 3e-06 -1e-06 18.399088 -3.798984 -4.940578 4e-06 1e-06 -1e-06 3.852705 8.381618 -46.486206 0.419403 0.207135 109.387619 -15.795628 18.812902 -22.224384 1.823926 -1.91378 -3.343036 -0.0 -0.0 3e-06 -7.401327 17.80168 -74.48999 0.786633 0.71667 108.481804 13.232002 3.644374 -15.117205 -1.45856 1.196584 1.135416 -0.0 1e-06 -1e-06
0.0 0.0 0.0 0.0 -0.0 0.0 31.157806 69.617317 32.996956 -2.936941 39.60305 -8.4069 3.133623 1.872458 22.256897 0.860998 2.760717 4.189398 -0.595424 5.324114 26.57798 -8.30264 6.240525 11.656678 -0.364353 6.288595 -4.06649 -12.674048 9.087755 -25.096428 7.7e-05 -2.2e-05 5e-06 0.08156 -0.169853 -0.113147 0.656822 -3.827243 -10.475415 -0.495791 3.484821 -10.511449 6.410206 -5.824549 18.645308 -74.136703 0.287941 -19.089016 -178.866776 -53.265079 179.565735 27.834152 -13.927891 -1.389815 -5.882108 9.861286 0.702588 -10.936872 -0.360576 7.156205 -2e-06 8.774824 -4e-06 -14.906404 18.153147 6.714824 -1.844033 2.498507 -2.507281 -10.163602 4.678945 4.621108 -20.976027 -1e-06 -0.0 -21.226292 2.451698 -3.594005 0.0 -4e-06 -0.0 -1.362683 2.240798 -0.746324 -21.334917 0.58491 3.008322 -13.821215 -2e-06 1e-06 -23.887171 -0.249079 -0.839485 -59.259369 2.468616 -1.260302 -0.294024 1.679688 0.833255 -14.218211 0.093216 1.300581 -34.212051 -0.287561 0.967166 -20.033215 0.964537 1.212841 0.0 -0.0 0.0 -3.44039 0.788233 0.501654 -15.928185 -3.167309 2.99971 -6.338827 -3e-06 -1e-06 -18.123446 3.648184 -4.905674 -3e-06 -0.0 -2e-06 -39.490582 25.309334 1.581887 74.03701 55.182594 9.404097 4.746031 86.434708 4.752899 -8.454034 -0.817861 25.503757 2.243544 -5.255039 -3.180159 14.282898 -0.826595 6.952504 -1e-06 -12.69061 -2e-06 15.490528 -17.3839 3.217135 1.665667 -1.955924 -2.878299 4.727801 -4.170589 4.993926 11.020534 1e-06 -2e-06 12.109058 -3.735718 -2.866786 0.0 -2e-06 -1e-06 1.291986 -1.928552 -1.498088 14.800136 0.567468 3.865608 14.242577 -1.341739 -6.660663 19.631975 0.143925 -0.648245 49.887257 -1.082224 -5.991067 0.353031 -1.511151 -0.031939 20.222803 3.684311 2.316633 18.787287 4e-06 -1e-06 10.751636 -0.47987 1.397907 1e-06 0.0 -1e-06 3.273809 0.305947 -0.58011 21.486826 11.830379 2.266136 8.162934 3e-06 0.0 18.399096 -3.798988 -4.940578 4e-06 2e-06 -1e-06 5.200467 7.832098 -44.665478 0.275511 0.147202 109.351135 -15.646842 19.212164 -19.397064 1.874462 -1.933418 -4.205191 -1e-06 0.0 4e-06 -6.654524 17.624725 -73.468903 0.929282 0.815198 106.264709 13.511444 4.223744 -13.683044 -1.449032 1.159764 1.237934 -0.0 1e-06 -1e-06
0.0 0.0 0.0 0.0 -0.0 0.0 32.112087 70.217812 35.245113 -3.718706 39.607037 -8.927519 2.965348 1.805702 22.135958 0.782013 2.606877 4.086811 -0.744973 5.05844 26.467455 -8.034143 6.268931 11.843213 -0.32606 6.702312 -4.030696 -12.434666 9.572185 -25.299503 7.7e-05 -2.2e-05 4e-06 0.071851 -0.170204 -0.133342 0.633908 -3.837393 -10.524385 -0.491108 3.495122 -10.539394 5.96681 -5.836977 18.630182 -73.664589 0.213678 -18.691065 -178.627747 -55.508118 179.655304 25.112144 -13.287319 0.60482 -5.88211 9.861293 0.702592 -10.936876 -0.360573 7.15621 -2e-06 8.77483 -0.0 -14.957173 18.205807 6.743859 -1.844034 2.498507 -2.507277 -10.163604 4.678951 4.621111 -20.976032 3e-06 -0.0 -21.226297 2.4517 -3.594007 0.0 -3e-06 -0.0 -1.362684 2.240799 -0.746322 -21.334925 0.584915 3.008323 -13.821218 0.0 3e-06 -23.887182 -0.249073 -0.839489 -59.232979 2.539002 -1.209285 -0.294025 1.679689 0.833254 -14.218215 0.093218 1.30058 -34.212067 -0.287559 0.967164 -20.033222 0.96454 1.212839 0.0 -0.0 0.0 -3.44039 0.788233 0.501654 -15.928191 -3.167308 2.999707 -6.338828 1e-06 1e-06 -18.123457 3.648189 -4.905675 -4e-06 -0.0 -2e-06 -38.896179 25.245264 1.292659 79.978439 56.803169 15.876466 3.812386 85.225616 3.811704 -7.433887 -1.554463 29.63825 2.243545 -5.255041 -3.180161 14.282903 -0.826598 6.952509 -1e-06 -12.690612 1e-06 15.500575 -17.405079 3.159717 1.665667 -1.955924 -2.878303 4.727802 -4.17059 4.993926 11.020536 2e-06 -4e-06 12.109062 -3.735719 -2.866788 1e-06 -0.0 0.0 1.291986 -1.928552 -1.498092 14.800139 0.567466 3.865608 14.242584 -1.341737 -6.660667 19.631983 0.143926 -0.648249 49.949078 -1.155245 -5.94076 0.353029 -1.511151 -0.03194 20.222803 3.68431 2.316629 18.787287 4e-06 -2e-06 10.751634 -0.479869 1.397907 -0.0 -1e-06 1e-06 3.273809 0.305947 -0.580111 21.486828 11.830381 2.26613 8.162932 3e-06 -2e-06 18.399097 -3.798988 -4.940582 4e-06 3e-06 -1e-06 6.341977 7.219668 -43.666096 0.15011 0.064714 109.636086 -15.0613 20.04792 -15.647914 1.90125 -1.910781 -4.603047 1e-06 -0.0 1e-06 -4.985713 16.573032 -71.918404 0.95318 0.786806 105.26181 13.244256 5.136168 -12.147809 -1.461134 1.148543 0.995427 0.0 -1e-06 -2e-06
0.0 0.0 0.0 0.0 -0.0 0.0 32.946423 70.832657 37.353313 -4.357019 39.6474 -9.425996 2.745517 1.77789 22.053778 0.656735 2.456886 4.03099 -1.045259 4.831563 26.452442 -7.635272 6.211364 11.92081 -0.226701 7.017131 -4.002563 -12.160601 9.953049 -25.753923 7.7e-05 -2.3e-05 5e-06 0.071829 -0.170128 -0.139114 0.628917 -3.84039 -10.54457 -0.485123 3.499327 -10.542164 5.275103 -5.87498 18.598511 -72.761032 0.234288 -18.331749 -178.550079 -57.418472 179.795914 22.567917 -13.021273 2.370267 -5.882113 9.861294 0.702591 -10.93688 -0.360571 7.156212 -2e-06 8.774833 -0.0 -15.080619 18.192736 6.640132 -1.844035 2.498507 -2.507278 -10.16361 4.678952 4.621112 -20.97604 2e-06 2e-06 -21.226305 2.451704 -3.594005 -0.0 -5e-06 -0.0 -1.362682 2.2408 -0.746322 -21.33493 0.584914 3.008327 -13.821225 -1e-06 4e-06 -23.88719 -0.249074 -0.839485 -59.127029 2.543458 -1.184439 -0.294024 1.67969 0.833256 -14.218219 0.093218 1.300583 -34.212074 -0.287557 0.967171 -20.03323 0.964542 1.212842 -0.0 0.0 0.0 -3.44039 0.788235 0.501658 -15.928198 -3.16731 2.999709 -6.338832 0.0 0.0 -18.123461 3.648191 -4.905674 -5e-06 2e-06 -2e-06 -37.755928 24.967184 1.538439 85.46582 56.721924 22.281246 1.344039 84.187454 1.376594 -6.601441 -2.347127 33.065422 2.243543 -5.255038 -3.18016 14.282896 -0.826593 6.952505 -1e-06 -12.690607 -2e-06 15.589437 -17.558414 3.067296 1.665669 -1.955922 -2.878301 4.727799 -4.170588 4.993926 11.020531 3e-06 -5e-06 12.109056 -3.735717 -2.866789 0.0 -1e-06 -1e-06 1.291986 -1.92855 -1.49809 14.800136 0.567469 3.86561 14.242579 -1.341733 -6.660663 19.631975 0.143926 -0.648248 50.060246 -1.19391 -6.036029 0.353029 -1.511151 -0.031941 20.222801 3.684312 2.316629 18.787283 5e-06 -1e-06 10.751634 -0.479869 1.397906 0.0 -0.0 0.0 3.273807 0.305947 -0.58011 21.48682 11.830379 2.266131 8.16293 3e-06 0.0 18.399088 -3.798985 -4.940578 3e-06 1e-06 -1e-06 7.191405 6.685874 -43.681301 0.061484 -0.029269 110.004875 -13.971361 20.899652 -12.060925 1.904132 -1.895575 -3.501402 -1e-06 0.0 1e-06 -2.975814 15.195478 -70.628792 0.864231 0.740762 105.616989 12.774031 5.893764 -10.790208 -1.453794 1.123529 0.631217 -0.0 2e-06 -1e-06
0.0 0.0 0.0 0.0 -0.0 0.0 33.672207 71.406433 39.246338 -4.77739 39.724812 -9.76194 2.424464 1.745962 21.966646 0.52157 2.340687 4.000552 -1.486999 4.699707 26.4575 -7.184534 5.971545 11.82209 -0.197504 7.40782 -4.005229 -11.733706 10.135775 -26.207197 7.6e-05 -2.2e-05 6e-06 0.051246 -0.135939 -0.138214 0.6114 -3.80469 -10.543586 -0.507877 3.531708 -10.53828 4.451234 -5.910083 18.644079 -71.408218 0.268832 -17.818609 -179.133728 -58.940693 -179.766739 20.377756 -13.285448 3.707789 -5.882112 9.861291 0.702591 -10.936878 -0.360576 7.156214 -1e-06 8.77483 -2e-06 -15.305759 18.223051 6.481297 -1.844034 2.498507 -2.50728 -10.163606 4.678948 4.621113 -20.97604 -2e-06 1e-06 -21.226301 2.451698 -3.594003 0.0 -5e-06 -0.0 -1.362682 2.240798 -0.746324 -21.334932 0.584911 3.008326 -13.821225 -3e-06 3e-06 -23.887192 -0.249081 -0.839484 -58.979881 2.653604 -1.24432 -0.294026 1.679688 0.833255 -14.218219 0.093213 1.300581 -34.212074 -0.287563 0.967171 -20.033232 0.96454 1.212844 -0.0 2e-06 -0.0 -3.440392 0.788235 0.501656 -15.928201 -3.167312 2.999712 -6.338832 0.0 1e-06 -18.123463 3.648185 -4.905674 -4e-06 2e-06 -1e-06 -36.272282 24.536642 2.043192 88.963852 55.13805 26.769007 0.353552 83.49395 0.387204 -6.123923 -3.186268 35.056538 2.243541 -5.255039 -3.180158 14.2829 -0.826594 6.952509 -0.0 -12.690612 -2e-06 15.671588 -17.744049 3.000529 1.665667 -1.955922 -2.8783 4.727801 -4.170588 4.993927 11.020534 3e-06 -1e-06 12.109058 -3.735719 -2.866785 1e-06 -0.0 0.0 1.291987 -1.928551 -1.498088 14.80014 0.567469 3.865611 14.242581 -1.341735 -6.66066 19.631981 0.143926 -0.648242 50.20998 -1.249432 -6.170085 0.35303 -1.511152 -0.031942 20.222801 3.684312 2.316635 18.787283 4e-06 1e-06 10.751633 -0.479868 1.397908 0.0 1e-06 -0.0 3.273809 0.305948 -0.580111 21.486826 11.830382 2.266137 8.16293 3e-06 1e-06 18.399092 -3.798988 -4.940577 4e-06 0.0 -1e-06 7.552062 6.284101 -44.568485 0.036479 -0.075837 110.135201 -13.052197 21.292803 -10.160292 1.905827 -1.904593 -1.987376 1e-06 -0.0 1e-06 -1.132188 13.899436 -69.540123 0.759593 0.676641 106.63179 12.186694 6.237753 -9.854414 -1.461489 1.14447 0.188949 -0.0 1e-06 -2e-06
0.0 0.0 0.0 0.0 -0.0 0.0 34.284542 71.857765 40.889965 -5.117496 39.725498 -9.950586 2.144682 1.796482 21.867748 0.361004 2.301776 3.97101 -1.950112 4.635409 26.443153 -6.806 5.678162 11.581066 -0.181676 7.741307 -3.990997 -11.199988 10.125174 -26.860281 7.6e-05 -2.2e-05 5e-06 0.030289 -0.097684 -0.126838 0.596806 -3.768015 -10.539488 -0.534822 3.570962 -10.532014 3.617026 -5.964574 18.69672 -69.733559 0.246161 -17.411339 -179.878067 -60.15205 -179.300903 18.346811 -13.632892 5.132673 -5.882108 9.861292 0.702591 -10.936878 -0.360573 7.156211 -1e-06 8.77483 -1e-06 -15.570065 18.2397 6.323889 -1.844032 2.498506 -2.507278 -10.163604 4.678949 4.621113 -20.976034 1e-06 3e-06 -21.226301 2.451701 -3.594003 0.0 -5e-06 -0.0 -1.362682 2.2408 -0.746324 -21.334925 0.584913 3.008327 -13.821217 -0.0 4e-06 -23.887178 -0.249072 -0.839484 -59.024338 2.674927 -1.270851 -0.294023 1.67969 0.833257 -14.218215 0.093217 1.300584 -34.21207 -0.287556 0.967172 -20.033226 0.964543 1.212844 -1e-06 2e-06 1e-06 -3.440391 0.788233 0.501655 -15.928196 -3.167312 2.99971 -6.338829 3e-06 2e-06 -18.123459 3.648185 -4.905674 -4e-06 2e-06 -2e-06 -34.603718 23.972258 2.890341 90.324867 52.707523 29.435148 -2.135761 82.787704 -1.962774 -5.884041 -4.317325 35.905121 2.243543 -5.25504 -3.180161 14.282904 -0.826592 6.95251 -4e-06 -12.690615 -2e-06 15.652962 -17.913233 3.059671 1.665667 -1.955921 -2.878305 4.727803 -4.170589 4.993928 11.020537 5e-06 -2e-06 12.109066 -3.735717 -2.866788 2e-06 -2e-06 1e-06 1.291988 -1.928551 -1.498092 14.800144 0.567471 3.865611 14.242584 -1.341733 -6.660663 19.631987 0.143929 -0.648243 50.359451 -1.351654 -6.326503 0.353028 -1.511152 -0.03194 20.222809 3.684319 2.316632 18.787289 7e-06 3e-06 10.751637 -0.479868 1.397908 -0.0 1e-06 -0.0 3.273808 0.305947 -0.58011 21.486835 11.830391 2.266138 8.162937 5e-06 1e-06 18.399101 -3.798986 -4.940577 3e-06 1e-06 -1e-06 7.509783 6.255149 -46.068565 0.048526 -0.087798 109.646584 -13.414284 20.573473 -10.36347 1.893324 -1.948686 -1.141127 0.0 -0.0 -0.0 0.515576 13.038131 -68.570717 0.638139 0.60034 107.92852 11.273241 5.882542 -9.80132 -1.46641 1.151486 -0.093433 -0.0 2e-06 -2e-06
0.0 0.0 0.0 0.0 -0.0 0.0 34.864834 72.194511 42.39883 -5.378088 39.735321 -9.987066 1.894239 1.900991 21.784805 0.199771 2.307642 3.95328 -2.342264 4.571048 26.335278 -6.585886 5.404018 11.258659 -0.096276 7.963962 -3.966741 -10.727929 10.02499 -27.728729 7.7e-05 -2.3e-05 5e-06 0.020419 -0.072146 -0.114773 0.598949 -3.743865 -10.542315 -0.556215 3.596656 -10.53875 2.821971 -5.991593 18.697618 -68.01078 0.105757 -17.296537 179.667938 -61.091263 -178.959747 16.497635 -13.830428 6.781456 -5.88211 9.861292 0.702588 -10.936877 -0.360573 7.156212 -0.0 8.774832 -3e-06 -15.804001 18.307611 6.23848 -1.844033 2.498508 -2.507281 -10.163605 4.678946 4.621115 -20.976036 0.0 0.0 -21.226301 2.451699 -3.594004 0.0 -4e-06 -0.0 -1.362684 2.240798 -0.746328 -21.334929 0.58491 3.008329 -13.821221 -2e-06 3e-06 -23.887184 -0.249077 -0.839484 -59.289322 2.681693 -1.285785 -0.294025 1.679689 0.833256 -14.218215 0.093216 1.300583 -34.212067 -0.287562 0.967172 -20.033224 0.964537 1.212845 -1e-06 0.0 0.0 -3.440389 0.788233 0.501655 -15.928194 -3.16731 2.999712 -6.33883 -1e-06 1e-06 -18.123457 3.648183 -4.905675 -4e-06 -0.0 -2e-06 -32.868229 23.4048 3.923651 90.030266 50.036301 30.454062 -4.77148 81.499176 -4.319685 -5.655618 -5.908766 36.655544 2.243546 -5.255041 -3.180158 14.282901 -0.826599 6.952506 0.0 -12.690613 2e-06 15.634561 -18.058353 3.21808 1.665667 -1.955922 -2.878301 4.727804 -4.170592 4.993928 11.020535 2e-06 -2e-06 12.109063 -3.735723 -2.866786 0.0 -1e-06 0.0 1.291986 -1.928552 -1.498091 14.800138 0.567466 3.865611 14.242584 -1.341737 -6.660665 19.631983 0.143923 -0.648249 50.538246 -1.422058 -6.503824 0.353028 -1.511153 -0.031941 20.222805 3.684307 2.316631 18.787289 1e-06 -2e-06 10.751636 -0.479872 1.397906 -0.0 0.0 0.0 3.273806 0.305946 -0.580113 21.486828 11.83038 2.266135 8.162933 -1e-06 -1e-06 18.399099 -3.798994 -4.94058 3e-06 3e-06 -1e-06 6.957397 6.888734 -47.73328 0.168198 -0.015048 108.548691 -13.493958 20.435549 -11.263577 1.859613 -1.955144 -0.737378 0.0 1e-06 1e-06 1.910354 12.595218 -67.653175 0.528704 0.528995 109.524765 10.222554 5.305769 -10.783499 -1.475881 1.137143 -0.280717 1e-06 1e-06 -1e-06
0.0 0.0 0.0 0.0 -0.0 0.0 35.494709 72.459496 43.840435 -5.490783 39.755955 -9.861912 1.651478 2.0444 21.67524 0.033276 2.301666 3.982884 -2.62541 4.54911 26.24795 -6.469313 5.123333 10.843464 0.029306 8.150063 -3.930858 -10.418233 9.910211 -28.662004 7.7e-05 -2.2e-05 5e-06 0.02296 -0.065809 -0.09759 0.612192 -3.739118 -10.543285 -0.563686 3.603411 -10.541621 2.030042 -5.986829 18.641062 -66.451126 -0.230472 -17.375904 179.425827 -61.617355 -178.677689 14.786229 -13.673562 8.476753 -5.882111 9.861285 0.702592 -10.936875 -0.360575 7.156208 -0.0 8.774827 -0.0 -15.943176 18.371466 6.204116 -1.844032 2.498505 -2.507277 -10.163602 4.678948 4.621113 -20.976027 -1e-06 2e-06 -21.226294 2.451701 -3.594001 0.0 -4e-06 -1e-06 -1.362682 2.240798 -0.746323 -21.334917 0.584914 3.008326 -13.821215 0.0 2e-06 -23.887175 -0.249073 -0.839485 -59.636761 2.666175 -1.294889 -0.294026 1.679688 0.833257 -14.21821 0.093217 1.300582 -34.212055 -0.287558 0.967171 -20.033218 0.964538 1.212842 -1e-06 2e-06 -1e-06 -3.44039 0.788233 0.501657 -15.928189 -3.167308 2.999709 -6.338826 0.0 1e-06 -18.123447 3.648186 -4.905673 -4e-06 2e-06 -2e-06 -30.971182 22.945196 5.146222 88.735786 47.652145 29.916281 -5.842796 79.512939 -5.026207 -5.624259 -7.65892 38.231133 2.243542 -5.255039 -3.180158 14.282898 -0.826597 6.952507 -2e-06 -12.69061 3e-06 15.66704 -18.085081 3.40223 1.665666 -1.955922 -2.8783 4.727801 -4.170591 4.993928 11.020532 4e-06 -2e-06 12.109058 -3.735718 -2.866785 0.0 -1e-06 -0.0 1.291986 -1.92855 -1.498089 14.800136 0.567466 3.86561 14.242579 -1.341736 -6.660661 19.631975 0.143925 -0.648245 50.708508 -1.45012 -6.617937 0.353028 -1.511151 -0.03194 20.222801 3.684312 2.316631 18.787283 4e-06 -0.0 10.751634 -0.479868 1.397907 0.0 2e-06 0.0 3.273808 0.305947 -0.580111 21.48682 11.830379 2.266135 8.16293 1e-06 -0.0 18.399092 -3.79899 -4.940578 3e-06 0.0 -1e-06 6.159521 7.937515 -48.839558 0.356248 0.105728 106.997887 -12.968897 20.648418 -11.81145 1.840965 -1.941138 -0.871511 2e-06 -0.0 1e-06 3.04686 12.343923 -66.807098 0.428222 0.441136 111.313667 9.334533 5.160856 -12.113983 -1.484359 1.111398 -0.451705 0.0 -1e-06 -1e-06
0.0 0.0 0.0 0.0 -0.0 0.0 36.199944 72.622795 45.290794 -5.68558 39.891205 -9.668944 1.4686 2.043439 21.393288 -0.07992 2.266397 4.053704 -2.740803 4.565109 26.242128 -6.524117 4.992113 10.467263 0.163595 8.371049 -3.834079 -10.247833 9.822249 -29.428894 7.7e-05 -2.3e-05 4e-06 0.05548 -0.113084 -0.062973 0.6305 -3.78252 -10.511529 -0.517966 3.550174 -10.511226 1.446277 -5.847857 18.4683 -65.52021 -0.628391 -17.449024 179.391495 -61.508984 -178.535797 13.331945 -13.26633 10.297481 -5.882111 9.861293 0.702589 -10.936878 -0.360574 7.156209 -3e-06 8.774831 -3e-06 -16.066017 18.340612 6.079845 -1.844035 2.498508 -2.50728 -10.163604 4.678948 4.621113 -20.976038 -1e-06 2e-06 -21.226303 2.4517 -3.594002 0.0 -4e-06 -1e-06 -1.362683 2.240799 -0.746323 -21.334929 0.584913 3.008325 -13.821221 0.0 3e-06 -23.887184 -0.24908 -0.839487 -59.845387 2.598892 -1.453731 -0.294024 1.679688 0.833257 -14.218217 0.093216 1.300582 -34.212074 -0.287561 0.967171 -20.033226 0.964539 1.212842 0.0 1e-06 0.0 -3.440389 0.788233 0.501655 -15.928196 -3.16731 2.999708 -6.338829 0.0 1e-06 -18.123459 3.648185 -4.905675 -4e-06 1e-06 -1e-06 -29.065969 22.72505 6.270324 87.18869 45.755219 28.268515 -5.594806 77.331474 -4.504551 -5.825745 -8.94406 40.615078 2.243544 -5.25504 -3.18016 14.282902 -0.826595 6.952506 -4e-06 -12.690615 0.0 15.62935 -17.900549 3.493944 1.665668 -1.955922 -2.878301 4.7278 -4.170588 4.993925 11.020535 4e-06 -3e-06 12.10906 -3.735717 -2.866789 1e-06 1e-06 2e-06 1.291987 -1.928549 -1.49809 14.80014 0.56747 3.865608 14.242584 -1.341736 -6.660662 19.631983 0.143928 -0.648247 50.781998 -1.351643 -6.563526 0.353029 -1.511153 -0.03194 20.222805 3.684316 2.316627 18.787289 8e-06 -2e-06 10.751637 -0.479867 1.397907 0.0 3e-06 0.0 3.273809 0.305946 -0.580111 21.486832 11.830386 2.26613 8.162933 1e-06 -1e-06 18.399099 -3.798984 -4.940581 3e-06 -1e-06 -1e-06 5.858099 8.984109 -48.668655 0.472831 0.179222 105.468941 -12.480957 20.426493 -12.228421 1.839157 -1.938182 -2.030215 1e-06 -1e-06 4e-06 4.00281 11.958613 -66.204971 0.316157 0.343808 113.12085 9.138442 5.949692 -13.263368 -1.489232 1.080508 -0.558648 -0.0 1e-06 -1e-06
0.0 0.0 0.0 0.0 -0.0 0.0 37.063267 72.756516 46.725037 -5.956432 40.127373 -9.59597 1.340387 2.040643 21.27195 -0.183578 2.278221 4.072902 -2.612638 4.533235 26.247551 -6.487145 4.87144 10.137832 0.236925 8.552135 -3.819589 -10.210701 9.812774 -29.978548 7.7e-05 -2.3e-05 5e-06 0.063199 -0.124829 -0.059174 0.634558 -3.793854 -10.50932 -0.506224 3.537311 -10.507712 1.196383 -5.622172 18.444759 -65.255112 -1.113431 -17.341808 179.506546 -60.722385 -178.781357 12.083877 -12.639547 11.665053 -5.882108 9.861288 0.70259 -10.936875 -0.360574 7.15621 1e-06 8.774827 -1e-06 -16.176666 18.378977 6.038186 -1.844032 2.498506 -2.507278 -10.163606 4.678944 4.62111 -20.97603 -5e-06 -1e-06 -21.226297 2.451698 -3.594004 0.0 -4e-06 -0.0 -1.362684 2.240799 -0.746324 -21.334921 0.584909 3.008326 -13.821218 -4e-06 4e-06 -23.887178 -0.249077 -0.839484 -60.063244 2.595157 -1.493554 -0.294026 1.679688 0.833256 -14.21821 0.093216 1.300581 -34.212051 -0.287566 0.967172 -20.033215 0.964535 1.212844 0.0 -0.0 0.0 -3.440391 0.788234 0.501655 -15.928191 -3.167313 2.999708 -6.338827 -2e-06 2e-06 -18.123453 3.648185 -4.905673 -4e-06 1e-06 -1e-06 -27.437517 22.640244 7.314069 85.921844 44.222069 26.007275 -4.779919 75.871857 -3.520578 -6.09578 -9.532856 42.706055 2.243546 -5.25504 -3.180157 14.282896 -0.826599 6.952507 0.0 -12.69061 3e-06 15.641555 -17.703419 3.480423 1.665666 -1.955922 -2.8783 4.727801 -4.170591 4.993926 11.02053 0.0 -2e-06 12.109059 -3.73572 -2.866785 -0.0 -1e-06 0.0 1.291984 -1.928551 -1.498089 14.800136 0.567466 3.865613 14.242582 -1.341739 -6.66066 19.631977 0.143922 -0.648245 50.738556 -1.308163 -6.531353 0.353031 -1.511152 -0.031941 20.222801 3.684307 2.31663 18.787285 1e-06 -2e-06 10.751633 -0.479871 1.397906 0.0 1e-06 0.0 3.273808 0.305948 -0.580113 21.486822 11.830376 2.266132 8.16293 -3e-06 -0.0 18.399096 -3.798989 -4.940579 3e-06 -2e-06 -1e-06 6.719865 9.415839 -46.864902 0.549613 0.184364 104.98912 -13.475293 19.995937 -14.829113 1.855234 -2.004454 -2.116795 -0.0 -1e-06 3e-06 4.633448 11.370481 -66.03521 0.317854 0.294822 115.082802 9.604091 7.563733 -13.571014 -1.481335 1.044048 -0.727042 1e-06 2e-06 -1e-06
0.0 0.0 0.0 0.0 -0.0 0.0 38.009403 72.821892 48.103569 -6.23679 40.351387 -9.516713 1.274112 2.031608 21.159092 -0.192383 2.248343 4.06862 -2.403501 4.540898 26.270325 -6.545063 4.86439 9.938306 0.255214 8.658199 -3.799332 -10.223894 9.849282 -30.334028 7.7e-05 -2.3e-05 5e-06 0.070673 -0.146528 -0.056961 0.63892 -3.814363 -10.480363 -0.495704 3.514515 -10.484791 1.216477 -5.471217 18.413506 -65.751892 -1.450825 -17.215105 179.967789 -59.412621 -179.29599 11.014302 -11.779241 12.631901 -5.88211 9.86129 0.70259 -10.936877 -0.360574 7.15621 -1e-06 8.774825 -2e-06 -16.205536 18.465105 6.059711 -1.844031 2.498506 -2.507279 -10.163602 4.678947 4.621113 -20.976027 -2e-06 1e-06 -21.226292 2.451702 -3.594002 0.0 -4e-06 -0.0 -1.362682 2.240798 -0.746322 -21.334923 0.584912 3.008326 -13.821218 -1e-06 3e-06 -23.887178 -0.249076 -0.839485 -60.132324 2.602079 -1.517589 -0.294025 1.679688 0.833256 -14.218214 0.093218 1.300583 -34.212067 -0.287561 0.96717 -20.033222 0.964541 1.212842 0.0 -0.0 0.0 -3.440389 0.788233 0.501656 -15.928192 -3.16731 2.999711 -6.338827 0.0 1e-06 -18.123453 3.648185 -4.905672 -4e-06 2e-06 -1e-06 -26.228424 22.5592 8.052999 84.95369 43.074089 24.127733 -4.349571 74.974335 -3.024027 -6.179863 -10.083265 44.802128 2.243542 -5.25504 -3.180159 14.282902 -0.8266 6.952507 0.0 -12.690616 3e-06 15.618333 -17.527246 3.449019 1.665668 -1.955923 -2.878301 4.727803 -4.170592 4.993927 11.020536 2e-06 -2e-06 12.10906 -3.73572 -2.866784 -0.0 -0.0 -1e-06 1.291986 -1.928551 -1.49809 14.800139 0.567464 3.86561 14.242582 -1.341738 -6.660663 19.631979 0.143923 -0.648246 50.661625 -1.328232 -6.494219 0.35303 -1.511151 -0.03194 20.222805 3.68431 2.316631 18.787289 4e-06 -2e-06 10.751637 -0.479869 1.397906 1e-06 1e-06 0.0 3.27381 0.305947 -0.58011 21.486828 11.830382 2.266134 8.162934 -3e-06 0.0 18.399099 -3.79899 -4.940581 3e-06 -3e-06 -0.0 7.455259 9.649327 -45.131336 0.569886 0.17666 104.605377 -13.966216 19.65361 -17.022436 1.864517 -2.047661 -2.206394 1e-06 -0.0 5e-06 4.864773 10.722565 -66.447517 0.37179 0.272248 116.739929 10.843328 9.88066 -13.374554 -1.474533 1.036018 -0.631994 0.0 0.0 -1e-06
0.0 0.0 0.0 0.0 -0.0 0.0 39.005234 72.856461 49.414913 -6.448334 40.606758 -9.369568 1.260456 1.975022 21.051653 -0.153765 2.220031 4.031995 -2.136132 4.523309 26.301601 -6.7364 5.010046 9.806419 0.265882 8.582554 -3.76736 -10.321964 9.996285 -30.446074 7.7e-05 -2.3e-05 5e-06 0.08021 -0.165003 -0.05568 0.644317 -3.833488 -10.444958 -0.48204 3.496991 -10.45796 1.403935 -5.45148 18.251177 -66.767822 -1.461256 -17.018375 -179.373413 -58.002644 -179.814117 10.104548 -10.858096 13.357664 -5.882107 9.861284 0.702591 -10.936872 -0.360572 7.156205 -0.0 8.774826 1e-06 -16.086662 18.488586 6.142488 -1.844031 2.498505 -2.507277 -10.163601 4.678949 4.621109 -20.976023 0.0 1e-06 -21.226288 2.451698 -3.594002 0.0 -5e-06 -1e-06 -1.362683 2.240795 -0.746323 -21.334913 0.584914 3.008323 -13.821215 0.0 1e-06 -23.887171 -0.249076 -0.839489 -59.993206 2.610849 -1.486192 -0.294023 1.679688 0.833256 -14.218211 0.093216 1.30058 -34.212048 -0.287558 0.967165 -20.033215 0.964542 1.21284 1e-06 0.0 -1e-06 -3.440391 0.788233 0.501654 -15.928185 -3.167305 2.999707 -6.338826 0.0 0.0 -18.123444 3.648185 -4.905673 -4e-06 2e-06 -1e-06 -25.330669 22.417568 8.526058 84.198845 42.260201 23.013878 -4.535263 74.351067 -3.139735 -6.08517 -10.728096 46.932186 2.243543 -5.255038 -3.180157 14.282889 -0.826593 6.952499 -0.0 -12.690606 -1e-06 15.632816 -17.459539 3.382665 1.665666 -1.955921 -2.8783 4.727797 -4.170588 4.993925 11.020527 4e-06 -2e-06 12.109053 -3.735715 -2.866786 -0.0 0.0 0.0 1.291984 -1.928549 -1.498091 14.800127 0.567468 3.865606 14.242571 -1.341735 -6.660655 19.631968 0.143927 -0.648243 50.659718 -1.417666 -6.520419 0.35303 -1.511152 -0.031939 20.22279 3.684312 2.316629 18.787275 6e-06 -2e-06 10.751629 -0.479869 1.397906 0.0 2e-06 -0.0 3.273808 0.305946 -0.58011 21.486813 11.830378 2.266131 8.162927 1e-06 -0.0 18.39908 -3.798986 -4.940577 3e-06 -2e-06 -0.0 7.997166 9.699128 -43.448978 0.55682 0.164209 104.153915 -14.103148 19.461708 -19.173767 1.863056 -2.062536 -2.196114 1e-06 -0.0 2e-06 4.725183 9.955414 -67.348709 0.439426 0.269044 117.557747 12.049887 11.836102 -13.004861 -1.464233 1.040764 -0.436474 0.0 -1e-06 -1e-06
0.0 0.0 0.0 0.0 -0.0 0.0 40.052876 72.928307 50.728573 -6.528031 40.799793 -9.233321 1.299864 1.867662 20.994663 -0.091903 2.193343 3.986548 -1.878774 4.422335 26.332191 -7.102875 5.226008 9.652893 0.241444 8.495051 -3.734963 -10.464668 10.269325 -30.348005 7.7e-05 -2.3e-05 4e-06 0.088601 -0.182044 -0.061244 0.642346 -3.854018 -10.427398 -0.463269 3.483625 -10.445046 1.661175 -5.52029 18.052683 -68.041992 -1.240927 -16.452103 -178.858917 -57.078625 179.985779 9.365495 -10.040503 13.90169 -5.882114 9.861298 0.702589 -10.936878 -0.360573 7.156213 -1e-06 8.77483 -3e-06 -15.89376 18.443516 6.219495 -1.844035 2.498507 -2.507279 -10.16361 4.67895 4.621114 -20.97604 1e-06 2e-06 -21.226307 2.451702 -3.594006 0.0 -5e-06 -0.0 -1.362684 2.240798 -0.746324 -21.334934 0.584914 3.008325 -13.821227 3e-06 1e-06 -23.887192 -0.249076 -0.839487 -59.790371 2.594984 -1.401237 -0.294025 1.679689 0.833258 -14.218223 0.093218 1.300582 -34.212078 -0.287557 0.967168 -20.033232 0.96454 1.212842 0.0 1e-06 0.0 -3.440393 0.788236 0.501657 -15.928201 -3.16731 2.999713 -6.338833 1e-06 1e-06 -18.123466 3.648191 -4.905677 -4e-06 2e-06 -2e-06 -24.892979 22.271713 8.734268 83.874588 41.724022 22.598129 -4.930932 73.592636 -3.44036 -6.160764 -11.223094 49.025757 2.243545 -5.255038 -3.180161 14.282905 -0.826597 6.952507 -2e-06 -12.690609 5e-06 15.623909 -17.41296 3.287275 1.665668 -1.955924 -2.878299 4.727804 -4.170591 4.993927 11.020538 3e-06 -1e-06 12.109064 -3.735717 -2.866785 -0.0 0.0 -1e-06 1.291986 -1.928549 -1.498093 14.80014 0.567467 3.865608 14.242585 -1.341735 -6.660663 19.631985 0.143925 -0.648247 50.555313 -1.493985 -6.577328 0.35303 -1.51115 -0.031941 20.222807 3.684311 2.31663 18.787292 3e-06 -4e-06 10.751639 -0.479869 1.397905 -1e-06 -2e-06 -0.0 3.273809 0.305947 -0.580112 21.486835 11.830379 2.266129 8.162936 2e-06 -2e-06 18.399103 -3.798988 -4.940582 3e-06 -2e-06 -0.0 8.370216 9.564709 -41.57444 0.515698 0.142346 103.600792 -14.261477 19.299078 -20.998959 1.87154 -2.078921 -2.233418 -2e-06 0.0 2e-06 4.293316 9.299947 -68.350861 0.484116 0.274081 116.737015 12.580879 12.456353 -12.586911 -1.438092 1.032506 -0.317905 -1e-06 -0.0 -1e-06
0.0 0.0 0.0 0.0 -0.0 0.0 41.114216 73.049469 52.073807 -6.399073 41.023834 -8.968032 1.364416 1.756846 20.966572 -0.018643 2.103108 3.940665 -1.693154 4.174641 26.281668 -7.605119 5.389301 9.44432 0.228872 8.529132 -3.722641 -10.706783 10.678386 -30.27021 7.6e-05 -2.2e-05 5e-06 0.087173 -0.176075 -0.06739 0.629943 -3.851536 -10.427465 -0.453742 3.493524 -10.448247 2.005126 -5.748962 17.772852 -69.386734 -0.799436 -15.545853 -178.355469 -56.793549 179.911301 8.745821 -9.236176 14.36633 -5.882114 9.861298 0.702589 -10.936881 -0.360572 7.156213 -2e-06 8.774833 -0.0 -15.774094 18.312555 6.201654 -1.844033 2.498508 -2.507281 -10.163611 4.678951 4.621113 -20.976046 -0.0 -1e-06 -21.226311 2.451701 -3.594008 0.0 -3e-06 -1e-06 -1.362684 2.2408 -0.746324 -21.334934 0.584917 3.008326 -13.821227 0.0 1e-06 -23.887194 -0.249076 -0.839489 -59.619835 2.588518 -1.299716 -0.294026 1.679689 0.833256 -14.218221 0.093218 1.300581 -34.212078 -0.287559 0.967167 -20.03323 0.964539 1.212842 -0.0 1e-06 -1e-06 -3.440392 0.788235 0.501656 -15.928201 -3.16731 2.999711 -6.338832 0.0 1e-06 -18.123463 3.648186 -4.905678 -4e-06 -0.0 -1e-06 -24.883654 22.028538 8.744679 84.124062 41.404465 22.72887 -5.395062 72.651169 -3.853572 -6.660323 -11.419683 50.843166 2.243545 -5.255042 -3.18016 14.282904 -0.826596 6.952508 -1e-06 -12.690612 2e-06 15.610924 -17.444324 3.233971 1.665668 -1.955924 -2.878303 4.727805 -4.170592 4.993927 11.02054 1e-06 -2e-06 12.109064 -3.73572 -2.866787 -0.0 0.0 1e-06 1.291988 -1.928551 -1.498088 14.800146 0.567467 3.865612 14.242588 -1.341738 -6.660665 19.631987 0.143923 -0.648245 50.518799 -1.557879 -6.630981 0.353031 -1.511153 -0.031941 20.222815 3.684308 2.31663 18.787296 2e-06 -2e-06 10.751641 -0.479872 1.397906 -1e-06 0.0 0.0 3.27381 0.305947 -0.58011 21.486837 11.830382 2.266135 8.162937 -1e-06 -0.0 18.399107 -3.79899 -4.940582 3e-06 -1e-06 -1e-06 8.504697 9.193439 -39.739086 0.468511 0.096532 103.17942 -14.429767 18.786755 -21.560066 1.878781 -2.077251 -2.64719 1e-06 1e-06 4e-06 3.433486 8.968533 -69.302437 0.46482 0.304083 113.710754 12.214519 11.425999 -12.269535 -1.4164 1.025435 -0.158675 1e-06 1e-06 -0.0
0.0 0.0 0.0 0.0 -0.0 0.0 42.177143 73.239243 53.461945 -6.157077 41.190159 -8.580304 1.455967 1.676256 20.923452 0.070476 1.914002 3.889981 -1.607948 3.837313 26.136553 -8.287417 5.470311 9.059875 0.289616 8.835744 -3.729047 -11.06995 11.229967 -30.227406 7.7e-05 -2.3e-05 4e-06 0.076399 -0.150665 -0.070618 0.617396 -3.828021 -10.436345 -0.462822 3.521535 -10.453646 2.319794 -6.110209 17.482004 -70.596687 -0.241094 -14.485752 -178.031174 -57.179634 179.977707 8.174697 -8.532793 14.744278 -5.88211 9.86129 0.70259 -10.936875 -0.360575 7.156209 -3e-06 8.774826 -1e-06 -15.807684 18.088493 6.050046 -1.844033 2.498506 -2.507279 -10.163604 4.678948 4.621112 -20.97603 2e-06 3e-06 -21.226292 2.4517 -3.594003 0.0 -4e-06 -1e-06 -1.362684 2.2408 -0.746324 -21.334921 0.584915 3.008325 -13.821218 1e-06 2e-06 -23.887177 -0.249075 -0.839486 -59.523998 2.577848 -1.179876 -0.294025 1.679686 0.833256 -14.218212 0.093217 1.300581 -34.212055 -0.287559 0.967167 -20.03322 0.964541 1.212842 -0.0 1e-06 -1e-06 -3.440391 0.788234 0.501656 -15.928189 -3.167309 2.999711 -6.338828 0.0 1e-06 -18.123453 3.648185 -4.905674 -4e-06 1e-06 -1e-06 -25.252676 21.666239 8.510282 85.042458 41.188931 23.272335 -5.730319 71.633606 -4.180304 -7.673522 -11.471738 52.510529 2.243543 -5.255038 -3.180159 14.282896 -0.826592 6.952505 -3e-06 -12.690609 1e-06 15.584346 -17.445904 3.242703 1.665668 -1.955922 -2.878301 4.727801 -4.170589 4.993927 11.020534 4e-06 -2e-06 12.109058 -3.735715 -2.866784 -0.0 -0.0 0.0 1.291986 -1.928548 -1.498088 14.800138 0.56747 3.865609 14.242577 -1.341733 -6.660658 19.631973 0.143929 -0.648244 50.515751 -1.569944 -6.640076 0.35303 -1.511152 -0.031937 20.222801 3.684315 2.316631 18.787283 7e-06 -1e-06 10.751634 -0.479869 1.397908 0.0 -0.0 0.0 3.273809 0.305948 -0.580111 21.486828 11.830381 2.266132 8.162932 4e-06 -1e-06 18.399088 -3.798984 -4.940575 3e-06 -2e-06 -0.0 8.465315 8.560425 -37.955257 0.404363 0.02496 102.834702 -14.931727 17.972858 -21.057009 1.88563 -2.055926 -3.692162 -0.0 -1e-06 5e-06 2.277779 9.267871 -69.949463 0.404374 0.378935 107.698227 10.904306 8.90964 -11.23394 -1.399714 1.027226 0.060689 0.0 0.0 -0.0
0.0 0.0 0.0 0.0 -0.0 0.0 43.219223 73.405441 54.924286 -5.884235 41.217262 -8.119718 1.563502 1.597628 20.818478 0.149067 1.652658 3.825524 -1.610545 3.483534 25.832123 -9.12294 5.580335 8.528113 0.465457 9.366007 -3.739265 -11.484266 11.791417 -30.245327 7.7e-05 -2.2e-05 6e-06 0.065002 -0.127217 -0.064086 0.612063 -3.806374 -10.462545 -0.480604 3.547532 -10.47184 2.589191 -6.432959 17.360332 -71.425964 0.33331 -13.32754 -178.119324 -58.148174 -179.695648 7.885689 -7.762794 15.214679 -5.882107 9.861286 0.70259 -10.936871 -0.360572 7.156208 -1e-06 8.774824 -0.0 -15.861248 17.874966 5.898815 -1.844033 2.498504 -2.507278 -10.163601 4.678945 4.621109 -20.976023 -2e-06 1e-06 -21.22629 2.451699 -3.594002 -0.0 -4e-06 -1e-06 -1.362681 2.240797 -0.746323 -21.334913 0.584913 3.008324 -13.821213 2e-06 2e-06 -23.887169 -0.249076 -0.839486 -59.477848 2.56493 -1.072354 -0.294025 1.679687 0.833257 -14.218208 0.093217 1.300583 -34.212051 -0.287559 0.96717 -20.033215 0.964541 1.212842 -0.0 -1e-06 1e-06 -3.440389 0.788233 0.501655 -15.928185 -3.167306 2.999709 -6.338825 1e-06 2e-06 -18.123444 3.648188 -4.90567 -4e-06 3e-06 -2e-06 -26.099482 21.221468 8.005864 86.667152 40.979607 24.178236 -5.654378 70.725609 -4.165551 -9.056117 -11.524334 53.69062 2.243545 -5.255037 -3.180157 14.282895 -0.826599 6.952504 -0.0 -12.690606 4e-06 15.524701 -17.384642 3.287896 1.665666 -1.955922 -2.878299 4.727798 -4.170588 4.993926 11.020525 2e-06 -2e-06 12.109055 -3.735716 -2.866783 -0.0 -0.0 1e-06 1.291987 -1.92855 -1.49809 14.800132 0.567465 3.865608 14.242576 -1.341737 -6.66066 19.631973 0.143926 -0.648248 50.455212 -1.50737 -6.591158 0.353029 -1.51115 -0.031941 20.222794 3.684307 2.316626 18.787277 3e-06 -3e-06 10.75163 -0.479871 1.397905 1e-06 2e-06 0.0 3.273808 0.305946 -0.58011 21.486813 11.830373 2.266129 8.162926 2e-06 -1e-06 18.399086 -3.798988 -4.940578 3e-06 -0.0 0.0 8.407936 7.815476 -36.203159 0.326986 -0.051256 102.641846 -15.929526 16.73987 -19.827433 1.911496 -2.070291 -5.063988 0.0 0.0 1e-06 1.030365 10.212928 -69.709457 0.338501 0.479483 98.700821 9.351154 5.947289 -9.237077 -1.381845 1.034539 0.270948 0.0 0.0 -1e-06
0.0 0.0 0.0 0.0 -0.0 0.0 44.312813 73.318436 56.634903 -5.662356 41.078953 -7.764884 1.700734 1.483723 20.606024 0.188723 1.443218 3.719317 -1.644322 3.107296 25.386156 -10.121745 5.825472 7.831515 0.760069 9.869184 -3.730664 -11.65494 12.303991 -30.224838 7.7e-05 -2.3e-05 4e-06 0.063576 -0.144598 -0.067338 0.616008 -3.826609 -10.519198 -0.48746 3.534156 -10.514741 2.773465 -6.568297 17.493876 -71.690407 1.067016 -12.285523 -178.588455 -59.332344 -179.320465 7.846259 -7.283422 15.396117 -5.882109 9.861287 0.702589 -10.936875 -0.360572 7.156207 1e-06 8.774825 -2e-06 -15.826466 17.797287 5.89817 -1.844034 2.498505 -2.50728 -10.163602 4.678946 4.62111 -20.97603 -5e-06 -2e-06 -21.226297 2.451698 -3.594004 0.0 -5e-06 -1e-06 -1.36268 2.240798 -0.746324 -21.334921 0.58491 3.008322 -13.821218 -2e-06 1e-06 -23.887178 -0.24908 -0.839486 -59.672974 2.529089 -1.036796 -0.294025 1.679689 0.833256 -14.218212 0.093216 1.300581 -34.212063 -0.287562 0.967167 -20.033222 0.964537 1.212843 -1e-06 1e-06 -0.0 -3.440388 0.788235 0.501655 -15.928189 -3.167309 2.999708 -6.338828 -1e-06 -0.0 -18.123453 3.648181 -4.905673 -4e-06 1e-06 -2e-06 -27.262707 20.884518 7.382812 88.875237 40.610321 25.213469 -4.932403 70.281563 -3.477117 -10.1526 -11.480399 53.458336 2.243545 -5.255037 -3.180158 14.282892 -0.826595 6.952505 -2e-06 -12.690607 1e-06 15.554001 -17.328087 3.261805 1.665667 -1.955921 -2.8783 4.727799 -4.170588 4.993926 11.020529 2e-06 -2e-06 12.109055 -3.735715 -2.866785 0.0 -0.0 1e-06 1.291984 -1.92855 -1.498091 14.800132 0.567466 3.865608 14.242577 -1.341737 -6.660661 19.631973 0.143926 -0.648246 50.314354 -1.353247 -6.597107 0.35303 -1.511152 -0.031941 20.222799 3.684311 2.316629 18.787281 5e-06 -2e-06 10.751632 -0.479869 1.397905 1e-06 -0.0 0.0 3.273806 0.305946 -0.580112 21.486818 11.830377 2.266131 8.16293 0.0 -1e-06 18.399088 -3.798987 -4.940577 3e-06 1e-06 -0.0 8.60412 7.096214 -34.066547 0.273108 -0.078213 102.507172 -17.162104 15.485991 -19.339014 1.947409 -2.082759 -6.211704 1e-06 -0.0 1e-06 -0.301675 11.815295 -68.469017 0.365067 0.560097 88.790581 8.195747 3.539393 -5.484931 -1.375929 1.021146 0.604449 0.0 0.0 -1e-06
0.0 0.0 0.0 0.0 -0.0 0.0 45.516281 72.854958 58.678501 -5.225495 40.812904 -7.717572 1.882359 1.442412 20.603588 0.097129 1.376952 3.525804 -1.749815 2.737343 24.766136 -11.182351 5.981798 7.1008 0.848313 10.493431 -3.750933 -11.443041 12.508157 -30.450998 7.7e-05 -2.3e-05 5e-06 0.034126 -0.099256 -0.093314 0.600708 -3.779638 -10.589447 -0.529292 3.579412 -10.565898 2.847376 -6.340839 17.558874 -71.172417 2.496514 -11.398186 -178.871994 -60.553417 -179.462509 7.671379 -7.111005 14.246562 -5.882109 9.861291 0.702592 -10.936877 -0.360572 7.156209 1e-06 8.774828 -1e-06 -15.694334 17.945866 6.211259 -1.844033 2.498506 -2.507278 -10.163604 4.678948 4.621111 -20.976032 -2e-06 2e-06 -21.226295 2.451698 -3.594002 0.0 -6e-06 -0.0 -1.362682 2.240798 -0.746326 -21.334925 0.584911 3.008323 -13.82122 0.0 1e-06 -23.887184 -0.249076 -0.839486 -60.009693 2.541797 -0.871137 -0.294024 1.679688 0.833257 -14.218216 0.093218 1.300581 -34.212067 -0.287558 0.967168 -20.033226 0.964539 1.212843 0.0 1e-06 0.0 -3.440389 0.788234 0.501656 -15.9282 -3.167307 2.999707 -6.338829 1e-06 1e-06 -18.123459 3.648185 -4.905674 -4e-06 -0.0 -2e-06 -28.749786 20.678438 6.551999 91.799301 39.702782 26.523842 -4.409011 70.548836 -2.995098 -10.957605 -10.737924 51.579308 2.243541 -5.255036 -3.180159 14.282893 -0.826593 6.952498 -3e-06 -12.690606 1e-06 15.801944 -17.394693 3.178181 1.665668 -1.955922 -2.878299 4.727798 -4.170588 4.993924 11.020529 4e-06 -2e-06 12.109056 -3.735714 -2.866786 0.0 -0.0 0.0 1.291986 -1.92855 -1.498089 14.800132 0.567469 3.865604 14.242577 -1.341735 -6.660661 19.631973 0.14393 -0.648247 50.227848 -1.176534 -6.660392 0.353028 -1.511151 -0.031939 20.222797 3.684314 2.316627 18.787279 9e-06 -6e-06 10.751631 -0.479865 1.397904 0.0 -1e-06 -0.0 3.273808 0.305947 -0.580113 21.486822 11.830382 2.266129 8.16293 3e-06 -2e-06 18.399088 -3.798981 -4.940579 3e-06 0.0 -1e-06 9.381104 6.54338 -32.593185 0.215282 -0.008645 103.268135 -17.757374 13.074714 -16.77709 2.007339 -2.107259 -7.272489 0.0 -0.0 1e-06 -1.439834 13.966702 -67.470764 0.4069 0.681773 84.345299 8.027779 2.849995 -0.989018 -1.417821 0.976765 1.568865 -0.0 -0.0 -1e-06
0.0 0.0 0.0 0.0 -0.0 0.0 46.687778 72.374779 60.726582 -4.764967 40.442219 -8.004345 2.178168 1.306374 20.542255 0.062769 1.459484 3.404646 -2.020739 2.530034 24.196772 -12.549368 6.258116 6.580934 1.151643 10.756167 -3.732385 -11.459545 12.906724 -31.290371 7.7e-05 -2.2e-05 4e-06 0.041203 -0.126746 -0.067545 0.616579 -3.791142 -10.497384 -0.533373 3.535046 -10.480907 2.770795 -6.352359 17.467188 -70.505531 4.604087 -10.842502 -179.342499 -61.689007 -178.865997 7.205418 -6.807992 13.022477 -5.882109 9.861292 0.702588 -10.936877 -0.360577 7.15621 0.0 8.774827 -2e-06 -15.559998 18.024363 6.381534 -1.844033 2.498506 -2.507279 -10.163604 4.678946 4.62111 -20.976034 -5e-06 2e-06 -21.226297 2.451697 -3.594003 0.0 -4e-06 -0.0 -1.362682 2.240799 -0.746324 -21.334925 0.58491 3.008326 -13.821221 -2e-06 2e-06 -23.887182 -0.249078 -0.839485 -60.144817 2.482492 -1.128233 -0.294025 1.679688 0.833257 -14.218217 0.093216 1.300581 -34.212067 -0.287563 0.96717 -20.033226 0.964536 1.212844 0.0 -0.0 0.0 -3.440391 0.788234 0.501655 -15.928198 -3.167312 2.999711 -6.338829 -2e-06 2e-06 -18.123457 3.648182 -4.905674 -4e-06 -1e-06 -2e-06 -29.48518 20.574425 5.931264 93.831238 38.694656 28.093821 -4.870808 71.249451 -3.566127 -12.044507 -9.019193 48.173241 2.243542 -5.255038 -3.180161 14.2829 -0.826594 6.952504 -3e-06 -12.690609 -1e-06 16.002829 -17.602242 3.172933 1.665669 -1.955922 -2.878302 4.727801 -4.170588 4.993925 11.020536 3e-06 -2e-06 12.10906 -3.735716 -2.866787 -0.0 0.0 0.0 1.291989 -1.92855 -1.49809 14.800138 0.567468 3.865607 14.242584 -1.341735 -6.660664 19.631981 0.143928 -0.648246 50.457878 -1.017132 -6.530229 0.35303 -1.511151 -0.031941 20.222803 3.684312 2.316628 18.787287 6e-06 -4e-06 10.751635 -0.479869 1.397906 0.0 1e-06 0.0 3.27381 0.305945 -0.580113 21.486834 11.830381 2.266131 8.162934 3e-06 -1e-06 18.399096 -3.798981 -4.94058 3e-06 -0.0 0.0 10.681938 6.437741 -31.388872 0.241906 0.009276 104.584412 -18.198847 10.059856 -12.912216 2.042423 -2.129762 -7.877931 0.0 1e-06 1e-06 -1.664096 15.549679 -67.544334 0.472373 0.745493 86.953415 8.528628 3.047619 1.860119 -1.439094 1.029322 1.856826 0.0 0.0 -1e-06
0.0 0.0 0.0 0.0 -0.0 0.0 47.796944 72.142754 62.821716 -4.651629 40.34956 -9.018783 2.397926 1.168365 20.722782 0.082736 1.478535 3.462093 -1.924481 2.361881 24.336573 -13.734824 6.189236 5.565783 1.193314 11.151722 -3.74679 -11.729664 13.630439 -32.179482 7.7e-05 -2.3e-05 5e-06 0.029141 -0.144478 -0.093416 0.646465 -3.794659 -10.475639 -0.586436 3.502383 -10.461546 2.184744 -5.676846 17.478016 -69.66861 5.6522 -11.107117 -178.852051 -63.237438 -179.352112 6.985814 -7.233927 11.136764 -5.882111 9.861294 0.70259 -10.936878 -0.360573 7.156212 -2e-06 8.774831 -2e-06 -15.584786 18.177719 6.649662 -1.844035 2.498505 -2.50728 -10.163607 4.678948 4.621114 -20.976038 -1e-06 3e-06 -21.226303 2.451701 -3.594004 0.0 -6e-06 -0.0 -1.362682 2.240801 -0.746325 -21.33493 0.584913 3.008327 -13.821224 -1e-06 2e-06 -23.887188 -0.249077 -0.839485 -60.243732 2.509488 -1.062017 -0.294026 1.679688 0.833255 -14.218217 0.093216 1.300583 -34.212067 -0.28756 0.96717 -20.033226 0.964541 1.212843 -1e-06 0.0 1e-06 -3.440391 0.788234 0.501657 -15.928201 -3.16731 2.999712 -6.33883 1e-06 2e-06 -18.123459 3.648188 -4.905674 -4e-06 -1e-06 -1e-06 -29.994576 20.278044 5.149901 95.353157 37.975319 29.227732 -4.846027 72.10247 -3.979193 -13.101944 -7.196362 46.466999 2.243542 -5.255037 -3.180161 14.282898 -0.826593 6.952506 -3e-06 -12.690609 1e-06 15.951266 -17.805664 3.104658 1.665667 -1.955921 -2.8783 4.727799 -4.170588 4.993925 11.020531 5e-06 -1e-06 12.109059 -3.735715 -2.866786 -0.0 -0.0 2e-06 1.291987 -1.92855 -1.498091 14.800136 0.567468 3.865608 14.242584 -1.341734 -6.660663 19.631983 0.143929 -0.648245 50.366825 -1.058568 -6.539668 0.353028 -1.51115 -0.03194 20.222803 3.684314 2.316629 18.787285 7e-06 -4e-06 10.751634 -0.479866 1.397904 0.0 1e-06 1e-06 3.273807 0.305947 -0.580112 21.486828 11.830382 2.266129 8.162931 2e-06 -1e-06 18.399094 -3.798985 -4.940577 2e-06 0.0 -2e-06 12.507344 6.844082 -30.420126 -0.017033 -0.13958 106.030907 -17.953245 7.980451 -6.986708 2.085021 -2.038075 -9.419152 0.0 -0.0 1e-06 -0.610966 15.830898 -67.536064 0.612728 0.737623 91.196991 8.403875 3.191785 6.793341 -1.416647 1.047055 1.750019 -0.0 -0.0 -1e-06
0.0 0.0 0.0 0.0 -0.0 0.0 48.76033 72.304062 64.652153 -4.033438 40.412319 -9.67974 2.389104 1.136969 20.657831 0.055658 1.608135 3.513472 -2.055088 2.315254 24.797813 -14.445356 6.497735 5.279533 1.199338 11.440762 -3.789767 -12.029212 14.113288 -32.359379 7.7e-05 -2.3e-05 6e-06 0.025154 -0.162714 -0.099131 0.621575 -3.809973 -10.462145 -0.569298 3.48233 -10.453209 1.60323 -5.533435 17.656239 -69.410561 6.048779 -11.22257 -179.156479 -64.781235 -179.136749 7.782785 -7.974763 9.602464 -5.882112 9.86129 0.70259 -10.936875 -0.360574 7.156209 0.0 8.77483 0.0 -15.732014 18.217934 6.637549 -1.844033 2.498505 -2.507279 -10.163604 4.67895 4.621111 -20.976034 -3e-06 -2e-06 -21.226297 2.451694 -3.594006 0.0 -5e-06 0.0 -1.362683 2.240798 -0.746325 -21.334927 0.584911 3.008321 -13.821221 -2e-06 -1e-06 -23.887184 -0.249082 -0.839488 -60.370773 2.480597 -1.006681 -0.294025 1.679687 0.833256 -14.218214 0.093214 1.300579 -34.212067 -0.287564 0.967164 -20.033222 0.964533 1.212841 -2e-06 -1e-06 0.0 -3.440389 0.788233 0.501655 -15.928192 -3.167308 2.999706 -6.338829 3e-06 0.0 -18.123459 3.648185 -4.905678 -4e-06 -0.0 -2e-06 -29.955475 20.447445 5.155126 95.727097 38.052097 29.933203 -5.849452 71.802208 -5.071101 -13.427744 -6.230573 45.262718 2.243544 -5.255042 -3.180158 14.282904 -0.826597 6.95251 -2e-06 -12.690614 1e-06 15.869711 -17.877127 3.057368 1.665667 -1.955922 -2.878301 4.727804 -4.170592 4.993927 11.020535 2e-06 1e-06 12.10906 -3.735719 -2.866784 0.0 -1e-06 1e-06 1.291985 -1.928552 -1.498089 14.800142 0.567466 3.865611 14.242585 -1.341737 -6.660663 19.631987 0.143923 -0.648244 50.455074 -1.163776 -6.566168 0.353028 -1.511151 -0.031941 20.222809 3.68431 2.316634 18.787291 3e-06 -0.0 10.751639 -0.479869 1.397908 0.0 -0.0 0.0 3.27381 0.305947 -0.58011 21.486832 11.830383 2.266139 8.162935 2e-06 0.0 18.399103 -3.798988 -4.940577 3e-06 -1e-06 -3e-06 13.854366 7.054717 -30.675121 -0.28155 -0.31741 107.344421 -17.783199 7.195099 0.250799 2.140846 -1.950545 -10.403572 -0.0 -0.0 4e-06 -0.002896 16.005867 -66.66288 0.640091 0.674274 93.928795 7.978481 2.5897 11.514091 -1.394215 1.075069 1.924952 -1e-06 -1e-06 -2e-06
0.0 0.0 0.0 0.0 -0.0 0.0 49.750126 72.639618 66.30925 -3.231249 40.573368 -10.091349 2.380386 1.133602 20.608673 0.016977 1.852687 3.557157 -2.281419 2.306088 24.76705 -15.167962 7.13999 5.570584 1.22486 11.777794 -3.831056 -12.46368 14.469573 -32.168613 7.7e-05 -2.3e-05 6e-06 0.027028 -0.172029 -0.073765 0.602798 -3.825187 -10.469352 -0.54644 3.480043 -10.471128 1.336813 -5.566168 17.841949 -69.679466 6.226948 -10.518435 -179.794952 -66.861908 -178.649094 8.820229 -9.09652 7.756866 -5.882112 9.861295 0.702592 -10.936878 -0.360573 7.156212 -1e-06 8.774831 1e-06 -15.796395 18.167418 6.560428 -1.844035 2.498506 -2.50728 -10.16361 4.678951 4.621115 -20.976042 -2e-06 -2e-06 -21.226307 2.451696 -3.594007 1e-06 -5e-06 -0.0 -1.362685 2.240799 -0.746324 -21.334934 0.584914 3.008324 -13.821227 1e-06 -2e-06 -23.887192 -0.249082 -0.839489 -60.344933 2.389482 -0.894832 -0.294026 1.679688 0.833257 -14.218221 0.093217 1.300579 -34.212078 -0.287563 0.967165 -20.033232 0.964538 1.212841 -0.0 1e-06 -1e-06 -3.440393 0.788235 0.501656 -15.9282 -3.167309 2.999709 -6.338831 1e-06 1e-06 -18.123463 3.648188 -4.905678 -4e-06 -0.0 -2e-06 -30.144981 21.024672 5.242095 95.352791 38.616901 30.515913 -6.308443 70.026703 -5.236103 -12.712748 -6.747531 44.153034 2.243545 -5.255039 -3.180161 14.2829 -0.8266 6.952507 -2e-06 -12.690614 3e-06 15.755314 -17.930157 3.103957 1.665666 -1.955921 -2.878304 4.727802 -4.170591 4.99393 11.020535 1e-06 -2e-06 12.10906 -3.735717 -2.866787 0.0 -0.0 1e-06 1.291987 -1.92855 -1.498089 14.800139 0.567464 3.865609 14.242582 -1.341736 -6.660663 19.631979 0.143926 -0.648248 50.567276 -1.179651 -6.548662 0.35303 -1.511153 -0.031941 20.222803 3.684309 2.316629 18.787287 3e-06 -3e-06 10.751634 -0.47987 1.397905 0.0 1e-06 1e-06 3.273808 0.305948 -0.580112 21.486824 11.830381 2.266131 8.16293 1e-06 -1e-06 18.399097 -3.79899 -4.940581 4e-06 0.0 -1e-06 14.678111 7.253316 -31.691187 -0.567984 -0.560469 108.316322 -17.322901 7.391231 6.891768 2.19902 -1.936705 -9.663079 1e-06 -0.0 3e-06 0.469982 16.108662 -65.489563 0.542131 0.616743 95.711746 7.529008 1.820769 15.320809 -1.392879 1.087643 1.81661 -1e-06 -0.0 -3e-06
0.0 0.0 0.0 0.0 -0.0 0.0 50.699268 73.113213 67.829445 -2.408326 40.767975 -10.3575 2.426825 1.084239 20.676809 -0.015789 1.890207 3.503666 -2.540905 2.552892 24.36051 -16.128847 7.601187 5.673009 1.382986 12.658359 -3.766189 -12.819201 14.966831 -31.6355 7.7e-05 -2.2e-05 7e-06 0.025544 -0.187257 -0.055778 0.605618 -3.825594 -10.455304 -0.553759 3.452555 -10.473207 1.371368 -5.237958 17.884348 -69.749023 6.082869 -8.425106 178.853241 -70.259964 -177.589554 9.464552 -10.102118 6.350412 -5.882108 9.861292 0.702589 -10.936872 -0.360574 7.156208 -1e-06 8.774826 -2e-06 -15.740704 18.175871 6.571514 -1.844033 2.498505 -2.507279 -10.163605 4.678948 4.62111 -20.97603 0.0 0.0 -21.226297 2.451702 -3.594005 0.0 -5e-06 -0.0 -1.362682 2.240799 -0.746323 -21.334917 0.584913 3.008324 -13.821217 0.0 2e-06 -23.887177 -0.249072 -0.839487 -60.175598 2.586834 -0.969037 -0.294026 1.679689 0.833255 -14.218214 0.093218 1.300581 -34.212055 -0.287559 0.967167 -20.033218 0.964537 1.21284 -0.0 1e-06 -0.0 -3.440389 0.788231 0.501655 -15.928189 -3.167307 2.99971 -6.338828 3e-06 2e-06 -18.123453 3.648185 -4.905674 -4e-06 -0.0 -2e-06 -30.95368 21.6828 4.379496 94.841553 39.085609 31.386349 -6.099338 67.159035 -4.799339 -11.149133 -8.592603 42.591484 2.24354 -5.255035 -3.180158 14.282888 -0.826594 6.952502 -3e-06 -12.690599 -1e-06 15.609776 -17.731501 3.069848 1.665665 -1.95592 -2.878298 4.727798 -4.170584 4.993924 11.020524 3e-06 -1e-06 12.109052 -3.735714 -2.866785 -0.0 -0.0 1e-06 1.291984 -1.92855 -1.498091 14.800129 0.567467 3.865608 14.242571 -1.341736 -6.66066 19.631969 0.143925 -0.648245 50.448956 -1.330658 -6.539894 0.35303 -1.51115 -0.03194 20.222794 3.684307 2.31663 18.787271 6e-06 -2e-06 10.751628 -0.479868 1.397905 0.0 -0.0 0.0 3.273807 0.305947 -0.58011 21.486813 11.830371 2.266132 8.162926 0.0 -1e-06 18.399084 -3.798983 -4.940578 3e-06 -1e-06 -0.0 15.107967 7.649869 -33.298698 -0.74436 -0.666615 109.287247 -15.72333 7.87929 11.165792 2.224197 -1.980821 -6.738166 1e-06 -0.0 2e-06 1.021358 15.864156 -64.549431 0.551567 0.584335 97.395805 7.710988 1.444484 18.215282 -1.407092 1.139346 1.651959 1e-06 1e-06 -3e-06
0.0 0.0 0.0 0.0 -0.0 0.0 51.698009 73.548088 69.127121 -1.672662 40.732407 -10.444424 2.508327 1.111605 20.64204 0.005618 2.129671 3.416144 -2.679313 2.820229 23.772501 -17.206278 8.092129 5.618722 1.582648 13.394923 -3.71909 -13.091957 15.698575 -31.326506 7.7e-05 -2.2e-05 6e-06 0.021917 -0.208071 -0.048303 0.612202 -3.850239 -10.470178 -0.569938 3.436532 -10.498276 1.333388 -4.937908 17.834194 -69.530647 5.933212 -6.419752 178.48999 -74.722725 -177.056137 9.593498 -10.75863 5.371944 -5.882111 9.861296 0.702592 -10.936881 -0.360574 7.156214 -0.0 8.774835 -1e-06 -15.558674 18.132133 6.651059 -1.844034 2.498505 -2.507281 -10.16361 4.678953 4.621113 -20.976042 -3e-06 0.0 -21.226307 2.451698 -3.594005 -0.0 -6e-06 -1e-06 -1.362682 2.240801 -0.746325 -21.33493 0.584912 3.008325 -13.821225 -2e-06 1e-06 -23.887188 -0.249077 -0.839488 -60.064548 2.655031 -0.956883 -0.294024 1.67969 0.833257 -14.218222 0.093216 1.30058 -34.212078 -0.287562 0.967167 -20.033232 0.96454 1.212842 -0.0 0.0 1e-06 -3.440392 0.788238 0.501657 -15.928201 -3.167313 2.99971 -6.338832 0.0 1e-06 -18.123463 3.648189 -4.905676 -4e-06 -1e-06 -2e-06 -32.211926 22.621569 3.535248 94.061401 39.956951 32.30695 -5.665748 63.985512 -4.225766 -9.38405 -10.708074 40.933788 2.243543 -5.25504 -3.18016 14.282896 -0.826594 6.952507 -3e-06 -12.690609 2e-06 15.636468 -17.718222 3.096602 1.665666 -1.955921 -2.878299 4.727799 -4.170588 4.993927 11.020529 5e-06 -1e-06 12.109055 -3.735716 -2.866783 -0.0 0.0 -0.0 1.291985 -1.928549 -1.49809 14.800136 0.56747 3.86561 14.242577 -1.341733 -6.660657 19.631973 0.143928 -0.648241 50.539341 -1.313734 -6.574975 0.35303 -1.511151 -0.03194 20.222801 3.684314 2.316632 18.787279 6e-06 -1e-06 10.751632 -0.47987 1.397907 -0.0 1e-06 -0.0 3.273809 0.305947 -0.58011 21.48682 11.830382 2.266135 8.16293 -0.0 0.0 18.39909 -3.798986 -4.940576 3e-06 -2e-06 0.0 14.925575 8.281445 -35.198135 -0.724143 -0.609299 110.095726 -13.493918 8.731114 10.671294 2.177118 -2.00692 -4.473114 1e-06 0.0 2e-06 1.61922 15.913507 -63.920933 0.525704 0.576342 98.560532 7.778057 0.636083 19.650797 -1.421391 1.157757 1.61831 1e-06 1e-06 -2e-06
0.0 0.0 0.0 0.0 -0.0 0.0 52.697342 74.02462 70.262665 -1.003111 40.554611 -10.289795 2.615643 1.204304 20.517887 0.077503 2.446105 3.323026 -2.814207 3.113072 23.14784 -18.234003 8.494619 5.1841 1.800379 14.090471 -3.645326 -13.301527 16.636435 -31.178654 7.7e-05 -2.2e-05 6e-06 0.015888 -0.215478 -0.04739 0.615598 -3.863611 -10.476651 -0.587763 3.435999 -10.50841 0.969065 -4.509766 17.702908 -69.228836 5.421187 -5.005958 177.883286 -80.208733 -176.10611 9.845652 -11.623794 3.432749 -5.882114 9.861301 0.70259 -10.936883 -0.360573 7.156216 0.0 8.774838 0.0 -15.47584 18.152975 6.740855 -1.844034 2.498509 -2.507282 -10.163614 4.678955 4.621116 -20.976055 1e-06 -1e-06 -21.226318 2.451701 -3.59401 1e-06 -5e-06 0.0 -1.362683 2.2408 -0.746324 -21.334942 0.584915 3.008327 -13.821233 -1e-06 -0.0 -23.887201 -0.249077 -0.839489 -60.111362 2.668698 -0.970298 -0.294023 1.679689 0.833258 -14.218224 0.093219 1.300584 -34.212097 -0.28756 0.967167 -20.033239 0.96454 1.212841 -1e-06 1e-06 -0.0 -3.440392 0.788234 0.501658 -15.928203 -3.16731 2.999711 -6.338833 1e-06 1e-06 -18.12347 3.648188 -4.90568 -4e-06 -1e-06 -2e-06 -33.336094 23.638474 2.712496 93.067451 41.016029 33.246769 -5.381655 61.057369 -3.899408 -7.920164 -12.286297 38.953022 2.243546 -5.255041 -3.18016 14.282906 -0.826596 6.952507 -2e-06 -12.690617 4e-06 15.800512 -17.768057 3.124686 1.665668 -1.955923 -2.878303 4.727803 -4.170592 4.993927 11.020538 3e-06 -3e-06 12.109064 -3.735719 -2.866788 -0.0 0.0 0.0 1.291987 -1.928552 -1.49809 14.800146 0.567468 3.865609 14.242587 -1.341737 -6.660662 19.631989 0.143928 -0.648246 50.769508 -1.280093 -6.569497 0.353029 -1.511152 -0.03194 20.222815 3.684313 2.316629 18.787291 6e-06 -2e-06 10.751639 -0.479869 1.397904 -0.0 1e-06 -1e-06 3.273812 0.305947 -0.580112 21.486837 11.830384 2.26613 8.162936 1e-06 -1e-06 18.399103 -3.798988 -4.940582 3e-06 -3e-06 1e-06 14.048427 9.054305 -37.400787 -0.598324 -0.447882 109.9179 -11.17577 10.63026 7.639388 2.090154 -1.996973 -3.301295 -0.0 -0.0 2e-06 2.328405 16.0686 -63.565445 0.499373 0.539222 99.142342 7.207649 -0.331943 19.780682 -1.432531 1.169727 1.670339 0.0 -1e-06 -2e-06
0.0 0.0 0.0 0.0 -0.0 0.0 53.672062 74.4683 71.260788 -0.447245 40.337208 -10.022243 2.732938 1.320846 20.338978 0.162124 2.770613 3.266039 -2.926996 3.449953 22.613974 -19.144144 8.789298 4.375778 2.060774 14.831738 -3.556123 -13.494736 17.716295 -31.092455 7.7e-05 -2.3e-05 6e-06 0.011 -0.217793 -0.0426 0.620193 -3.873899 -10.475648 -0.604121 3.442597 -10.506577 0.271968 -4.066656 17.549128 -69.124405 4.639695 -4.657029 174.436417 -86.215866 -172.583054 10.699195 -12.834063 0.214482 -5.88211 9.861292 0.702589 -10.936873 -0.360574 7.15621 1e-06 8.774828 -1e-06 -15.511737 18.176289 6.740524 -1.844033 2.498508 -2.507279 -10.163602 4.678948 4.621112 -20.976027 -2e-06 1e-06 -21.226292 2.451698 -3.594005 0.0 -7e-06 -0.0 -1.362681 2.2408 -0.746324 -21.334923 0.584911 3.008326 -13.821218 -1e-06 2e-06 -23.887178 -0.249077 -0.839485 -60.219799 2.630634 -0.997292 -0.294025 1.679687 0.833256 -14.21821 0.093218 1.300583 -34.212055 -0.287559 0.96717 -20.033216 0.96454 1.212843 -0.0 2e-06 -1e-06 -3.440388 0.788234 0.501657 -15.928192 -3.16731 2.999711 -6.338829 2e-06 2e-06 -18.123455 3.648187 -4.905673 -4e-06 2e-06 -2e-06 -34.157558 24.575249 2.082625 91.954613 42.178188 34.032749 -5.149878 58.79694 -3.640734 -6.766747 -13.234101 36.485229 2.243542 -5.255037 -3.180158 14.282896 -0.826593 6.952505 -2e-06 -12.690607 1e-06 15.949201 -17.844673 3.168612 1.665667 -1.955921 -2.878298 4.727801 -4.170588 4.993925 11.020529 4e-06 -2e-06 12.109055 -3.735715 -2.866785 0.0 -0.0 0.0 1.291986 -1.92855 -1.49809 14.800132 0.56747 3.865608 14.242579 -1.341735 -6.66066 19.631975 0.143929 -0.648245 50.984058 -1.260146 -6.58749 0.353027 -1.511151 -0.03194 20.222799 3.684314 2.31663 18.787279 5e-06 -0.0 10.751631 -0.479869 1.397908 -0.0 0.0 0.0 3.273807 0.305947 -0.580111 21.48682 11.83038 2.266134 8.162928 2e-06 -0.0 18.399086 -3.798982 -4.940574 2e-06 -2e-06 1e-06 12.726121 9.708029 -39.876419 -0.424549 -0.284473 108.706787 -9.260199 12.870537 3.967215 2.021284 -1.981549 -2.557771 -2e-06 1e-06 2e-06 3.163193 16.265432 -63.209991 0.447057 0.495437 98.680832 6.443828 -1.529675 18.832283 -1.438059 1.197872 1.746168 1e-06 0.0 -3e-06
0.0 0.0 0.0 0.0 -0.0 0.0 54.649883 74.87265 72.193916 -0.020385 40.101074 -9.684976 2.828116 1.454409 20.092163 0.236604 3.042147 3.208224 -3.005477 3.818415 22.195608 -19.85461 8.912662 3.332378 2.360932 15.736567 -3.439268 -13.741226 18.95043 -31.115 7.7e-05 -2.2e-05 6e-06 0.006299 -0.221245 -0.034017 0.62533 -3.889513 -10.4795 -0.620208 3.452804 -10.506382 -0.782392 -3.595313 17.531746 -69.237762 3.776174 -5.466456 14.523383 -87.912216 -12.945811 12.494759 -14.290573 -4.751565 -5.882108 9.861288 0.702591 -10.936873 -0.360574 7.15621 1e-06 8.774826 -1e-06 -15.543979 18.203985 6.685544 -1.844032 2.498505 -2.507281 -10.163604 4.678946 4.621113 -20.976027 1e-06 3e-06 -21.22629 2.451698 -3.594 0.0 -6e-06 -1e-06 -1.362682 2.240798 -0.746324 -21.334921 0.58491 3.008328 -13.821218 -0.0 4e-06 -23.887177 -0.249076 -0.839481 -60.346558 2.616556 -1.069684 -0.294023 1.679686 0.833256 -14.21821 0.093215 1.300582 -34.212051 -0.287557 0.967173 -20.033215 0.964541 1.212843 -1e-06 0.0 1e-06 -3.440389 0.788234 0.501657 -15.928189 -3.167309 2.999711 -6.338827 2e-06 2e-06 -18.123451 3.648184 -4.905672 -3e-06 1e-06 -1e-06 -34.766964 25.334953 1.607724 91.056938 43.299618 34.608166 -4.806677 57.241467 -3.3029 -5.873213 -13.644796 33.669323 2.243544 -5.255038 -3.180159 14.282898 -0.826595 6.952507 -2e-06 -12.690609 -1e-06 16.037731 -17.892199 3.208764 1.665666 -1.955922 -2.878301 4.7278 -4.170588 4.993926 11.020534 3e-06 0.0 12.109058 -3.735717 -2.866786 0.0 1e-06 1e-06 1.291986 -1.92855 -1.49809 14.800136 0.567469 3.86561 14.242578 -1.341737 -6.660661 19.631975 0.143925 -0.648243 51.135334 -1.258657 -6.60295 0.35303 -1.511152 -0.031941 20.222803 3.684314 2.316631 18.787285 6e-06 1e-06 10.751634 -0.47987 1.397907 -0.0 1e-06 1e-06 3.273808 0.305948 -0.580111 21.486828 11.830382 2.266136 8.16293 2e-06 -1e-06 18.399094 -3.798985 -4.940578 4e-06 -0.0 0.0 11.100639 10.161095 -42.377155 -0.21712 -0.144673 106.766487 -7.898596 15.399733 0.105816 1.979488 -1.991275 -1.74445 -1e-06 -0.0 1e-06 4.131599 16.451925 -62.554829 0.32722 0.421386 96.851601 5.566691 -2.811717 16.767099 -1.43384 1.227708 1.820274 0.0 0.0 -2e-06
0.0 0.0 0.0 0.0 -0.0 0.0 55.683262 75.162498 73.194435 0.251986 39.932514 -9.293301 2.919396 1.593758 19.764149 0.303709 3.233577 3.109686 -3.064951 4.192182 21.892132 -20.354088 8.902474 2.209949 2.696684 16.719427 -3.297425 -14.037144 20.28092 -31.257938 7.7e-05 -2.3e-05 6e-06 0.004843 -0.249918 -0.024472 0.638659 -3.933792 -10.507759 -0.637509 3.441286 -10.525723 -2.065185 -3.092588 17.721008 -69.50473 2.945084 -7.240628 5.807995 -82.986557 -4.677875 15.45435 -15.741604 -11.993503 -5.882106 9.861286 0.70259 -10.936872 -0.360575 7.156208 -0.0 8.774825 -1e-06 -15.559071 18.163141 6.592875 -1.844033 2.498506 -2.507281 -10.1636 4.678946 4.62111 -20.976025 2e-06 0.0 -21.226294 2.451695 -3.594006 1e-06 -6e-06 -1e-06 -1.362681 2.240798 -0.746322 -21.334913 0.584909 3.008323 -13.821215 -1e-06 2e-06 -23.887175 -0.249077 -0.839486 -60.470718 2.564405 -1.151338 -0.294027 1.679687 0.833256 -14.218207 0.093216 1.300581 -34.212048 -0.28756 0.967169 -20.033211 0.964538 1.212843 -0.0 -0.0 -1e-06 -3.44039 0.788234 0.501654 -15.928189 -3.167308 2.999707 -6.338827 1e-06 1e-06 -18.123446 3.648183 -4.905674 -3e-06 -0.0 -1e-06 -35.394436 25.910513 1.172437 90.638245 44.356102 35.120678 -4.374334 56.204765 -2.919426 -5.293458 -13.683864 30.870291 2.243542 -5.255035 -3.180155 14.28289 -0.826594 6.952498 -1e-06 -12.690603 1e-06 16.04497 -17.920923 3.259502 1.665667 -1.95592 -2.878298 4.727799 -4.170588 4.993923 11.020526 3e-06 -1e-06 12.109052 -3.735713 -2.866785 0.0 0.0 0.0 1.291987 -1.92855 -1.498088 14.800127 0.567467 3.865603 14.242571 -1.341735 -6.660656 19.631969 0.14393 -0.648248 51.23344 -1.259396 -6.597911 0.353027 -1.511149 -0.03194 20.222788 3.684309 2.316626 18.78727 6e-06 -5e-06 10.751627 -0.479867 1.397904 -0.0 1e-06 -0.0 3.273808 0.305948 -0.580111 21.486809 11.830376 2.266126 8.162926 2e-06 -1e-06 18.399078 -3.79898 -4.940577 3e-06 -2e-06 -1e-06 9.320446 10.23226 -44.839928 -0.059244 -0.053954 103.997696 -7.644633 17.507324 -3.376393 1.943498 -2.039374 -1.104647 1e-06 1e-06 1e-06 5.193896 16.625196 -61.542927 0.144654 0.316743 93.903404 4.296177 -4.183774 14.06485 -1.417649 1.237739 1.868121 0.0 -1e-06 -2e-06
0.0 0.0 0.0 0.0 -0.0 0.0 56.783688 75.312057 74.292702 0.406824 39.939369 -8.91346 3.035929 1.700392 19.42901 0.339818 3.400592 2.96649 -3.114206 4.497797 21.645405 -20.660784 8.807701 1.188763 3.001427 17.660358 -3.158216 -14.180243 21.490673 -31.425123 7.7e-05 -2.3e-05 6e-06 0.0013 -0.282972 -0.017476 0.648252 -3.978024 -10.551799 -0.654798 3.420998 -10.559529 -3.332484 -2.5081 18.05628 -69.772598 2.236154 -9.37085 4.26984 -79.27951 -3.461253 19.073477 -16.684475 -20.367634 -5.88211 9.861293 0.702591 -10.936872 -0.360574 7.156212 1e-06 8.77483 -2e-06 -15.655643 17.974871 6.467938 -1.844033 2.498506 -2.50728 -10.163602 4.67895 4.621111 -20.97603 -2e-06 2e-06 -21.226295 2.451698 -3.594005 1e-06 -4e-06 -1e-06 -1.362682 2.240798 -0.746325 -21.334921 0.58491 3.008325 -13.821218 -2e-06 3e-06 -23.887178 -0.249076 -0.839485 -60.739944 2.452319 -1.134279 -0.294025 1.679689 0.833257 -14.218213 0.093216 1.300581 -34.212055 -0.287564 0.967172 -20.033218 0.964536 1.212845 -0.0 -1e-06 -2e-06 -3.440389 0.788233 0.501654 -15.928189 -3.167311 2.99971 -6.338827 -2e-06 -1e-06 -18.123453 3.648184 -4.905673 -3e-06 -0.0 -3e-06 -36.215252 26.290497 0.707815 90.821289 45.308193 35.670498 -3.697405 55.543079 -2.357367 -5.083439 -13.519711 28.451286 2.243543 -5.255038 -3.180159 14.282896 -0.826596 6.952503 -1e-06 -12.690608 0.0 16.031013 -17.924477 3.300588 1.665667 -1.955923 -2.878299 4.727799 -4.17059 4.993923 11.020533 3e-06 -1e-06 12.109058 -3.735717 -2.866785 -0.0 0.0 -0.0 1.291988 -1.928551 -1.498089 14.800134 0.567467 3.865606 14.242579 -1.341737 -6.660661 19.631975 0.143925 -0.648247 51.204414 -1.262915 -6.571488 0.353029 -1.511152 -0.031941 20.222797 3.68431 2.316628 18.787281 5e-06 -2e-06 10.751633 -0.47987 1.397905 0.0 1e-06 1e-06 3.273807 0.305948 -0.580112 21.486818 11.830379 2.266132 8.16293 0.0 -2e-06 18.399088 -3.798987 -4.940579 3e-06 -3e-06 -1e-06 7.36615 9.982264 -47.232624 0.051164 0.00398 100.580917 -8.377693 19.280899 -6.861893 1.917721 -2.13534 -0.653139 0.0 0.0 3e-06 6.193483 16.674559 -60.056408 -0.021563 0.187767 90.705559 2.587167 -5.470091 11.261572 -1.404852 1.20267 1.927402 -1e-06 -1e-06 -3e-06
0.0 0.0 0.0 0.0 -0.0 0.0 57.943493 75.34111 75.417961 0.447575 40.092785 -8.673981 3.209274 1.738019 19.079603 0.371974 3.70387 2.904132 -3.139902 4.648133 21.450603 -20.955097 8.668598 0.341811 3.343922 18.53891 -3.022329 -14.281054 22.585236 -31.632902 7.7e-05 -2.2e-05 6e-06 -0.003077 -0.30814 -0.016284 0.652897 -4.014101 -10.56345 -0.668265 3.406511 -10.555755 -4.657685 -1.895168 18.465919 -69.749405 1.845518 -11.665985 2.686005 -77.026016 -2.017687 22.165424 -16.918911 -27.222363 -5.88211 9.861292 0.702589 -10.936875 -0.360573 7.156208 -2e-06 8.774831 -1e-06 -15.85178 17.676397 6.334412 -1.844034 2.498508 -2.507278 -10.163604 4.678949 4.621109 -20.976032 -0.0 0.0 -21.226297 2.451701 -3.594005 -0.0 -9e-06 0.0 -1.362682 2.240802 -0.746324 -21.334925 0.584913 3.008324 -13.821221 -1e-06 2e-06 -23.88718 -0.249077 -0.839485 -60.937077 2.346421 -0.956937 -0.294025 1.679688 0.833257 -14.218215 0.093218 1.300582 -34.212059 -0.287559 0.967167 -20.033226 0.964538 1.212842 -1e-06 0.0 1e-06 -3.44039 0.788236 0.501656 -15.928192 -3.16731 2.999707 -6.338829 0.0 1e-06 -18.123453 3.648187 -4.905676 -3e-06 -0.0 -3e-06 -37.165176 26.606331 0.591807 91.25856 46.509178 36.607227 -3.350364 55.171387 -1.899881 -4.618648 -13.325969 25.925846 2.243545 -5.255041 -3.180161 14.282904 -0.826596 6.952503 -3e-06 -12.690616 1e-06 15.984672 -17.979698 3.345651 1.665668 -1.955922 -2.878303 4.727801 -4.170591 4.993927 11.020538 5e-06 -5e-06 12.109065 -3.735716 -2.866789 -0.0 0.0 1e-06 1.291987 -1.92855 -1.498092 14.800142 0.567469 3.865605 14.242588 -1.341734 -6.660666 19.631987 0.143929 -0.64825 51.104904 -1.179554 -6.5875 0.353029 -1.511152 -0.03194 20.222815 3.684315 2.316624 18.787291 9e-06 -6e-06 10.751639 -0.479868 1.397904 -0.0 2e-06 0.0 3.273811 0.305947 -0.580111 21.486832 11.830387 2.266126 8.162934 -1e-06 -3e-06 18.399099 -3.798984 -4.940586 4e-06 -1e-06 -0.0 5.20849 9.49577 -49.540745 0.175571 0.029525 96.76091 -9.261179 21.206968 -10.251978 1.886544 -2.244404 -0.443295 -0.0 -0.0 2e-06 6.874314 16.784805 -58.218639 -0.156054 0.09075 88.565643 0.847877 -6.770127 8.257309 -1.413087 1.137 1.615802 0.0 0.0 -1e-06
0.0 0.0 0.0 0.0 -0.0 0.0 59.064747 75.430779 76.505714 0.412761 40.195625 -8.797706 3.399676 1.76679 18.986082 0.429225 3.937606 2.837493 -3.097344 4.90789 21.407032 -21.379421 8.57092 -0.357216 3.596894 19.166586 -2.903547 -14.173705 23.217718 -31.808723 7.7e-05 -2.1e-05 6e-06 -0.009372 -0.280401 -0.016934 0.649404 -3.989803 -10.587994 -0.678225 3.438531 -10.575447 -5.769136 -1.225244 18.692579 -69.680145 1.821393 -13.21468 2.846319 -75.566772 -2.281008 23.751404 -17.042679 -31.84573 -5.882106 9.861286 0.70259 -10.93687 -0.360577 7.156203 0.0 8.774828 0.0 -15.984721 17.567532 6.280046 -1.844032 2.498503 -2.507279 -10.1636 4.678944 4.621108 -20.976023 -5e-06 3e-06 -21.226286 2.451698 -3.594 -2e-06 -8e-06 1e-06 -1.362681 2.240796 -0.746323 -21.334913 0.584909 3.008324 -13.821215 -4e-06 3e-06 -23.887167 -0.249076 -0.839482 -60.955101 2.290257 -0.963745 -0.294025 1.679687 0.833256 -14.218207 0.093215 1.300581 -34.212048 -0.287563 0.96717 -20.033211 0.964537 1.212843 -1e-06 -1e-06 1e-06 -3.440388 0.788233 0.501656 -15.928185 -3.167311 2.999707 -6.338828 -1e-06 0.0 -18.123444 3.648183 -4.90567 -3e-06 -0.0 -2e-06 -38.057667 26.922565 0.340563 91.642075 47.560253 37.590233 -2.94305 54.896778 -1.532141 -4.169448 -12.81425 24.354534 2.243542 -5.255039 -3.180159 14.282902 -0.826596 6.952507 -2e-06 -12.690611 0.0 15.933252 -17.910074 3.334903 1.665669 -1.955923 -2.878302 4.727802 -4.17059 4.993927 11.020532 3e-06 0.0 12.10906 -3.735716 -2.866784 0.0 -1e-06 1e-06 1.291987 -1.92855 -1.498091 14.800139 0.567468 3.86561 14.242582 -1.341737 -6.66066 19.631985 0.143926 -0.648244 50.98967 -1.128891 -6.492385 0.353029 -1.511151 -0.031939 20.222805 3.684311 2.316632 18.787289 5e-06 -0.0 10.751637 -0.47987 1.397908 0.0 1e-06 0.0 3.27381 0.305947 -0.58011 21.486834 11.830379 2.266134 8.162935 0.0 -1e-06 18.399099 -3.798984 -4.940579 3e-06 -3e-06 -1e-06 3.111212 9.28021 -51.483555 0.29726 0.084953 93.164444 -9.065125 23.330757 -12.028912 1.839506 -2.242897 -0.325946 0.0 0.0 3e-06 7.182977 16.846628 -56.639038 -0.191837 0.093535 88.872177 0.798402 -7.228609 4.611017 -1.43911 1.146885 1.354423 0.0 -1e-06 -1e-06
0.0 0.0 0.0 0.0 -0.0 0.0 60.245632 75.467537 77.580223 0.275214 40.093803 -9.111798 3.583258 1.809809 18.959274 0.529372 4.188681 2.811005 -2.990472 5.244902 21.496227 -21.853283 8.439152 -0.924258 3.847543 19.698481 -2.822172 -14.083604 23.745401 -31.919285 7.7e-05 -2.3e-05 6e-06 -0.014825 -0.248891 -0.019373 0.638938 -3.959011 -10.600173 -0.679203 3.4711 -10.582547 -6.817543 -0.505093 18.828159 -69.586662 1.9509 -14.414198 2.902233 -74.639832 -2.391454 24.758043 -17.162321 -35.618084 -5.882109 9.861289 0.70259 -10.936875 -0.360576 7.156209 -1e-06 8.774826 -3e-06 -16.119516 17.47373 6.252143 -1.844033 2.498505 -2.507281 -10.163604 4.678947 4.62111 -20.976032 -1e-06 2e-06 -21.226295 2.451697 -3.594006 -2e-06 -5e-06 -2e-06 -1.362683 2.240801 -0.746324 -21.334921 0.584911 3.008324 -13.821221 -1e-06 2e-06 -23.88718 -0.249079 -0.839487 -60.995838 2.265138 -0.96557 -0.294025 1.679688 0.833256 -14.218214 0.093217 1.300581 -34.212055 -0.287561 0.967168 -20.033218 0.964539 1.212842 0.0 0.0 -0.0 -3.440389 0.788233 0.501655 -15.928192 -3.167307 2.99971 -6.338829 -0.0 0.0 -18.123457 3.648185 -4.905674 -5e-06 -0.0 -2e-06 -38.813656 27.292204 0.173014 91.797569 48.667351 38.489227 -2.575217 54.723915 -1.207205 -3.689377 -12.319142 23.179676 2.243543 -5.25504 -3.18016 14.2829 -0.826597 6.952507 -1e-06 -12.69061 3e-06 15.89028 -17.901022 3.313079 1.665668 -1.955922 -2.8783 4.7278 -4.170589 4.993927 11.020529 2e-06 -2e-06 12.109058 -3.735718 -2.866785 -0.0 -1e-06 1e-06 1.291984 -1.92855 -1.498088 14.800134 0.567466 3.86561 14.242579 -1.341738 -6.660661 19.631973 0.143924 -0.648246 50.880615 -1.066034 -6.457122 0.353028 -1.51115 -0.031941 20.222803 3.684307 2.316631 18.787287 1e-06 -1e-06 10.751636 -0.47987 1.397907 -1e-06 2e-06 -0.0 3.273808 0.305947 -0.580111 21.486824 11.830379 2.266133 8.16293 0.0 -1e-06 18.399092 -3.798988 -4.940578 3e-06 -1e-06 -2e-06 1.258744 9.196391 -52.932976 0.445706 0.171943 89.922386 -8.107549 25.893211 -12.911594 1.801993 -2.211916 -0.207952 -0.0 -0.0 2e-06 7.66712 17.089884 -55.206844 -0.173351 0.111142 89.650764 1.103268 -7.53895 2.476109 -1.455079 1.163654 0.991056 0.0 -2e-06 0.0
0.0 0.0 0.0 0.0 -0.0 0.0 61.5093 75.457695 78.632858 0.17744 39.856438 -9.451117 3.712547 1.837577 18.929836 0.633473 4.447824 2.8216 -2.87363 5.624489 21.682175 -22.294991 8.35363 -1.34371 4.030709 20.147047 -2.766177 -14.016217 24.148144 -32.010651 7.7e-05 -2.4e-05 6e-06 -0.016394 -0.240399 -0.021127 0.629231 -3.94948 -10.598386 -0.672973 3.478968 -10.57744 -7.911869 0.302506 18.898718 -69.422424 2.060507 -15.340629 3.08239 -73.959007 -2.571711 25.444014 -17.250271 -39.143414 -5.88211 9.861292 0.702591 -10.936877 -0.360575 7.15621 1e-06 8.774833 -2e-06 -16.174311 17.31159 6.240757 -1.844033 2.498505 -2.507279 -10.163604 4.678947 4.621111 -20.976034 -5e-06 0.0 -21.226301 2.451696 -3.594005 1e-06 -4e-06 -3e-06 -1.362683 2.240801 -0.746323 -21.334929 0.584909 3.008322 -13.821223 -3e-06 1e-06 -23.887182 -0.24908 -0.839488 -61.002312 2.275692 -0.950273 -0.294025 1.679686 0.833256 -14.218216 0.093215 1.300579 -34.212067 -0.287567 0.967168 -20.033226 0.964534 1.212842 -0.0 1e-06 -1e-06 -3.44039 0.788234 0.501655 -15.928194 -3.16731 2.999707 -6.33883 -2e-06 1e-06 -18.123459 3.648185 -4.905676 -5e-06 -0.0 -2e-06 -39.331829 27.751198 0.12386 91.649971 49.810589 39.214363 -2.446151 54.531612 -1.051758 -3.178836 -11.912068 22.240873 2.243544 -5.25504 -3.180161 14.282904 -0.826596 6.952506 -4e-06 -12.690617 3e-06 15.884752 -17.933004 3.323105 1.665668 -1.955924 -2.878302 4.727803 -4.170592 4.993927 11.020537 4e-06 -4e-06 12.109064 -3.735716 -2.866789 0.0 0.0 -0.0 1.291986 -1.928549 -1.498091 14.800144 0.567471 3.865607 14.242586 -1.341735 -6.660666 19.631987 0.143929 -0.648246 50.870945 -1.044364 -6.439673 0.353029 -1.511152 -0.03194 20.222809 3.684315 2.316628 18.787289 8e-06 -4e-06 10.751637 -0.479869 1.397906 0.0 2e-06 0.0 3.273811 0.305946 -0.580112 21.486837 11.83039 2.266129 8.162936 2e-06 -2e-06 18.399101 -3.798985 -4.940582 3e-06 -2e-06 -1e-06 -0.334782 9.2384 -53.809795 0.519958 0.243528 87.187744 -6.660168 28.231104 -12.504613 1.775425 -2.178255 -0.191546 0.0 0.0 2e-06 8.137351 17.40452 -53.774155 -0.133613 0.130582 90.602249 1.553328 -7.517186 0.704376 -1.465077 1.170331 0.563363 0.0 0.0 -1e-06
0.0 0.0 0.0 0.0 -0.0 0.0 62.815483 75.427971 79.661682 0.106505 39.548981 -9.78267 3.817552 1.854669 18.884796 0.731969 4.669517 2.855142 -2.736305 6.071613 21.905827 -22.695314 8.324432 -1.604203 4.170401 20.424778 -2.749007 -13.961303 24.497473 -32.08585 7.7e-05 -2.3e-05 6e-06 -0.015803 -0.244312 -0.02342 0.62048 -3.953676 -10.603137 -0.663343 3.475931 -10.583038 -9.031576 1.213733 18.915583 -69.235229 2.110301 -16.077614 3.227114 -73.450142 -2.668777 26.023033 -17.333607 -42.804829 -5.882106 9.861286 0.70259 -10.936873 -0.360574 7.156208 1e-06 8.774828 -2e-06 -16.172113 17.063566 6.21761 -1.844033 2.498503 -2.507279 -10.163601 4.678943 4.621109 -20.97603 -6e-06 1e-06 -21.22629 2.451694 -3.594001 0.0 -4e-06 -1e-06 -1.362682 2.240799 -0.746324 -21.334917 0.584906 3.008324 -13.821216 -4e-06 3e-06 -23.887173 -0.24908 -0.839481 -60.913738 2.311522 -0.886347 -0.294024 1.679688 0.833257 -14.218211 0.093215 1.300581 -34.212051 -0.287567 0.967172 -20.033218 0.964535 1.212845 -2e-06 1e-06 0.0 -3.440389 0.788234 0.501655 -15.928189 -3.167312 2.999707 -6.338827 -2e-06 1e-06 -18.123447 3.648181 -4.90567 -6e-06 -0.0 -2e-06 -39.616764 28.265303 0.109561 91.119354 50.86972 39.736855 -2.547916 54.381111 -1.10518 -2.68895 -11.635347 21.507563 2.243541 -5.255038 -3.18016 14.282895 -0.826593 6.952507 -6e-06 -12.690612 2e-06 15.888214 -17.995243 3.379216 1.665668 -1.955921 -2.878301 4.727798 -4.170587 4.993928 11.020532 6e-06 -4e-06 12.109055 -3.735713 -2.866785 0.0 -2e-06 -0.0 1.291986 -1.928548 -1.498092 14.800138 0.567471 3.86561 14.242578 -1.34173 -6.660661 19.631973 0.143933 -0.648244 50.900047 -1.03592 -6.411378 0.353028 -1.511151 -0.031941 20.222799 3.684315 2.316631 18.787277 8e-06 1e-06 10.751631 -0.479864 1.397908 0.0 2e-06 -0.0 3.273808 0.305948 -0.580111 21.486826 11.830386 2.266133 8.16293 2e-06 0.0 18.399088 -3.798983 -4.940575 4e-06 -1e-06 -1e-06 -1.412578 9.426962 -54.013477 0.530514 0.286607 85.505157 -5.659595 29.893755 -11.791931 1.76811 -2.164843 -0.076968 -0.0 0.0 1e-06 8.581157 17.764713 -52.26371 -0.08226 0.151514 91.497635 1.951722 -7.189418 -1.127857 -1.473508 1.164872 0.162165 -0.0 0.0 0.0
0.0 0.0 0.0 0.0 -0.0 0.0 64.062744 75.494827 80.581505 0.09616 39.309345 -10.016532 3.875153 1.772001 18.716509 0.820625 4.822694 2.885537 -2.611972 6.524076 22.237268 -22.99288 8.354975 -1.76112 4.270041 20.608217 -2.688286 -13.940346 24.814659 -32.141582 7.7e-05 -2.4e-05 6e-06 -0.007799 -0.298645 -0.024689 0.612374 -3.999142 -10.595498 -0.641328 3.414948 -10.578295 -10.107059 2.202879 18.831963 -69.171898 2.134663 -16.731005 3.727744 -72.971397 -3.098009 26.675407 -17.454834 -46.620697 -5.882112 9.861297 0.70259 -10.936881 -0.360577 7.156212 -1e-06 8.774838 -2e-06 -16.097872 16.761724 6.118574 -1.844034 2.498509 -2.507281 -10.163607 4.678948 4.621113 -20.97604 -2e-06 2e-06 -21.226307 2.4517 -3.594004 1e-06 -6e-06 -2e-06 -1.362682 2.240802 -0.746324 -21.334932 0.584911 3.008327 -13.821225 -0.0 2e-06 -23.887188 -0.249078 -0.839483 -60.49194 2.29254 -0.931107 -0.294025 1.679688 0.833256 -14.218221 0.093214 1.300582 -34.212078 -0.287564 0.967173 -20.03323 0.964538 1.212845 -1e-06 -0.0 0.0 -3.440391 0.788233 0.501656 -15.928201 -3.167312 2.999712 -6.338832 -1e-06 2e-06 -18.123463 3.648186 -4.905677 -6e-06 0.0 -2e-06 -39.686192 28.774351 0.052035 90.306511 51.837933 40.11982 -2.788492 54.315624 -1.435924 -2.075686 -11.429328 20.933084 2.243543 -5.255042 -3.180161 14.282905 -0.826599 6.95251 -1e-06 -12.690619 2e-06 15.74814 -17.981953 3.436216 1.665668 -1.955923 -2.878302 4.727804 -4.170595 4.99393 11.020538 1e-06 -1e-06 12.109064 -3.735723 -2.866787 0.0 -0.0 1e-06 1.291986 -1.92855 -1.498092 14.800146 0.567466 3.865611 14.24259 -1.341739 -6.660666 19.631992 0.143925 -0.648248 50.873817 -0.864954 -6.317443 0.353028 -1.511152 -0.03194 20.222818 3.684312 2.316633 18.787296 1e-06 -2e-06 10.751643 -0.47987 1.397907 0.0 -0.0 0.0 3.27381 0.305947 -0.580111 21.486837 11.830385 2.266135 8.162937 -1e-06 -1e-06 18.399107 -3.798991 -4.940584 3e-06 -2e-06 -1e-06 -1.938235 9.704141 -53.554634 0.519428 0.291311 85.296814 -5.452718 30.718328 -11.012244 1.757573 -2.119614 -0.051784 0.0 0.0 1e-06 8.82995 17.995312 -50.617855 -0.070407 0.17128 91.981499 2.396055 -6.628854 -3.394619 -1.479337 1.149357 -0.097369 0.0 -1e-06 0.0
0.0 0.0 0.0 0.0 -0.0 0.0 65.261192 75.612473 81.481979 0.167964 39.14743 -10.175593 3.95123 1.802158 18.618267 0.849003 4.965526 2.860505 -2.466824 6.874945 22.535862 -23.110846 8.407657 -1.683061 4.354242 20.590708 -2.691679 -13.99891 25.042822 -32.265163 7.7e-05 -2.3e-05 6e-06 -0.009155 -0.312277 -0.024391 0.606251 -4.018459 -10.621556 -0.638257 3.406445 -10.593841 -10.884426 3.071697 18.927929 -69.318253 2.073906 -17.704624 3.187752 -72.571014 -2.740647 27.290575 -17.540808 -50.500927 -5.882106 9.861284 0.70259 -10.93687 -0.360575 7.156207 1e-06 8.774822 0.0 -16.127592 16.562483 6.018219 -1.844032 2.498504 -2.507278 -10.163599 4.678944 4.621109 -20.976021 -3e-06 2e-06 -21.226284 2.451697 -3.594001 -0.0 -8e-06 0.0 -1.362682 2.240798 -0.746324 -21.334909 0.584911 3.008324 -13.821212 -2e-06 2e-06 -23.887167 -0.249079 -0.839482 -60.172363 2.301779 -0.970561 -0.294024 1.679688 0.833256 -14.218207 0.093214 1.300581 -34.212044 -0.287562 0.967169 -20.033211 0.964536 1.212843 -0.0 1e-06 -0.0 -3.440389 0.788233 0.501656 -15.928185 -3.167309 2.999708 -6.338825 -0.0 1e-06 -18.123444 3.648184 -4.905669 -3e-06 -1e-06 -2e-06 -39.726974 29.143759 0.145189 89.572578 52.633099 40.046726 -2.883073 54.744541 -1.5934 -1.514187 -11.486532 20.820322 2.243542 -5.255038 -3.180157 14.282887 -0.826592 6.952503 -4e-06 -12.690601 1e-06 15.675142 -18.027519 3.514968 1.665666 -1.955923 -2.878298 4.727798 -4.170586 4.993922 11.020524 3e-06 -1e-06 12.109051 -3.735714 -2.866785 0.0 1e-06 0.0 1.291984 -1.928549 -1.498089 14.800125 0.567469 3.865608 14.242569 -1.341736 -6.660657 19.631962 0.143927 -0.648244 50.903858 -0.815807 -6.264902 0.35303 -1.51115 -0.031941 20.22279 3.68431 2.31663 18.78727 3e-06 -0.0 10.751627 -0.479867 1.397907 -0.0 2e-06 0.0 3.273806 0.305947 -0.58011 21.486813 11.830374 2.266134 8.162927 2e-06 0.0 18.39908 -3.798982 -4.940574 3e-06 -2e-06 -1e-06 -2.087563 10.24496 -52.662579 0.565885 0.284642 86.562057 -6.96065 30.611603 -11.8459 1.75762 -2.155793 -0.058438 -0.0 0.0 2e-06 9.083282 18.186316 -49.087765 -0.040815 0.20012 92.363167 2.515145 -6.427825 -5.010951 -1.478165 1.120166 -0.398281 0.0 -1e-06 -1e-06
0.0 0.0 0.0 0.0 -0.0 0.0 66.409286 75.762001 82.388817 0.285783 39.03862 -10.195349 4.001247 1.833903 18.485035 0.88031 5.087474 2.810324 -2.396697 7.131849 22.790384 -23.189281 8.533586 -1.497687 4.424492 20.546576 -2.684221 -14.207718 25.332518 -32.373131 7.7e-05 -2.3e-05 6e-06 -0.008333 -0.342714 -0.024561 0.598082 -4.050775 -10.633501 -0.628366 3.37731 -10.596418 -11.4324 3.817285 19.008997 -69.51313 2.120881 -18.585773 3.068591 -71.932579 -2.715428 27.951347 -17.276505 -54.253956 -5.882109 9.86129 0.70259 -10.936877 -0.360574 7.156211 1e-06 8.774831 -2e-06 -16.185186 16.442179 5.901873 -1.844033 2.498505 -2.507279 -10.163605 4.678946 4.621112 -20.976034 -4e-06 4e-06 -21.226299 2.451698 -3.594 -0.0 -7e-06 1e-06 -1.362679 2.240799 -0.746324 -21.334925 0.584907 3.008327 -13.821221 -4e-06 4e-06 -23.887184 -0.249079 -0.839481 -59.930958 2.31567 -1.035677 -0.294025 1.679687 0.833256 -14.218217 0.093214 1.300583 -34.212067 -0.287564 0.967176 -20.033226 0.964538 1.212847 -2e-06 1e-06 -1e-06 -3.440392 0.788233 0.501656 -15.928196 -3.167313 2.999711 -6.33883 -2e-06 2e-06 -18.123457 3.648185 -4.905671 -4e-06 1e-06 -3e-06 -39.898228 29.364069 0.147878 89.364082 53.252312 40.119728 -3.083924 55.532215 -1.816618 -1.053059 -11.741113 20.588045 2.243541 -5.255037 -3.180157 14.282896 -0.826597 6.952504 -0.0 -12.690607 -0.0 15.563488 -18.051165 3.586632 1.665667 -1.955922 -2.878298 4.7278 -4.170588 4.993925 11.020531 4e-06 -0.0 12.109058 -3.735717 -2.866784 0.0 -1e-06 -0.0 1.291987 -1.928549 -1.498089 14.800132 0.567466 3.865608 14.242578 -1.341736 -6.660659 19.631975 0.143923 -0.648245 50.87553 -0.784015 -6.193374 0.353029 -1.51115 -0.031941 20.222797 3.684308 2.316631 18.787283 3e-06 -2e-06 10.751633 -0.479871 1.397906 0.0 1e-06 0.0 3.273809 0.305948 -0.58011 21.486818 11.830373 2.266133 8.16293 2e-06 -1e-06 18.39909 -3.798985 -4.940577 3e-06 -2e-06 -2e-06 -2.254254 10.927823 -51.725784 0.584262 0.303176 87.534622 -8.097823 30.184658 -12.747588 1.765353 -2.163579 -0.305785 0.0 0.0 1e-06 9.221687 18.379488 -47.558323 -0.038457 0.210902 92.574326 2.616503 -6.511991 -6.902962 -1.475253 1.091742 -0.634791 0.0 0.0 -1e-06
0.0 0.0 0.0 0.0 -0.0 0.0 67.556747 75.943611 83.365616 0.421566 38.997952 -10.138077 4.035065 1.86547 18.329077 0.896616 5.186082 2.749856 -2.385085 7.302042 22.946215 -23.236181 8.68231 -1.228783 4.509298 20.49724 -2.670823 -14.481577 25.566133 -32.440403 7.7e-05 -2.4e-05 6e-06 -0.005715 -0.381574 -0.020264 0.592175 -4.091798 -10.637035 -0.617136 3.340593 -10.593281 -11.67133 4.356571 19.091946 -69.664604 2.312576 -19.480814 2.954144 -70.957993 -2.748917 28.610184 -16.781301 -57.390152 -5.882106 9.861286 0.702591 -10.936873 -0.360576 7.156208 1e-06 8.774824 -2e-06 -16.281191 16.40185 5.766774 -1.844032 2.498504 -2.507277 -10.1636 4.678944 4.62111 -20.976023 -4e-06 5e-06 -21.226286 2.451696 -3.593997 -0.0 -7e-06 0.0 -1.362682 2.240797 -0.746324 -21.334915 0.584908 3.008326 -13.821215 -3e-06 4e-06 -23.887171 -0.249078 -0.83948 -59.839638 2.311351 -1.118063 -0.294023 1.679687 0.833255 -14.218208 0.093212 1.300582 -34.212048 -0.287564 0.967176 -20.033216 0.964537 1.212846 1e-06 1e-06 0.0 -3.440387 0.788234 0.501656 -15.928189 -3.16731 2.99971 -6.338827 -1e-06 2e-06 -18.123444 3.648183 -4.905668 -4e-06 1e-06 -2e-06 -40.138645 29.396786 0.052366 89.83358 53.674683 40.56044 -3.300949 56.607723 -2.026847 -0.873514 -12.122234 20.329988 2.243542 -5.255039 -3.180158 14.2829 -0.826591 6.952507 -5e-06 -12.690609 1e-06 15.452868 -18.064932 3.641369 1.665666 -1.955923 -2.8783 4.727801 -4.170588 4.993926 11.020532 5e-06 -1e-06 12.109058 -3.735715 -2.866785 0.0 0.0 -0.0 1.291988 -1.928551 -1.498089 14.800139 0.567473 3.865609 14.24258 -1.341734 -6.66066 19.631979 0.143928 -0.648243 50.809883 -0.779043 -6.138356 0.353028 -1.511151 -0.031941 20.222807 3.684315 2.316633 18.787287 8e-06 2e-06 10.751636 -0.479866 1.397908 -0.0 2e-06 -0.0 3.273808 0.305948 -0.580111 21.486832 11.830383 2.266134 8.162935 2e-06 -1e-06 18.399096 -3.798984 -4.940577 3e-06 -1e-06 -1e-06 -2.407525 11.603586 -50.776798 0.594902 0.303237 88.461449 -9.047848 29.638941 -13.34886 1.770319 -2.143986 -0.654828 -0.0 -0.0 3e-06 9.375108 18.592541 -46.039268 -0.050009 0.217818 92.772011 2.762019 -6.854084 -8.536919 -1.472285 1.082011 -0.864125 1e-06 -1e-06 -1e-06
0.0 0.0 0.0 0.0 -0.0 0.0 68.728325 76.148048 84.392715 0.469986 39.037918 -10.106475 4.073649 1.896756 18.15777 0.895531 5.247368 2.676225 -2.376117 7.405078 22.998051 -23.244001 8.812372 -0.942396 4.608836 20.445631 -2.659775 -14.758467 25.711479 -32.524979 7.7e-05 -2.4e-05 6e-06 -0.002887 -0.408342 -0.010481 0.594458 -4.123651 -10.641017 -0.613484 3.319548 -10.599043 -11.57518 4.68928 19.177641 -69.708794 2.667321 -20.312372 2.889341 -69.751564 -2.875569 29.213696 -16.091555 -59.439037 -5.882108 9.861292 0.702589 -10.936875 -0.360575 7.156211 0.0 8.774831 -3e-06 -16.356089 16.381441 5.635962 -1.844032 2.498507 -2.50728 -10.163604 4.678944 4.621111 -20.976032 -4e-06 3e-06 -21.226297 2.451699 -3.594003 0.0 -7e-06 0.0 -1.362682 2.240802 -0.746324 -21.334925 0.584907 3.008326 -13.82122 -1e-06 3e-06 -23.887182 -0.249079 -0.839482 -59.833134 2.296508 -1.192797 -0.294024 1.679689 0.833256 -14.218214 0.093213 1.300581 -34.212063 -0.287565 0.967173 -20.033222 0.964536 1.212846 -1e-06 1e-06 0.0 -3.440391 0.788234 0.501656 -15.928196 -3.167314 2.999711 -6.338829 -3e-06 2e-06 -18.123457 3.648183 -4.905675 -3e-06 -0.0 -2e-06 -40.430866 29.244411 -0.132797 91.001556 53.893372 41.337872 -3.389106 58.05051 -2.121256 -0.958777 -12.672602 19.980185 2.243544 -5.25504 -3.180161 14.282904 -0.826598 6.952507 -2e-06 -12.690614 2e-06 15.40068 -18.048239 3.662266 1.665667 -1.95592 -2.878303 4.727805 -4.17059 4.993929 11.020536 3e-06 -1e-06 12.109065 -3.735719 -2.866787 0.0 -0.0 1e-06 1.291986 -1.92855 -1.498089 14.800142 0.567466 3.865609 14.242587 -1.341738 -6.660665 19.631987 0.143927 -0.648248 50.726444 -0.764853 -6.104469 0.353029 -1.511152 -0.031941 20.222815 3.684309 2.31663 18.787289 1e-06 -3e-06 10.751637 -0.479872 1.397905 -1e-06 3e-06 -0.0 3.27381 0.305947 -0.580111 21.486834 11.830382 2.266132 8.162936 -2e-06 -2e-06 18.399103 -3.798988 -4.940582 3e-06 -1e-06 -1e-06 -2.463986 12.191611 -49.741009 0.592156 0.296674 89.294289 -9.848732 28.999901 -13.888509 1.774657 -2.124854 -1.033148 -0.0 0.0 3e-06 9.620763 18.824247 -44.502617 -0.083587 0.216414 92.983543 3.049098 -7.409695 -9.806761 -1.464411 1.075032 -1.091911 0.0 -1e-06 -1e-06
0.0 0.0 0.0 0.0 -0.0 0.0 69.916466 76.340576 85.434021 0.442913 39.113522 -10.066644 4.101151 1.916592 17.973536 0.870432 5.29956 2.566344 -2.374823 7.480381 22.942478 -23.186909 8.886058 -0.701843 4.693405 20.483311 -2.647186 -15.024591 25.8403 -32.632893 7.7e-05 -2.3e-05 6e-06 -7e-06 -0.425643 -0.003308 0.601988 -4.146569 -10.650806 -0.615049 3.309061 -10.614471 -11.29856 4.913754 19.24017 -69.53421 3.196457 -21.044592 2.996804 -68.745834 -3.12851 29.643394 -15.396711 -60.337429 -5.88211 9.861297 0.702591 -10.93688 -0.360577 7.156215 1e-06 8.774833 -2e-06 -16.371204 16.368778 5.569177 -1.844033 2.498507 -2.50728 -10.163605 4.678948 4.621115 -20.976038 -4e-06 2e-06 -21.226301 2.451698 -3.594004 0.0 -6e-06 0.0 -1.362682 2.240801 -0.746325 -21.334929 0.584906 3.008328 -13.821224 -4e-06 3e-06 -23.887186 -0.249078 -0.839482 -59.830032 2.279813 -1.23374 -0.294024 1.679689 0.833256 -14.218219 0.093213 1.300583 -34.212074 -0.287567 0.967177 -20.033232 0.96454 1.212847 1e-06 0.0 -0.0 -3.440392 0.788233 0.501656 -15.9282 -3.167316 2.999712 -6.338831 -2e-06 2e-06 -18.123459 3.648185 -4.905675 -3e-06 -0.0 -1e-06 -40.706318 28.991282 -0.300166 92.626801 53.963013 42.316124 -3.251857 60.024837 -2.028301 -1.296115 -13.302828 19.504139 2.243545 -5.255044 -3.180161 14.282912 -0.826599 6.952511 -0.0 -12.690619 3e-06 15.389624 -18.000847 3.638551 1.665668 -1.95592 -2.878304 4.727808 -4.170596 4.993932 11.020544 2e-06 -2e-06 12.109073 -3.735722 -2.866788 0.0 1e-06 0.0 1.291989 -1.928553 -1.498092 14.800151 0.567463 3.865614 14.242593 -1.34174 -6.660667 19.631992 0.143922 -0.648248 50.631527 -0.759416 -6.070722 0.353029 -1.511153 -0.031941 20.222822 3.684311 2.316632 18.787302 -1e-06 -2e-06 10.751645 -0.47987 1.397907 -0.0 2e-06 -0.0 3.273814 0.305948 -0.580112 21.486841 11.830388 2.266134 8.16294 -3e-06 -1e-06 18.399115 -3.798992 -4.940584 4e-06 0.0 -0.0 -2.437977 12.690063 -48.663475 0.577969 0.29834 90.013275 -10.561831 28.279911 -14.573201 1.781082 -2.121412 -1.338854 -0.0 0.0 3e-06 9.911723 19.045021 -42.985321 -0.115992 0.194261 93.151833 3.434168 -7.992594 -11.013599 -1.457268 1.071572 -1.278571 0.0 -0.0 0.0
0.0 0.0 0.0 0.0 -0.0 0.0 71.082146 76.519188 86.453888 0.372274 39.221844 -9.954017 4.128861 1.928165 17.770369 0.835561 5.311656 2.424242 -2.410403 7.561355 22.81765 -23.10524 8.89776 -0.59196 4.74193 20.617373 -2.643941 -15.226607 25.977173 -32.707069 7.7e-05 -2.3e-05 6e-06 0.002161 -0.428883 -0.000565 0.609818 -4.150673 -10.660602 -0.618428 3.307878 -10.630785 -10.971341 5.091925 19.259544 -69.070221 3.854916 -21.717777 3.119788 -68.281982 -3.268158 29.877266 -14.845433 -59.960682 -5.882108 9.861293 0.702589 -10.936874 -0.360575 7.156207 -0.0 8.77483 -2e-06 -16.323038 16.364782 5.56671 -1.844036 2.498506 -2.507279 -10.163602 4.678948 4.621109 -20.976034 -4e-06 -1e-06 -21.226295 2.451694 -3.594004 -0.0 -6e-06 0.0 -1.36268 2.240799 -0.746325 -21.334921 0.584906 3.008321 -13.821218 -4e-06 -0.0 -23.887178 -0.249084 -0.839484 -59.746929 2.273859 -1.212339 -0.294023 1.679686 0.833256 -14.218214 0.093213 1.300579 -34.212063 -0.287569 0.967167 -20.033218 0.964534 1.212842 1e-06 1e-06 -0.0 -3.440389 0.788233 0.501655 -15.928191 -3.167314 2.999707 -6.338829 -2e-06 0.0 -18.123451 3.648184 -4.905677 -3e-06 0.0 -2e-06 -40.958702 28.681576 -0.455607 94.370544 53.959431 43.344181 -2.908828 62.541306 -1.760497 -1.847287 -13.952316 19.01939 2.243541 -5.25504 -3.180159 14.2829 -0.826593 6.952508 -4e-06 -12.690612 2e-06 15.405267 -17.942186 3.570992 1.665667 -1.955923 -2.878301 4.727803 -4.17059 4.993928 11.020536 4e-06 -0.0 12.10906 -3.735716 -2.866783 0.0 -1e-06 0.0 1.291986 -1.92855 -1.498089 14.80014 0.567469 3.865611 14.242584 -1.341734 -6.66066 19.631985 0.143928 -0.648242 50.517918 -0.740095 -6.057616 0.353029 -1.511149 -0.031942 20.222805 3.684315 2.316632 18.787287 6e-06 1e-06 10.751636 -0.479864 1.397908 -1e-06 3e-06 -0.0 3.273808 0.305947 -0.58011 21.486834 11.830385 2.266134 8.162935 2e-06 -0.0 18.399097 -3.798984 -4.940578 3e-06 0.0 -1e-06 -2.370469 13.099788 -47.653763 0.573106 0.314662 90.621986 -11.218507 27.527784 -15.314189 1.791911 -2.138653 -1.583294 0.0 -0.0 2e-06 10.191905 19.203268 -41.59127 -0.143206 0.160405 93.265869 3.906344 -8.454647 -12.145769 -1.455938 1.074535 -1.371318 -0.0 -1e-06 0.0
0.0 0.0 0.0 0.0 -0.0 0.0 72.200363 76.692459 87.427864 0.302763 39.3503 -9.794753 4.153661 1.950179 17.577074 0.80303 5.30515 2.280045 -2.466468 7.656931 22.723293 -23.066881 8.861051 -0.632312 4.75263 20.791788 -2.655883 -15.367528 26.087843 -32.723156 7.7e-05 -2.2e-05 6e-06 0.003189 -0.417186 -0.001466 0.616185 -4.137451 -10.668175 -0.622608 3.319878 -10.642988 -10.644261 5.237723 19.295488 -68.43692 4.453392 -22.392967 3.272278 -68.32766 -3.348606 30.163301 -14.414025 -58.68927 -5.882108 9.86129 0.702591 -10.936875 -0.360574 7.15621 1e-06 8.774831 -1e-06 -16.248363 16.38545 5.589169 -1.844031 2.498506 -2.507279 -10.163603 4.678945 4.621112 -20.97603 -3e-06 2e-06 -21.226294 2.451695 -3.594001 0.0 -7e-06 -1e-06 -1.362681 2.2408 -0.746324 -21.334921 0.584908 3.008326 -13.821219 -4e-06 3e-06 -23.887178 -0.249078 -0.839482 -59.634449 2.277887 -1.192786 -0.294027 1.679689 0.833257 -14.218215 0.093214 1.300582 -34.212063 -0.287563 0.967174 -20.033218 0.964537 1.212845 1e-06 1e-06 0.0 -3.44039 0.788235 0.501657 -15.928192 -3.167312 2.99971 -6.338829 -3e-06 1e-06 -18.123453 3.648183 -4.905673 -4e-06 0.0 -1e-06 -41.212425 28.293369 -0.591453 96.094704 53.997559 44.431076 -2.461747 65.426613 -1.396848 -2.529564 -14.644079 18.654781 2.243544 -5.255039 -3.180158 14.282901 -0.826595 6.952505 -3e-06 -12.690606 1e-06 15.438658 -17.881405 3.468847 1.665668 -1.955922 -2.878299 4.727801 -4.170588 4.993926 11.020534 3e-06 -1e-06 12.10906 -3.735716 -2.866784 -0.0 1e-06 -0.0 1.291986 -1.928552 -1.498089 14.80014 0.567472 3.865609 14.242582 -1.341733 -6.660661 19.631985 0.143928 -0.648244 50.407162 -0.734441 -6.058666 0.353028 -1.51115 -0.031941 20.222805 3.684312 2.316631 18.787287 7e-06 -1e-06 10.751636 -0.479867 1.397907 -0.0 1e-06 0.0 3.27381 0.305947 -0.580111 21.486832 11.830379 2.266133 8.162933 2e-06 -1e-06 18.399096 -3.798982 -4.940577 4e-06 -1e-06 -1e-06 -2.301908 13.493937 -46.674755 0.563479 0.331333 91.094688 -11.782103 26.8571 -16.052959 1.805224 -2.162897 -1.789087 0.0 -0.0 4e-06 10.432857 19.270723 -40.29295 -0.161881 0.12237 93.321297 4.381741 -8.724938 -13.147225 -1.458472 1.080506 -1.421507 0.0 -1e-06 -1e-06
0.0 0.0 0.0 0.0 -0.0 0.0 73.191933 76.88736 88.304321 0.204211 39.52338 -9.609248 4.184423 1.971855 17.41115 0.783852 5.285364 2.139079 -2.529291 7.74444 22.678333 -23.101837 8.798293 -0.770921 4.800996 20.893848 -2.673805 -15.486005 26.150349 -32.649143 7.7e-05 -2.1e-05 6e-06 0.003938 -0.405487 0.000183 0.624902 -4.120003 -10.662995 -0.629793 3.326548 -10.638009 -10.288658 5.289461 19.383633 -67.78788 4.981851 -23.096701 3.424246 -68.858688 -3.41258 30.646536 -14.071041 -56.985378 -5.88211 9.861292 0.70259 -10.936875 -0.360577 7.156211 -1e-06 8.774832 -2e-06 -16.145935 16.36754 5.590011 -1.844032 2.498507 -2.507279 -10.163601 4.678946 4.621112 -20.97603 -2e-06 3e-06 -21.226292 2.451699 -3.594002 1e-06 -6e-06 -0.0 -1.362682 2.240799 -0.746324 -21.334921 0.584912 3.008327 -13.821218 -1e-06 3e-06 -23.887178 -0.249078 -0.839484 -59.424225 2.267126 -1.167906 -0.294025 1.679688 0.833256 -14.218211 0.093216 1.300582 -34.212055 -0.287561 0.967171 -20.033218 0.964539 1.212844 1e-06 0.0 -0.0 -3.440392 0.788235 0.501656 -15.928192 -3.167311 2.999711 -6.338829 -2e-06 2e-06 -18.123451 3.648187 -4.905674 -4e-06 0.0 -2e-06 -41.460541 27.825058 -0.729701 97.714867 54.152111 45.510117 -1.867927 68.354797 -0.916042 -3.240283 -15.310426 18.564127 2.243543 -5.255042 -3.180161 14.282903 -0.826599 6.95251 2e-06 -12.690613 -0.0 15.489412 -17.852411 3.354154 1.665668 -1.955923 -2.878303 4.727803 -4.170591 4.993928 11.020533 1e-06 0.0 12.10906 -3.735719 -2.866785 0.0 -1e-06 -0.0 1.291989 -1.92855 -1.49809 14.80014 0.567464 3.865612 14.242585 -1.34174 -6.660663 19.631985 0.143923 -0.648246 50.324047 -0.744238 -6.090914 0.35303 -1.511151 -0.031941 20.222807 3.684308 2.316633 18.787289 -1e-06 -1e-06 10.751638 -0.47987 1.397907 -0.0 1e-06 -0.0 3.273808 0.305947 -0.580112 21.486832 11.830379 2.266134 8.162935 2e-06 -1e-06 18.399103 -3.798993 -4.940583 3e-06 1e-06 -1e-06 -2.215913 13.875128 -45.828346 0.554135 0.336099 91.432549 -12.163928 26.258722 -16.50452 1.812741 -2.1861 -1.923055 0.0 0.0 4e-06 10.639645 19.167639 -39.177555 -0.168053 0.090729 93.29097 4.800671 -8.848728 -13.815858 -1.465517 1.092316 -1.457058 -1e-06 -0.0 -1e-06
0.0 0.0 0.0 0.0 -0.0 0.0 74.0373 77.124451 89.069489 0.08276 39.70977 -9.403868 4.215309 1.986118 17.275707 0.77069 5.251886 2.017268 -2.579544 7.810129 22.645979 -23.165222 8.735747 -0.885308 4.854811 20.970781 -2.693964 -15.61175 26.215061 -32.49781 7.7e-05 -2.1e-05 6e-06 0.004365 -0.402339 -0.00223 0.632616 -4.108571 -10.659461 -0.636676 3.321906 -10.630713 -9.889026 5.28572 19.498734 -67.294334 5.418005 -23.675327 3.80561 -69.629272 -3.665628 31.206144 -13.771585 -55.416435 -5.882113 9.8613 0.702589 -10.936881 -0.360577 7.156215 -1e-06 8.774837 -2e-06 -16.050793 16.354715 5.596836 -1.844033 2.498507 -2.507282 -10.163608 4.678951 4.621114 -20.976042 -3e-06 -1e-06 -21.226309 2.4517 -3.594009 1e-06 -5e-06 0.0 -1.362683 2.240802 -0.746325 -21.334934 0.584911 3.008326 -13.821227 -2e-06 0.0 -23.887192 -0.24908 -0.839487 -59.23035 2.253933 -1.132285 -0.294025 1.679689 0.833257 -14.218222 0.093216 1.300582 -34.212078 -0.287562 0.967169 -20.033234 0.964539 1.212844 1e-06 0.0 -1e-06 -3.440393 0.788234 0.501656 -15.928201 -3.167313 2.999711 -6.338833 -2e-06 1e-06 -18.123463 3.648188 -4.90568 -4e-06 1e-06 -2e-06 -41.703442 27.352089 -0.887305 99.189972 54.43462 46.585922 -1.227332 70.867294 -0.354784 -3.750028 -16.010124 18.836077 2.243546 -5.255044 -3.180162 14.282908 -0.826598 6.95251 0.0 -12.69062 2e-06 15.543484 -17.8473 3.278646 1.665669 -1.955926 -2.878303 4.727804 -4.170595 4.99393 11.02054 -1e-06 -3e-06 12.109071 -3.735722 -2.86679 -0.0 -1e-06 0.0 1.291987 -1.928552 -1.498092 14.800149 0.567465 3.865612 14.242595 -1.341739 -6.660669 19.631992 0.143926 -0.64825 50.314999 -0.764902 -6.107182 0.353029 -1.511154 -0.03194 20.222818 3.684311 2.316631 18.7873 2e-06 -4e-06 10.751643 -0.479869 1.397906 -0.0 -0.0 -0.0 3.273811 0.305945 -0.580112 21.486841 11.830386 2.266132 8.162938 3e-06 -2e-06 18.399111 -3.798994 -4.940586 3e-06 1e-06 -1e-06 -2.103171 14.268131 -45.04274 0.534538 0.330923 91.482407 -12.412952 25.765734 -17.0261 1.817471 -2.195095 -2.006345 0.0 -0.0 4e-06 10.78813 18.876936 -38.238564 -0.163586 0.060516 93.115921 5.01134 -8.792392 -14.20953 -1.474029 1.093176 -1.490229 0.0 0.0 -1e-06
0.0 0.0 0.0 0.0 -0.0 0.0 74.777496 77.405708 89.743362 -0.067386 39.833191 -9.164211 4.245554 1.976719 17.152443 0.756224 5.213319 1.921111 -2.610977 7.881566 22.629543 -23.273041 8.722484 -0.973781 4.883321 21.056061 -2.716794 -15.730343 26.264229 -32.269592 7.7e-05 -2.1e-05 6e-06 0.006533 -0.404872 -0.008891 0.638984 -4.10225 -10.655337 -0.638751 3.311311 -10.618995 -9.595025 5.261467 19.59281 -66.883293 5.775856 -24.172937 4.368621 -70.445847 -4.064151 31.75495 -13.524134 -54.298954 -5.88211 9.861292 0.702591 -10.936876 -0.360577 7.15621 -1e-06 8.774831 -2e-06 -15.966274 16.368221 5.6236 -1.844032 2.498506 -2.507278 -10.163604 4.678948 4.621113 -20.976034 -2e-06 6e-06 -21.226297 2.451702 -3.594001 1e-06 -7e-06 -0.0 -1.362682 2.240799 -0.746324 -21.334921 0.58491 3.008328 -13.821218 -1e-06 4e-06 -23.887178 -0.249078 -0.839481 -59.105938 2.233387 -1.094221 -0.294026 1.679689 0.833256 -14.218215 0.093216 1.300584 -34.212063 -0.287562 0.967176 -20.033218 0.96454 1.212846 1e-06 1e-06 0.0 -3.44039 0.788234 0.501656 -15.928192 -3.167312 2.999712 -6.338829 -1e-06 2e-06 -18.123453 3.648187 -4.905673 -4e-06 -0.0 -2e-06 -41.89624 26.957968 -1.063398 100.348442 54.846443 47.581989 -0.700168 72.74427 0.12642 -4.020627 -16.673416 19.181887 2.243544 -5.255041 -3.180161 14.28291 -0.826598 6.952513 -0.0 -12.690616 -1e-06 15.578062 -17.860744 3.225646 1.66567 -1.955925 -2.878301 4.727805 -4.170589 4.993928 11.02054 3e-06 -0.0 12.109066 -3.73572 -2.866786 0.0 -3e-06 0.0 1.291987 -1.928551 -1.49809 14.800148 0.567466 3.865614 14.242588 -1.341738 -6.660665 19.631994 0.143922 -0.648245 50.306236 -0.762727 -6.128231 0.35303 -1.511152 -0.031941 20.222816 3.68431 2.316634 18.787296 2e-06 0.0 10.751643 -0.47987 1.397908 -1e-06 -0.0 -0.0 3.273811 0.305947 -0.58011 21.486837 11.830383 2.266138 8.162937 1e-06 -0.0 18.399105 -3.79899 -4.940579 3e-06 2e-06 -1e-06 -1.94937 14.688957 -44.319023 0.516637 0.331249 91.293251 -12.599342 25.43108 -17.63888 1.818689 -2.191756 -2.074979 -0.0 -0.0 3e-06 10.911322 18.557556 -37.50061 -0.159907 0.040216 92.902962 5.080167 -8.616817 -14.096449 -1.482838 1.086787 -1.58266 0.0 -1e-06 0.0
0.0 0.0 0.0 0.0 -0.0 0.0 75.468033 77.74086 90.379562 -0.274585 39.888794 -8.933945 4.275007 1.948666 17.025444 0.749311 5.191729 1.831175 -2.604245 7.945377 22.641724 -23.413626 8.713641 -1.035209 4.910395 21.133982 -2.726199 -15.813828 26.307112 -32.027077 7.7e-05 -2.1e-05 6e-06 0.010341 -0.406943 -0.013148 0.646355 -4.097015 -10.65135 -0.63867 3.301905 -10.606041 -9.378415 5.213162 19.676165 -66.524498 6.074445 -24.552231 4.920792 -71.125221 -4.512498 32.26096 -13.338569 -53.627304 -5.882109 9.861286 0.702589 -10.936873 -0.360575 7.156209 -1e-06 8.774826 -1e-06 -15.884568 16.410501 5.659525 -1.844032 2.498504 -2.507279 -10.163601 4.678946 4.621111 -20.976027 -0.0 2e-06 -21.226288 2.451699 -3.594002 1e-06 -6e-06 -0.0 -1.36268 2.2408 -0.746325 -21.334917 0.58491 3.008325 -13.821215 -1e-06 2e-06 -23.887173 -0.249077 -0.839485 -59.064396 2.206464 -1.065446 -0.294026 1.679687 0.833257 -14.218211 0.093215 1.300582 -34.212051 -0.287559 0.967171 -20.033211 0.96454 1.212844 -1e-06 0.0 -0.0 -3.440388 0.788234 0.501656 -15.928189 -3.167308 2.99971 -6.338826 -1e-06 1e-06 -18.123446 3.648184 -4.905673 -4e-06 0.0 -2e-06 -42.012939 26.641645 -1.218329 101.104248 55.296444 48.435703 -0.544924 74.089653 0.240011 -4.100155 -17.291971 19.420019 2.243543 -5.255039 -3.18016 14.282896 -0.826596 6.952506 -1e-06 -12.690606 -0.0 15.582986 -17.862673 3.208498 1.665666 -1.955924 -2.8783 4.727798 -4.170588 4.993924 11.020528 2e-06 -3e-06 12.109055 -3.735717 -2.866785 0.0 -2e-06 -0.0 1.291985 -1.92855 -1.49809 14.800134 0.567468 3.865607 14.242577 -1.341737 -6.660659 19.631973 0.143926 -0.648246 50.317364 -0.74533 -6.132513 0.353028 -1.511149 -0.031941 20.222797 3.684309 2.31663 18.787279 3e-06 -2e-06 10.751631 -0.47987 1.397906 0.0 1e-06 0.0 3.273808 0.305946 -0.580111 21.48682 11.830377 2.266133 8.16293 3e-06 -1e-06 18.399088 -3.798987 -4.940578 3e-06 2e-06 -1e-06 -1.721074 15.164931 -43.602947 0.501899 0.331879 90.956299 -12.737949 25.160997 -18.196489 1.816343 -2.191822 -2.069075 -0.0 -1e-06 3e-06 11.074369 18.299618 -36.823921 -0.150268 0.024919 92.602287 5.098527 -8.439978 -13.646409 -1.493075 1.080505 -1.676569 -1e-06 -1e-06 -1e-06
0.0 0.0 0.0 0.0 -0.0 0.0 76.15799 78.134087 91.020935 -0.513339 39.950695 -8.717735 4.299835 1.919121 16.890646 0.743113 5.185703 1.736064 -2.553013 7.968944 22.642017 -23.519865 8.716253 -1.018001 4.908585 21.180994 -2.738699 -15.807967 26.307739 -31.779976 7.7e-05 -2.1e-05 6e-06 0.014731 -0.406632 -0.0201 0.655747 -4.092559 -10.658145 -0.639441 3.298518 -10.607539 -9.127378 5.095954 19.722317 -66.260086 6.33513 -24.668247 5.35057 -71.497353 -4.856273 32.61726 -13.127336 -53.483749 -5.882111 9.861303 0.702592 -10.93688 -0.360573 7.156213 -1e-06 8.774839 0.0 -15.805325 16.486113 5.709236 -1.844034 2.498508 -2.507282 -10.163609 4.678953 4.621114 -20.976044 -1e-06 -2e-06 -21.226311 2.4517 -3.594009 2e-06 -6e-06 -1e-06 -1.362684 2.240802 -0.746324 -21.334934 0.584913 3.008324 -13.821228 -1e-06 -1e-06 -23.887196 -0.249079 -0.839489 -59.079273 2.189576 -1.053594 -0.294026 1.67969 0.833257 -14.218222 0.093217 1.300582 -34.212078 -0.287561 0.967166 -20.033232 0.964538 1.212842 -0.0 0.0 -1e-06 -3.440392 0.788235 0.501656 -15.928201 -3.167313 2.99971 -6.338831 -1e-06 0.0 -18.123463 3.648191 -4.905682 -5e-06 1e-06 -2e-06 -41.996418 26.389908 -1.26947 101.424736 55.717632 49.062801 -0.732649 74.950294 -0.003659 -4.037637 -17.903097 19.553432 2.243544 -5.255043 -3.180161 14.282904 -0.826595 6.952507 -1e-06 -12.690613 1e-06 15.559352 -17.823181 3.245862 1.665671 -1.955923 -2.878303 4.727805 -4.170591 4.993928 11.020536 1e-06 -3e-06 12.109064 -3.735719 -2.866788 0.0 -3e-06 0.0 1.291986 -1.928552 -1.498091 14.800144 0.567465 3.86561 14.242588 -1.341739 -6.660666 19.631987 0.143927 -0.648248 50.38055 -0.751073 -6.091516 0.35303 -1.511152 -0.031938 20.222809 3.68431 2.316631 18.787291 2e-06 -3e-06 10.751639 -0.479871 1.397906 0.0 -0.0 0.0 3.27381 0.305947 -0.580112 21.486834 11.830384 2.26613 8.162935 2e-06 -1e-06 18.399101 -3.79899 -4.940583 3e-06 1e-06 -1e-06 -1.445704 15.66424 -42.784824 0.483119 0.33087 90.408653 -12.824072 24.904428 -18.898556 1.812707 -2.178625 -2.043827 -0.0 -0.0 3e-06 11.258323 18.034845 -36.093708 -0.13208 0.016258 92.164734 5.039775 -8.234099 -13.070795 -1.507389 1.074834 -1.748761 0.0 0.0 -3e-06
0.0 0.0 0.0 0.0 -0.0 0.0 76.872421 78.55526 91.672783 -0.827199 39.969719 -8.551232 4.340804 1.912405 16.728844 0.750665 5.161996 1.654393 -2.454547 7.974115 22.606346 -23.56794 8.711488 -0.910387 4.920275 21.223085 -2.753641 -15.802722 26.285339 -31.577915 7.7e-05 -2e-05 6e-06 0.017442 -0.405137 -0.027221 0.662692 -4.089539 -10.669187 -0.641012 3.298667 -10.613642 -8.82091 4.933044 19.708622 -66.076263 6.558398 -24.462822 5.514519 -71.554306 -4.892478 32.659012 -12.841524 -53.805161 -5.88211 9.861288 0.70259 -10.936877 -0.360575 7.156209 1e-06 8.774824 -2e-06 -15.769988 16.56983 5.749907 -1.844033 2.498506 -2.507279 -10.163604 4.678946 4.621109 -20.976032 -4e-06 2e-06 -21.226297 2.451697 -3.594001 0.0 -6e-06 -1e-06 -1.362684 2.240799 -0.746324 -21.334925 0.58491 3.008325 -13.82122 -3e-06 2e-06 -23.887182 -0.249079 -0.839483 -59.165218 2.175738 -1.057317 -0.294025 1.679688 0.833256 -14.218212 0.093214 1.300581 -34.212063 -0.287565 0.967172 -20.033222 0.964539 1.212845 0.0 1e-06 0.0 -3.440391 0.788233 0.501657 -15.928198 -3.16731 2.99971 -6.338829 -1e-06 1e-06 -18.123457 3.648182 -4.905673 -4e-06 1e-06 -1e-06 -41.84911 26.193626 -1.239193 101.418457 56.085106 49.525539 -0.924391 75.273796 -0.252523 -4.006791 -18.443975 19.736849 2.243542 -5.255037 -3.180157 14.282887 -0.826592 6.9525 -0.0 -12.690606 0.0 15.526214 -17.813137 3.319826 1.665664 -1.955922 -2.878298 4.727797 -4.170587 4.993921 11.020523 2e-06 -2e-06 12.109052 -3.735716 -2.866786 0.0 -3e-06 0.0 1.291987 -1.928549 -1.498088 14.800125 0.567467 3.865607 14.242571 -1.341736 -6.660659 19.631968 0.143927 -0.648246 50.471348 -0.787848 -6.053679 0.353028 -1.511152 -0.031941 20.222788 3.684306 2.316629 18.78727 3e-06 -3e-06 10.751625 -0.479869 1.397905 0.0 -0.0 0.0 3.273807 0.305947 -0.580109 21.486809 11.830376 2.266132 8.162926 3e-06 -1e-06 18.39908 -3.798985 -4.940578 3e-06 0.0 -1e-06 -1.0837 16.2325 -41.894566 0.483769 0.326761 89.771042 -12.842599 24.604374 -19.632824 1.80614 -2.145379 -2.002013 -0.0 -0.0 3e-06 11.501666 17.776457 -35.334568 -0.117786 0.009803 91.698128 5.021655 -8.101468 -12.220448 -1.525948 1.075905 -1.855482 -1e-06 -2e-06 -1e-06
0.0 0.0 0.0 0.0 -0.0 0.0 77.623459 78.984581 92.372017 -1.182206 39.963593 -8.457058 4.392229 1.933271 16.557882 0.766624 5.126844 1.595725 -2.332144 7.947559 22.539953 -23.569111 8.688162 -0.823831 4.976014 21.289253 -2.749874 -15.814857 26.289446 -31.417473 7.7e-05 -2e-05 6e-06 0.018397 -0.40816 -0.029856 0.666425 -4.094045 -10.679498 -0.642788 3.297083 -10.620037 -8.489862 4.755467 19.660618 -65.974884 6.742904 -23.921421 5.743974 -71.43914 -4.921442 32.637928 -12.547417 -54.536777 -5.88211 9.861292 0.70259 -10.936877 -0.360575 7.156212 -1e-06 8.774831 -2e-06 -15.773752 16.635078 5.761019 -1.844034 2.498506 -2.50728 -10.163605 4.678948 4.621112 -20.976034 -1e-06 1e-06 -21.226301 2.451699 -3.594005 1e-06 -6e-06 -0.0 -1.362682 2.240801 -0.746325 -21.334925 0.58491 3.008326 -13.821221 -3e-06 1e-06 -23.887182 -0.249078 -0.839485 -59.287113 2.160282 -1.07389 -0.294026 1.679688 0.833256 -14.218217 0.093216 1.300582 -34.212067 -0.287563 0.96717 -20.033224 0.964538 1.212844 -1e-06 0.0 -0.0 -3.44039 0.788234 0.501655 -15.928196 -3.167313 2.99971 -6.338829 -1e-06 1e-06 -18.123457 3.648183 -4.905675 -3e-06 0.0 -2e-06 -41.54694 26.038469 -1.103002 101.237656 56.362499 49.956589 -1.129802 75.254517 -0.467604 -3.965078 -19.001989 19.974731 2.243541 -5.255037 -3.18016 14.282894 -0.826595 6.952506 -3e-06 -12.690607 0.0 15.516288 -17.858559 3.401721 1.665667 -1.955924 -2.878299 4.727798 -4.170587 4.993925 11.020526 4e-06 -1e-06 12.109053 -3.735716 -2.866784 0.0 -3e-06 -0.0 1.291986 -1.928549 -1.498089 14.800134 0.567471 3.86561 14.242575 -1.341735 -6.660658 19.631973 0.143928 -0.648241 50.628349 -0.870454 -6.014827 0.353029 -1.511151 -0.03194 20.222797 3.684313 2.316632 18.787275 4e-06 2e-06 10.75163 -0.479869 1.397908 0.0 1e-06 0.0 3.273807 0.305947 -0.580112 21.48682 11.830379 2.266137 8.16293 3e-06 0.0 18.399088 -3.798988 -4.940575 3e-06 1e-06 -1e-06 -0.635346 16.794439 -40.845154 0.490689 0.319638 89.034821 -12.865169 24.323137 -20.531231 1.805799 -2.119255 -1.925386 -0.0 -0.0 4e-06 11.834093 17.553185 -34.52634 -0.12043 0.000349 91.365898 5.249722 -8.095122 -10.701265 -1.54275 1.074184 -2.032214 -1e-06 -0.0 -2e-06
0.0 0.0 0.0 0.0 -0.0 0.0 78.378716 79.421005 93.098106 -1.517364 39.956001 -8.394066 4.415439 1.98594 16.383699 0.766062 4.961828 1.46962 -2.172737 7.97906 22.518795 -23.476131 8.668306 -0.907298 5.006284 21.330751 -2.684325 -15.659213 26.201687 -31.133745 7.7e-05 -2.2e-05 6e-06 0.019652 -0.400865 -0.035462 0.669576 -4.089886 -10.705357 -0.643708 3.308638 -10.662869 -8.179386 4.736818 19.579473 -65.866905 6.807277 -23.169952 6.099705 -71.251556 -5.058335 32.435078 -12.444185 -55.40752 -5.88211 9.86129 0.702588 -10.936874 -0.360572 7.156209 -1e-06 8.774828 -2e-06 -15.847861 16.83794 5.794613 -1.844032 2.498507 -2.507279 -10.163604 4.678947 4.621111 -20.97603 2e-06 2e-06 -21.226297 2.451701 -3.594003 2e-06 -7e-06 -1e-06 -1.362684 2.240799 -0.746323 -21.334921 0.584914 3.008326 -13.821218 1e-06 2e-06 -23.887178 -0.249073 -0.839483 -59.371952 2.10162 -1.183507 -0.294024 1.679688 0.833256 -14.218215 0.093217 1.300582 -34.212055 -0.287557 0.96717 -20.033218 0.964541 1.212843 0.0 0.0 0.0 -3.440391 0.788234 0.501655 -15.928192 -3.167308 2.999712 -6.338829 -1e-06 2e-06 -18.123457 3.648189 -4.905673 -5e-06 1e-06 -1e-06 -41.09531 25.870008 -1.296479 100.867882 56.13121 50.186558 -0.78692 75.174904 -0.125911 -3.984665 -19.629519 20.196922 2.243542 -5.255036 -3.180158 14.282887 -0.826592 6.952497 -1e-06 -12.690601 1e-06 15.461782 -17.844358 3.389411 1.665668 -1.95592 -2.878298 4.727796 -4.170588 4.993921 11.020522 2e-06 -5e-06 12.10905 -3.735713 -2.866786 -0.0 -3e-06 0.0 1.291984 -1.928549 -1.498088 14.800125 0.567468 3.865602 14.242569 -1.341736 -6.660658 19.631962 0.143928 -0.648249 50.594261 -0.878017 -5.955352 0.35303 -1.511149 -0.031941 20.222786 3.684307 2.316623 18.78727 3e-06 -6e-06 10.751625 -0.479866 1.397902 0.0 1e-06 0.0 3.273807 0.305947 -0.580111 21.486805 11.83037 2.266125 8.162924 2e-06 -2e-06 18.399076 -3.798982 -4.940578 3e-06 2e-06 -1e-06 -0.147167 17.337074 -39.663799 0.45974 0.325442 88.169159 -12.81496 24.284838 -21.532537 1.813472 -2.10746 -1.860938 -0.0 -0.0 3e-06 11.906794 17.288725 -34.349419 -0.084382 0.033328 91.605644 6.544807 -7.376953 -9.530101 -1.541668 1.101409 -2.000192 -1e-06 -1e-06 -2e-06
0.0 0.0 0.0 0.0 -0.0 0.0 79.117767 79.796043 93.807533 -1.851345 39.939495 -8.400077 4.456291 1.974158 16.205748 0.760541 4.958663 1.391505 -2.005041 7.980397 22.388643 -23.347294 8.642755 -0.922206 5.031213 21.369148 -2.662888 -15.499694 26.209366 -30.85692 7.7e-05 -2.2e-05 6e-06 0.020276 -0.423007 -0.031166 0.675183 -4.115137 -10.708121 -0.648106 3.289598 -10.667602 -7.877434 4.58987 19.554268 -65.89489 6.89255 -22.612122 5.861731 -71.293777 -4.951483 32.31039 -12.610186 -55.771168 -5.882108 9.86129 0.702589 -10.936872 -0.360576 7.156208 0.0 8.774828 0.0 -15.829557 16.823332 5.775422 -1.844034 2.498505 -2.507279 -10.163601 4.678946 4.621109 -20.976027 -3e-06 -4e-06 -21.226292 2.451694 -3.594006 -0.0 -6e-06 1e-06 -1.362684 2.240799 -0.746324 -21.334917 0.584911 3.008322 -13.821217 -3e-06 -1e-06 -23.887175 -0.249083 -0.839487 -59.346287 2.099837 -1.159712 -0.294024 1.679688 0.833256 -14.21821 0.093216 1.300579 -34.212048 -0.287566 0.967163 -20.033222 0.964535 1.21284 -0.0 1e-06 -0.0 -3.440389 0.788234 0.501655 -15.928187 -3.16731 2.999706 -6.338827 -2e-06 -0.0 -18.123447 3.648183 -4.905675 -5e-06 -0.0 -1e-06 -40.653496 25.860704 -1.136203 100.325386 56.016796 50.438477 -1.315619 75.195641 -0.613814 -3.8355 -20.18766 20.218416 2.243541 -5.255037 -3.180159 14.282895 -0.826596 6.952505 -1e-06 -12.690608 1e-06 15.421548 -17.803429 3.415683 1.665669 -1.955921 -2.8783 4.7278 -4.170588 4.993928 11.020529 3e-06 -1e-06 12.109055 -3.735715 -2.866784 -0.0 -3e-06 0.0 1.291985 -1.928549 -1.498089 14.800132 0.567469 3.865609 14.242578 -1.341736 -6.660661 19.631973 0.143926 -0.648245 50.548103 -0.868646 -5.940008 0.353031 -1.51115 -0.031941 20.222799 3.684309 2.31663 18.787279 3e-06 -2e-06 10.751631 -0.479867 1.397907 0.0 -0.0 0.0 3.273808 0.305945 -0.580109 21.48682 11.830378 2.266132 8.16293 1e-06 -1e-06 18.399088 -3.798985 -4.940577 3e-06 2e-06 -1e-06 0.372279 17.745153 -38.46019 0.478471 0.354673 87.35981 -12.858046 24.115671 -22.582644 1.821297 -2.119248 -1.695387 -0.0 -0.0 4e-06 11.796316 17.169107 -34.573292 -0.060342 0.049997 92.061272 7.92385 -6.546156 -8.987653 -1.53546 1.091703 -1.956827 -2e-06 -2e-06 -2e-06
0.0 0.0 0.0 0.0 -0.0 0.0 79.83567 80.133888 94.48204 -2.179618 39.988667 -8.409812 4.505702 1.932848 16.014084 0.7481 4.967596 1.289451 -1.834938 7.976863 22.205229 -23.170189 8.625895 -0.968551 5.023335 21.346144 -2.652098 -15.25485 26.216021 -30.593599 7.7e-05 -2.1e-05 6e-06 0.020255 -0.440481 -0.030932 0.679148 -4.131826 -10.700153 -0.652221 3.270904 -10.658119 -7.614059 4.495008 19.500521 -65.936493 6.93391 -21.99157 5.658082 -71.499695 -4.752758 32.155087 -12.755911 -56.080029 -5.882108 9.861294 0.702591 -10.936874 -0.360574 7.156209 -1e-06 8.774831 -2e-06 -15.792905 16.816212 5.800646 -1.844033 2.498506 -2.507279 -10.163604 4.678948 4.621112 -20.976032 -0.0 2e-06 -21.226297 2.451699 -3.594003 1e-06 -7e-06 1e-06 -1.362681 2.240801 -0.746324 -21.334923 0.584911 3.008326 -13.821218 -3e-06 2e-06 -23.887182 -0.249076 -0.839484 -59.334702 2.12039 -1.110789 -0.294025 1.679689 0.833256 -14.218214 0.093217 1.300582 -34.212055 -0.28756 0.96717 -20.033218 0.964539 1.212843 0.0 0.0 1e-06 -3.440391 0.788234 0.501655 -15.928192 -3.167311 2.99971 -6.338829 0.0 2e-06 -18.123455 3.648187 -4.905674 -3e-06 -0.0 -2e-06 -40.158897 25.92474 -1.028789 99.710495 55.733055 50.608982 -1.59701 75.205849 -0.859594 -3.70142 -20.580784 20.167353 2.243544 -5.25504 -3.18016 14.282898 -0.826596 6.952505 -0.0 -12.690609 1e-06 15.397772 -17.774137 3.429741 1.665667 -1.955922 -2.878301 4.727801 -4.170592 4.993927 11.020534 2e-06 -3e-06 12.10906 -3.735715 -2.866787 1e-06 -3e-06 0.0 1.291988 -1.928549 -1.498092 14.800136 0.567469 3.865607 14.242584 -1.341736 -6.660665 19.631979 0.143926 -0.64825 50.495132 -0.859299 -5.923345 0.353029 -1.511152 -0.03194 20.222801 3.68431 2.316629 18.787285 6e-06 -4e-06 10.751634 -0.479868 1.397905 -1e-06 1e-06 -0.0 3.273808 0.305947 -0.580112 21.486824 11.83038 2.26613 8.16293 3e-06 -1e-06 18.399094 -3.798986 -4.940581 4e-06 0.0 -0.0 0.844005 18.018326 -37.376083 0.509405 0.377975 86.675949 -12.847599 23.963432 -23.332644 1.822404 -2.110503 -1.620199 0.0 -0.0 4e-06 11.533324 17.021757 -35.21711 -0.055597 0.069201 92.836487 9.184154 -5.943243 -9.029902 -1.529551 1.081674 -1.845417 0.0 0.0 -2e-06
0.0 0.0 0.0 0.0 -0.0 0.0 80.590561 80.458382 95.146652 -2.475843 40.05685 -8.442159 4.560711 1.893807 15.803346 0.734741 4.994592 1.188711 -1.665787 7.971968 22.026785 -22.986237 8.593315 -1.054702 5.012256 21.337767 -2.644563 -14.972357 26.280281 -30.354631 7.7e-05 -2.1e-05 6e-06 0.018377 -0.448427 -0.035899 0.678531 -4.137663 -10.689047 -0.655245 3.259997 -10.64092 -7.346494 4.473808 19.428774 -66.115158 6.912196 -21.2918 5.707981 -71.788116 -4.669689 31.943203 -12.915023 -56.267078 -5.88211 9.861293 0.70259 -10.936877 -0.360575 7.156213 -1e-06 8.774833 -2e-06 -15.768247 16.785864 5.828546 -1.844034 2.498507 -2.50728 -10.163605 4.678948 4.621113 -20.976038 -2e-06 1e-06 -21.226301 2.451699 -3.594006 2e-06 -7e-06 -0.0 -1.362682 2.2408 -0.746325 -21.334929 0.58491 3.008327 -13.821223 -3e-06 3e-06 -23.887186 -0.249079 -0.839483 -59.341614 2.132405 -1.070797 -0.294025 1.679688 0.833256 -14.218217 0.093214 1.300583 -34.212067 -0.287562 0.967172 -20.033226 0.964538 1.212845 1e-06 0.0 0.0 -3.44039 0.788233 0.501656 -15.928196 -3.167313 2.999711 -6.33883 -1e-06 1e-06 -18.123457 3.648185 -4.905675 -5e-06 1e-06 -2e-06 -39.650185 26.04422 -0.912434 99.073334 55.380871 50.814564 -1.927072 75.210129 -1.145733 -3.609908 -20.940746 20.278488 2.243547 -5.255042 -3.180163 14.282907 -0.8266 6.952512 -1e-06 -12.690619 2e-06 15.393481 -17.753195 3.420734 1.665668 -1.955922 -2.878302 4.727807 -4.170595 4.99393 11.02054 -1e-06 -1e-06 12.109066 -3.735724 -2.866788 -0.0 -3e-06 0.0 1.291987 -1.928551 -1.49809 14.800146 0.567466 3.865611 14.242588 -1.341736 -6.660665 19.631992 0.143926 -0.648248 50.428661 -0.841291 -5.939539 0.35303 -1.511152 -0.03194 20.222813 3.684309 2.316631 18.787296 2e-06 -3e-06 10.751641 -0.479872 1.397906 0.0 1e-06 0.0 3.273811 0.305947 -0.580111 21.486839 11.83039 2.266134 8.162938 -1e-06 -2e-06 18.399111 -3.798991 -4.940585 3e-06 1e-06 -0.0 1.25992 18.232874 -36.267197 0.534946 0.389106 86.044884 -12.903374 23.701979 -23.941002 1.824712 -2.097527 -1.712715 0.0 -0.0 3e-06 11.112452 16.902201 -36.069515 -0.056597 0.095059 93.55825 10.36037 -5.453061 -9.453907 -1.522254 1.080675 -1.693766 -1e-06 -0.0 -2e-06
0.0 0.0 0.0 0.0 -0.0 0.0 81.371216 80.787727 95.815971 -2.71086 40.171894 -8.473641 4.612096 1.874813 15.575289 0.735573 5.020853 1.09242 -1.511417 7.94544 21.855318 -22.808428 8.52925 -1.149054 5.001909 21.382633 -2.637264 -14.672514 26.368053 -30.186069 7.7e-05 -2e-05 6e-06 0.013494 -0.441369 -0.03681 0.673639 -4.129018 -10.678931 -0.659996 3.265342 -10.622653 -7.100171 4.490209 19.343725 -66.4701 6.879214 -20.576424 5.856127 -72.149635 -4.667179 31.757477 -13.053407 -56.213161 -5.882108 9.861291 0.702591 -10.936873 -0.360573 7.156207 0.0 8.77483 0.0 -15.764275 16.759354 5.839922 -1.844033 2.498505 -2.507278 -10.163601 4.678948 4.621109 -20.976027 -3e-06 0.0 -21.226288 2.451695 -3.594002 1e-06 -7e-06 -0.0 -1.362683 2.240799 -0.746323 -21.334917 0.58491 3.008323 -13.821215 -3e-06 1e-06 -23.887175 -0.249081 -0.839484 -59.339119 2.167683 -1.063697 -0.294025 1.679688 0.833256 -14.218211 0.093217 1.30058 -34.212055 -0.287565 0.967169 -20.033213 0.964536 1.212843 1e-06 1e-06 -0.0 -3.440388 0.788235 0.501656 -15.928189 -3.167312 2.999707 -6.338827 -1e-06 1e-06 -18.123447 3.648184 -4.905674 -3e-06 1e-06 -2e-06 -39.208996 26.191702 -0.779176 98.464211 54.991123 50.984592 -2.144147 75.23967 -1.317445 -3.554046 -21.278311 20.565334 2.243545 -5.255037 -3.180157 14.282896 -0.826596 6.952506 -2e-06 -12.690606 2e-06 15.42525 -17.778599 3.400396 1.665667 -1.955919 -2.878301 4.727801 -4.170591 4.993925 11.020528 2e-06 -0.0 12.109055 -3.735714 -2.866783 0.0 -1e-06 1e-06 1.291983 -1.92855 -1.498088 14.800134 0.56747 3.865612 14.242573 -1.341736 -6.660657 19.631973 0.143927 -0.648242 50.402115 -0.85672 -5.990032 0.353027 -1.51115 -0.031941 20.222797 3.684309 2.316632 18.787275 4e-06 1e-06 10.751631 -0.47987 1.397907 0.0 -1e-06 -0.0 3.273808 0.305947 -0.580111 21.486816 11.83038 2.266132 8.16293 2e-06 1e-06 18.399088 -3.798986 -4.940574 3e-06 1e-06 -1e-06 1.60055 18.343828 -35.164951 0.554119 0.389895 85.519569 -13.028728 23.331503 -24.158142 1.828276 -2.089291 -1.966135 0.0 -0.0 4e-06 10.485684 16.781954 -37.019203 -0.068078 0.12421 94.022736 11.363998 -5.270209 -10.501431 -1.51153 1.090511 -1.47177 1e-06 -1e-06 -2e-06
0.0 0.0 0.0 0.0 -0.0 0.0 82.180336 81.128464 96.503433 -2.869296 40.318958 -8.48596 4.647183 1.870613 15.339358 0.756941 5.04048 1.000212 -1.403939 7.920434 21.694654 -22.642614 8.467417 -1.226737 5.000637 21.489428 -2.645605 -14.468668 26.483292 -30.122477 7.7e-05 -2e-05 6e-06 0.007284 -0.436693 -0.033375 0.668727 -4.126333 -10.684506 -0.667263 3.271356 -10.622086 -6.902245 4.52869 19.260935 -67.046516 6.894515 -19.822039 6.227812 -72.555771 -4.900202 31.628895 -13.193415 -56.023369 -5.88211 9.861295 0.702591 -10.936881 -0.360574 7.156212 0.0 8.774833 -1e-06 -15.815384 16.741611 5.830743 -1.844034 2.498507 -2.507279 -10.163609 4.678949 4.621113 -20.976044 -4e-06 3e-06 -21.226307 2.451699 -3.594002 2e-06 -7e-06 0.0 -1.362683 2.2408 -0.746324 -21.334934 0.584908 3.008327 -13.821227 -3e-06 3e-06 -23.88719 -0.249079 -0.839483 -59.357239 2.210977 -1.069062 -0.294025 1.679689 0.833257 -14.218221 0.093214 1.300582 -34.212078 -0.287564 0.967172 -20.03323 0.964536 1.212845 -1e-06 -1e-06 1e-06 -3.440392 0.788233 0.501656 -15.928203 -3.167313 2.99971 -6.338833 -2e-06 1e-06 -18.123463 3.648186 -4.905674 -3e-06 1e-06 -1e-06 -38.867035 26.326733 -0.698769 97.951393 54.533176 51.093243 -2.146144 75.312614 -1.265801 -3.476127 -21.525543 20.8328 2.243543 -5.255038 -3.180159 14.282897 -0.826595 6.952507 -1e-06 -12.690609 1e-06 15.469517 -17.82873 3.379496 1.665668 -1.955925 -2.8783 4.727802 -4.170588 4.993927 11.020529 1e-06 -0.0 12.109056 -3.735717 -2.866784 -0.0 -3e-06 0.0 1.291987 -1.92855 -1.498089 14.800136 0.567468 3.865609 14.24258 -1.341735 -6.660661 19.631977 0.143925 -0.648245 50.38863 -0.889969 -6.041792 0.353029 -1.511153 -0.031941 20.222803 3.684312 2.316631 18.787285 4e-06 -1e-06 10.751634 -0.479869 1.397906 0.0 2e-06 0.0 3.273809 0.305946 -0.58011 21.486824 11.830379 2.266132 8.162933 2e-06 -1e-06 18.399092 -3.798987 -4.940577 4e-06 0.0 -1e-06 1.861386 18.325718 -34.031906 0.560763 0.388861 85.031174 -13.214628 22.930954 -24.094687 1.834698 -2.098429 -2.342095 -0.0 -0.0 3e-06 9.709528 16.661463 -37.966873 -0.075803 0.156341 94.051704 11.991453 -5.640994 -11.94854 -1.494383 1.096487 -1.282414 0.0 -1e-06 -2e-06
0.0 0.0 0.0 0.0 -0.0 0.0 83.015282 81.499191 97.229797 -2.953389 40.48357 -8.476506 4.649049 1.860526 15.12724 0.783068 5.048418 0.914921 -1.328583 7.912911 21.511126 -22.518089 8.400501 -1.282657 5.002146 21.646605 -2.661958 -14.378885 26.595469 -30.127237 7.7e-05 -2.2e-05 6e-06 0.00297 -0.431296 -0.026068 0.667428 -4.124056 -10.693831 -0.674509 3.280418 -10.62869 -6.763236 4.614978 19.18148 -67.84166 7.031133 -19.015953 6.837418 -72.911392 -5.440404 31.534956 -13.322923 -55.977253 -5.882106 9.86129 0.702593 -10.936877 -0.360576 7.15621 3e-06 8.774831 1e-06 -15.927604 16.716431 5.783204 -1.844035 2.498506 -2.507279 -10.163603 4.678944 4.621113 -20.976032 -7e-06 3e-06 -21.226292 2.451694 -3.593999 2e-06 -6e-06 0.0 -1.362684 2.240799 -0.746324 -21.334925 0.584906 3.008326 -13.82122 -5e-06 3e-06 -23.887182 -0.249083 -0.839479 -59.395126 2.252899 -1.08673 -0.294023 1.679688 0.833256 -14.218215 0.093211 1.300582 -34.212067 -0.28757 0.967176 -20.033222 0.964536 1.212848 -2e-06 -1e-06 -0.0 -3.440389 0.788234 0.501656 -15.928194 -3.167314 2.99971 -6.338829 -2e-06 1e-06 -18.123451 3.648183 -4.905671 -3e-06 1e-06 -2e-06 -38.612495 26.433268 -0.727605 97.565506 53.98328 51.068859 -1.60559 75.479515 -0.732346 -3.439867 -21.61923 20.991356 2.243544 -5.25504 -3.18016 14.282907 -0.826595 6.952513 -4e-06 -12.690616 2e-06 15.506265 -17.904219 3.363458 1.665667 -1.955922 -2.878303 4.727804 -4.170594 4.993933 11.020537 3e-06 -0.0 12.109063 -3.735716 -2.866784 -0.0 -2e-06 0.0 1.291986 -1.928553 -1.498089 14.800148 0.567469 3.865614 14.242585 -1.341736 -6.660663 19.631987 0.143926 -0.648241 50.37701 -0.921715 -6.092987 0.353031 -1.511151 -0.031939 20.222815 3.684316 2.316634 18.787294 6e-06 2e-06 10.751641 -0.479868 1.397909 0.0 1e-06 0.0 3.273811 0.305946 -0.58011 21.486839 11.830391 2.266137 8.162937 3e-06 1e-06 18.399099 -3.79899 -4.940577 4e-06 0.0 -1e-06 2.053341 18.183569 -32.842003 0.55128 0.376347 84.54129 -13.471381 22.494392 -23.730198 1.839382 -2.109807 -2.820022 -0.0 -1e-06 3e-06 8.792725 16.471777 -38.839928 -0.095564 0.18727 93.555626 12.382003 -6.251929 -13.435944 -1.473688 1.1018 -1.096868 1e-06 -1e-06 -3e-06
0.0 0.0 0.0 0.0 -0.0 0.0 83.864037 81.879784 97.966286 -2.972091 40.588619 -8.446857 4.631087 1.855935 14.942943 0.799793 5.062984 0.83216 -1.270713 7.922101 21.323351 -22.502266 8.346885 -1.320538 5.036182 21.820438 -2.67628 -14.38821 26.728348 -30.224546 7.7e-05 -2.2e-05 6e-06 -0.000557 -0.418968 -0.021281 0.666015 -4.116316 -10.714531 -0.680121 3.298004 -10.64668 -6.664423 4.751151 19.168005 -68.815079 7.249262 -18.250872 7.4924 -73.124771 -6.125237 31.40287 -13.38652 -56.1987 -5.882106 9.861287 0.702591 -10.936874 -0.360574 7.156208 -0.0 8.774828 -2e-06 -16.065895 16.706972 5.726545 -1.844035 2.498506 -2.507278 -10.163602 4.678946 4.621111 -20.976028 -1e-06 4e-06 -21.22629 2.451699 -3.593999 -1e-06 -7e-06 -0.0 -1.362681 2.240798 -0.746323 -21.334917 0.584911 3.008326 -13.821216 -1e-06 3e-06 -23.887171 -0.249075 -0.839482 -59.433239 2.29601 -1.122813 -0.294025 1.679687 0.833256 -14.218214 0.093215 1.300582 -34.212055 -0.287559 0.967174 -20.033222 0.96454 1.212844 -1e-06 1e-06 1e-06 -3.44039 0.788233 0.501656 -15.928191 -3.16731 2.99971 -6.338829 -1e-06 2e-06 -18.123451 3.648184 -4.905671 -5e-06 0.0 -2e-06 -38.432716 26.490541 -0.788305 97.302231 53.460873 51.00919 -0.61116 75.795479 0.201625 -3.491954 -21.535574 21.062523 2.24354 -5.255037 -3.180158 14.282894 -0.826594 6.952507 -4e-06 -12.690606 2e-06 15.558682 -17.975096 3.338413 1.665666 -1.955921 -2.878299 4.727799 -4.170589 4.993925 11.020528 4e-06 -2e-06 12.109053 -3.735713 -2.866783 -0.0 -1e-06 0.0 1.291985 -1.928548 -1.49809 14.800129 0.567468 3.865608 14.242573 -1.341734 -6.660657 19.631969 0.143927 -0.648243 50.391361 -0.919741 -6.146185 0.353028 -1.511151 -0.03194 20.222797 3.684313 2.316631 18.787275 7e-06 1e-06 10.751631 -0.47987 1.397907 0.0 1e-06 0.0 3.273808 0.305948 -0.580111 21.48682 11.83038 2.266133 8.162929 3e-06 1e-06 18.399084 -3.798982 -4.940572 3e-06 -1e-06 -1e-06 2.183557 17.990568 -31.636658 0.53181 0.358495 84.103874 -13.775131 22.071121 -23.008436 1.845579 -2.126747 -3.323523 0.0 -0.0 3e-06 7.853926 16.178419 -39.559143 -0.124701 0.205875 92.493355 12.684817 -6.65088 -14.691455 -1.453189 1.102263 -0.962379 0.0 -1e-06 -3e-06
0.0 0.0 0.0 0.0 -0.0 0.0 84.70668 82.261513 98.67144 -2.961269 40.573792 -8.39305 4.606817 1.868153 14.766585 0.798981 5.090951 0.740958 -1.209886 7.94444 21.167807 -22.625488 8.33854 -1.386827 5.10433 21.993183 -2.668377 -14.475968 26.863962 -30.386539 7.7e-05 -2.1e-05 6e-06 -0.003605 -0.41088 -0.01781 0.665968 -4.115571 -10.741611 -0.686195 3.314263 -10.673194 -6.62494 4.897122 19.196632 -69.880394 7.55473 -17.674704 7.984278 -73.190491 -6.671665 31.253424 -13.368399 -56.741566 -5.882105 9.861284 0.702588 -10.93687 -0.360575 7.156207 -1e-06 8.774824 -2e-06 -16.171606 16.684727 5.683923 -1.844033 2.498505 -2.507279 -10.163598 4.678945 4.621109 -20.976021 -3e-06 1e-06 -21.226286 2.451696 -3.594002 2e-06 -6e-06 0.0 -1.362681 2.240797 -0.746324 -21.334911 0.584908 3.008325 -13.821213 -3e-06 2e-06 -23.887169 -0.249078 -0.839482 -59.423431 2.323076 -1.167626 -0.294025 1.679688 0.833256 -14.218204 0.093215 1.300581 -34.21204 -0.287565 0.96717 -20.033211 0.964537 1.212844 -1e-06 0.0 -0.0 -3.440388 0.788233 0.501656 -15.928185 -3.16731 2.999709 -6.338825 -2e-06 2e-06 -18.123444 3.648183 -4.905671 -4e-06 -0.0 -1e-06 -38.314648 26.515938 -0.844111 97.134155 53.026512 50.986603 0.494287 76.228745 1.249668 -3.63493 -21.290478 21.035566 2.243541 -5.255037 -3.180159 14.282894 -0.826597 6.952504 -0.0 -12.690606 1e-06 15.604925 -18.027479 3.32046 1.665666 -1.95592 -2.878299 4.727799 -4.170589 4.993927 11.020528 2e-06 0.0 12.109053 -3.735719 -2.866783 -0.0 -1e-06 0.0 1.291984 -1.92855 -1.498088 14.800132 0.567465 3.865608 14.242577 -1.341737 -6.660659 19.631973 0.143924 -0.648245 50.389301 -0.909846 -6.198297 0.353027 -1.511151 -0.03194 20.222792 3.684309 2.316632 18.787273 3e-06 -0.0 10.751628 -0.479869 1.397906 0.0 2e-06 -0.0 3.273806 0.305947 -0.58011 21.486816 11.830374 2.266132 8.162929 3e-06 -0.0 18.399084 -3.798986 -4.940577 3e-06 -2e-06 -1e-06 2.275167 17.833948 -30.440556 0.501196 0.346179 83.641762 -14.108541 21.744444 -22.173458 1.853054 -2.142326 -3.793898 0.0 0.0 3e-06 6.961471 15.878645 -40.059639 -0.159944 0.216154 90.77243 12.932913 -6.800617 -15.44087 -1.440007 1.099689 -0.871978 -0.0 1e-06 -1e-06
0.0 0.0 0.0 0.0 -0.0 0.0 85.525551 82.620552 99.345421 -2.941393 40.476955 -8.295161 4.57347 1.884299 14.596553 0.785692 5.109921 0.641977 -1.15994 7.976811 21.031199 -22.857784 8.395226 -1.458441 5.155138 22.127319 -2.647292 -14.575904 26.9615 -30.583033 7.7e-05 -2.1e-05 6e-06 -0.006102 -0.39432 -0.010309 0.666405 -4.107253 -10.763094 -0.691721 3.339421 -10.697142 -6.595664 5.011066 19.244274 -70.868187 7.910173 -17.380533 8.235924 -73.175156 -6.926735 31.015333 -13.285821 -57.261124 -5.882107 9.86129 0.702588 -10.936872 -0.360574 7.156206 -1e-06 8.774828 -3e-06 -16.245649 16.682451 5.646752 -1.844031 2.498506 -2.507279 -10.1636 4.678947 4.621109 -20.976023 -1e-06 0.0 -21.22629 2.451699 -3.594004 1e-06 -6e-06 0.0 -1.362681 2.240798 -0.746324 -21.334913 0.584911 3.008323 -13.821213 -3e-06 1e-06 -23.887167 -0.249079 -0.839486 -59.358093 2.346518 -1.19976 -0.294025 1.679688 0.833255 -14.218209 0.093216 1.30058 -34.212048 -0.287562 0.967166 -20.033211 0.964537 1.212841 0.0 1e-06 1e-06 -3.440389 0.788234 0.501656 -15.928185 -3.16731 2.999708 -6.338827 -1e-06 1e-06 -18.123447 3.648185 -4.905675 -3e-06 0.0 -2e-06 -38.211552 26.517046 -0.845065 97.042786 52.723534 50.979156 1.640345 76.689674 2.311557 -3.840269 -20.977402 20.991051 2.243541 -5.255037 -3.180158 14.282892 -0.826597 6.952504 -3e-06 -12.690611 4e-06 15.647385 -18.050694 3.311704 1.665666 -1.955922 -2.878299 4.727799 -4.170589 4.993927 11.020528 4e-06 -0.0 12.109053 -3.735716 -2.866782 -0.0 -1e-06 0.0 1.291985 -1.92855 -1.49809 14.800129 0.567468 3.86561 14.242573 -1.341734 -6.660657 19.631969 0.143928 -0.648243 50.389839 -0.888454 -6.225053 0.35303 -1.51115 -0.031941 20.222797 3.684312 2.316631 18.787273 2e-06 1e-06 10.751629 -0.47987 1.397906 0.0 1e-06 0.0 3.273806 0.305947 -0.58011 21.486816 11.830377 2.266133 8.162929 2e-06 1e-06 18.399088 -3.79899 -4.940574 3e-06 0.0 -1e-06 2.350507 17.763231 -29.317198 0.467558 0.337688 83.181519 -14.434858 21.383554 -21.322144 1.857635 -2.146161 -4.219454 0.0 -0.0 3e-06 6.181526 15.620275 -40.328644 -0.201379 0.217704 88.576408 13.034628 -6.808738 -15.848499 -1.437315 1.102454 -0.795753 0.0 -0.0 0.0
0.0 0.0 0.0 0.0 -0.0 0.0 86.350098 82.942932 100.051712 -2.916258 40.35244 -8.139463 4.521121 1.908787 14.427788 0.770924 5.113388 0.536032 -1.144222 7.993983 20.907631 -23.152058 8.498496 -1.543467 5.171853 22.197166 -2.631579 -14.65622 27.012695 -30.855171 7.7e-05 -2e-05 6e-06 -0.010425 -0.38592 -0.005256 0.666144 -4.10597 -10.783395 -0.700038 3.35488 -10.721017 -6.528664 5.073701 19.296747 -71.696053 8.268867 -17.361225 8.270328 -73.174477 -6.898052 30.729803 -13.12415 -57.697239 -5.882105 9.861286 0.702591 -10.936872 -0.360575 7.156207 -1e-06 8.774827 -1e-06 -16.285702 16.677818 5.601338 -1.844031 2.498505 -2.507279 -10.163599 4.678946 4.621109 -20.976023 -1e-06 1e-06 -21.226288 2.451696 -3.594002 1e-06 -6e-06 -0.0 -1.362681 2.240799 -0.746324 -21.334913 0.584912 3.008324 -13.821213 -1e-06 2e-06 -23.887173 -0.249076 -0.839485 -59.230999 2.356094 -1.225965 -0.294024 1.679686 0.833256 -14.218208 0.093215 1.300581 -34.212048 -0.287562 0.96717 -20.033211 0.964539 1.212843 0.0 0.0 0.0 -3.440387 0.788234 0.501656 -15.928185 -3.167308 2.999708 -6.338826 -2e-06 1e-06 -18.123444 3.648183 -4.905671 -3e-06 0.0 -2e-06 -38.134758 26.498762 -0.817078 97.027603 52.559223 50.931099 3.092052 77.148354 3.666339 -4.150247 -20.623323 20.922604 2.24354 -5.255035 -3.180158 14.282889 -0.826597 6.952505 -2e-06 -12.690606 2e-06 15.648717 -18.038237 3.317212 1.665666 -1.95592 -2.878299 4.727802 -4.170589 4.993926 11.020524 3e-06 1e-06 12.109051 -3.735717 -2.866782 -0.0 -2e-06 0.0 1.291986 -1.928548 -1.498088 14.800129 0.567467 3.865611 14.24257 -1.341736 -6.660657 19.631968 0.143925 -0.648243 50.357357 -0.86036 -6.234273 0.353028 -1.51115 -0.03194 20.22279 3.684309 2.316632 18.78727 4e-06 2e-06 10.751627 -0.479869 1.397907 -0.0 -0.0 -0.0 3.27381 0.305947 -0.580111 21.486813 11.830376 2.266133 8.162926 2e-06 1e-06 18.39908 -3.798988 -4.940575 3e-06 1e-06 -1e-06 2.435665 17.784491 -28.247543 0.426387 0.316654 82.768333 -14.712014 20.974892 -20.401543 1.862692 -2.137599 -4.668026 0.0 -0.0 3e-06 5.498786 15.450746 -40.407978 -0.232901 0.218844 85.969528 13.066471 -6.634714 -15.95548 -1.438793 1.107171 -0.761421 0.0 -0.0 0.0
0.0 0.0 0.0 0.0 -0.0 0.0 87.215683 83.218079 100.845848 -2.930386 40.230244 -7.981524 4.461889 1.936321 14.256586 0.76004 5.091582 0.424639 -1.145609 8.007266 20.83322 -23.4645 8.614874 -1.647242 5.19055 22.249067 -2.63705 -14.712369 27.008741 -31.122618 7.7e-05 -2.1e-05 6e-06 -0.015687 -0.381314 -0.002529 0.666029 -4.10737 -10.804876 -0.710233 3.365489 -10.746425 -6.409344 5.083669 19.338511 -72.347366 8.527779 -17.525799 8.176719 -73.173897 -6.722972 30.440491 -12.909095 -58.018387 -5.882105 9.86129 0.702591 -10.936872 -0.360579 7.156208 1e-06 8.774827 -0.0 -16.293413 16.685663 5.56585 -1.844031 2.498506 -2.507278 -10.163599 4.678945 4.621109 -20.976023 -6e-06 -0.0 -21.226286 2.451696 -3.594002 2e-06 -8e-06 0.0 -1.36268 2.240798 -0.746324 -21.334913 0.584907 3.008323 -13.821213 -4e-06 1e-06 -23.887167 -0.249081 -0.839482 -59.097401 2.359076 -1.25808 -0.294024 1.679687 0.833256 -14.21821 0.093213 1.300581 -34.212048 -0.287569 0.967172 -20.033215 0.964536 1.212846 2e-06 0.0 0.0 -3.440389 0.788233 0.501655 -15.928185 -3.167314 2.999707 -6.338826 -2e-06 1e-06 -18.123444 3.648184 -4.905672 -3e-06 0.0 -2e-06 -38.040741 26.468954 -0.754163 97.017029 52.517982 50.864883 4.484312 77.545158 4.97917 -4.446474 -20.207346 20.729078 2.243545 -5.255037 -3.180162 14.282903 -0.826596 6.952508 -4e-06 -12.690615 1e-06 15.652905 -18.027136 3.305597 1.665668 -1.955924 -2.878302 4.727803 -4.170591 4.993929 11.020536 4e-06 -4e-06 12.109062 -3.735712 -2.866789 0.0 -3e-06 0.0 1.291987 -1.92855 -1.49809 14.800139 0.567469 3.865609 14.242586 -1.341734 -6.660666 19.631985 0.143932 -0.648248 50.295986 -0.820606 -6.253129 0.35303 -1.511149 -0.031941 20.222813 3.684316 2.316628 18.787289 8e-06 -3e-06 10.751637 -0.479867 1.397906 0.0 1e-06 -1e-06 3.27381 0.305947 -0.580113 21.486834 11.830384 2.26613 8.162932 2e-06 -1e-06 18.399099 -3.798985 -4.94058 4e-06 1e-06 -2e-06 2.595203 17.841202 -27.137611 0.372789 0.282063 82.390564 -14.94101 20.480318 -19.504684 1.871373 -2.123152 -5.227815 0.0 -0.0 3e-06 4.94723 15.387636 -40.299488 -0.261155 0.224008 83.295067 13.133644 -6.448274 -16.134483 -1.440323 1.11796 -0.724466 0.0 0.0 -1e-06
0.0 0.0 0.0 0.0 -0.0 0.0 88.098679 83.386147 101.689552 -2.936699 40.179436 -7.78245 4.358405 1.963881 14.077071 0.748992 5.021218 0.310632 -1.157274 7.997241 20.743359 -23.733164 8.739108 -1.753299 5.217742 22.282846 -2.639113 -14.714447 26.982271 -31.29785 7.7e-05 -2.1e-05 6e-06 -0.019315 -0.373996 0.002196 0.668463 -4.104322 -10.819774 -0.719662 3.377047 -10.766573 -6.186994 5.044267 19.368534 -72.864265 8.687599 -17.7325 7.997952 -73.118828 -6.495457 30.183664 -12.736683 -58.273666 -5.882105 9.861288 0.702588 -10.936872 -0.360575 7.156206 0.0 8.774828 -2e-06 -16.312368 16.709875 5.530323 -1.844033 2.498505 -2.507278 -10.1636 4.678947 4.621109 -20.976027 -3e-06 0.0 -21.226288 2.451695 -3.594002 -1e-06 -7e-06 -1e-06 -1.36268 2.2408 -0.746323 -21.334913 0.584907 3.008322 -13.821215 -3e-06 1e-06 -23.887173 -0.24908 -0.839484 -59.002357 2.369679 -1.300575 -0.294025 1.679688 0.833256 -14.21821 0.093214 1.30058 -34.212051 -0.287569 0.96717 -20.033215 0.964536 1.212844 1e-06 0.0 0.0 -3.44039 0.788235 0.501656 -15.928187 -3.167312 2.999707 -6.338826 -1e-06 1e-06 -18.123446 3.648182 -4.905674 -4e-06 1e-06 -3e-06 -37.914829 26.417196 -0.658825 97.041161 52.525776 50.823467 5.879028 77.901787 6.322321 -4.770951 -19.796274 20.406445 2.243541 -5.255038 -3.180159 14.282896 -0.826594 6.952507 -1e-06 -12.690609 0.0 15.639256 -18.05784 3.302295 1.665667 -1.955923 -2.8783 4.727801 -4.170589 4.993926 11.020533 1e-06 0.0 12.109056 -3.735716 -2.866784 -0.0 -3e-06 1e-06 1.291986 -1.928551 -1.498088 14.800138 0.567469 3.865611 14.242579 -1.341736 -6.660659 19.631975 0.143923 -0.648244 50.228283 -0.815076 -6.276917 0.353029 -1.511149 -0.031941 20.222803 3.684313 2.316631 18.787285 2e-06 0.0 10.751634 -0.47987 1.397907 0.0 -0.0 0.0 3.273808 0.305947 -0.580111 21.486826 11.830379 2.266136 8.162932 1e-06 -1e-06 18.399094 -3.798989 -4.940577 3e-06 1e-06 -1e-06 2.771441 17.941954 -26.060337 0.301689 0.231758 82.082314 -15.143044 19.82951 -18.91588 1.884682 -2.114853 -5.900665 0.0 -0.0 2e-06 4.46819 15.339946 -39.949757 -0.30564 0.202549 80.679649 13.067795 -6.453357 -16.759794 -1.438338 1.124251 -0.660477 0.0 0.0 -1e-06
0.0 0.0 0.0 0.0 -0.0 0.0 88.943657 83.427711 102.496979 -2.954484 40.216782 -7.555203 4.22101 2.00139 13.878466 0.745777 4.901953 0.208514 -1.169883 7.974026 20.634434 -23.940205 8.873947 -1.908892 5.226244 22.278263 -2.630583 -14.628016 26.922199 -31.326403 7.7e-05 -2.1e-05 6e-06 -0.021144 -0.377035 0.007711 0.672522 -4.112412 -10.826605 -0.727289 3.378494 -10.780124 -5.91329 4.931813 19.402792 -73.263557 8.702162 -18.056164 7.479391 -72.953018 -6.033667 29.872587 -12.679507 -58.337055 -5.882106 9.86129 0.702591 -10.936872 -0.360576 7.156207 1e-06 8.77483 -1e-06 -16.348755 16.764664 5.466367 -1.844032 2.498504 -2.507279 -10.1636 4.678946 4.62111 -20.976025 -3e-06 1e-06 -21.226288 2.451697 -3.594002 1e-06 -8e-06 -1e-06 -1.362683 2.240798 -0.746323 -21.334917 0.584909 3.008324 -13.821216 -4e-06 2e-06 -23.887175 -0.249078 -0.839483 -58.943958 2.37631 -1.379738 -0.294026 1.679689 0.833256 -14.21821 0.093215 1.30058 -34.212051 -0.287566 0.96717 -20.033211 0.964534 1.212844 -0.0 1e-06 -1e-06 -3.440388 0.788235 0.501656 -15.928187 -3.167312 2.999707 -6.338827 -2e-06 1e-06 -18.123446 3.648183 -4.905673 -4e-06 1e-06 -2e-06 -37.776966 26.306515 -0.621125 97.055611 52.448444 50.768227 7.313734 78.286026 7.733556 -5.174791 -19.320129 20.070473 2.243541 -5.255041 -3.180161 14.282904 -0.826595 6.952511 -3e-06 -12.690614 2e-06 15.618958 -18.11062 3.301652 1.66567 -1.955923 -2.878302 4.727803 -4.170589 4.993929 11.020536 4e-06 -2e-06 12.109062 -3.735718 -2.866787 0.0 -3e-06 1e-06 1.291988 -1.928551 -1.49809 14.800142 0.567469 3.865611 14.242588 -1.341736 -6.660664 19.631989 0.143927 -0.648244 50.155579 -0.841909 -6.319376 0.353029 -1.511152 -0.03194 20.222809 3.684311 2.316631 18.787291 4e-06 -1e-06 10.751637 -0.479869 1.397907 -0.0 2e-06 -0.0 3.27381 0.30595 -0.580114 21.486835 11.830387 2.266135 8.162937 2e-06 -1e-06 18.399101 -3.798987 -4.940578 3e-06 2e-06 -1e-06 2.938392 18.028137 -25.173115 0.2337 0.184962 81.992149 -15.374583 19.117863 -18.426008 1.895958 -2.11048 -6.580832 0.0 -0.0 3e-06 4.044097 15.441837 -39.350082 -0.345599 0.175795 78.277542 13.060422 -6.654334 -17.766479 -1.440662 1.160408 -0.596821 0.0 0.0 -0.0
0.0 0.0 0.0 0.0 -0.0 0.0 89.770851 83.427467 103.208458 -3.040694 40.590984 -7.325384 4.126922 2.010482 13.623846 0.751194 4.932265 0.184278 -1.150872 7.728103 20.416996 -24.122353 9.022683 -2.029887 5.240741 22.240013 -2.666945 -14.475433 26.824545 -31.227379 7.7e-05 -2.2e-05 6e-06 -0.02248 -0.413862 0.028502 0.677605 -4.159799 -10.810334 -0.73428 3.350863 -10.754485 -5.569787 4.506899 19.357189 -73.661652 8.686273 -18.662315 5.882278 -72.742599 -4.720701 29.775284 -12.865907 -58.142353 -5.882113 9.861297 0.702591 -10.936881 -0.360575 7.156212 1e-06 8.774838 -0.0 -16.432779 16.5863 5.2305 -1.844033 2.498508 -2.50728 -10.163607 4.67895 4.621113 -20.97604 -4e-06 1e-06 -21.226305 2.451696 -3.594005 2e-06 -7e-06 0.0 -1.362684 2.240801 -0.746324 -21.334932 0.58491 3.008325 -13.821227 -3e-06 1e-06 -23.887192 -0.249083 -0.839485 -58.905956 2.39431 -1.434517 -0.294023 1.679689 0.833257 -14.218221 0.093214 1.300581 -34.212078 -0.287568 0.967171 -20.03323 0.964536 1.212846 2e-06 1e-06 -1e-06 -3.440392 0.788233 0.501656 -15.928201 -3.167314 2.99971 -6.338832 -2e-06 1e-06 -18.123463 3.648186 -4.905676 -4e-06 1e-06 -2e-06 -37.552696 26.132236 -0.082781 96.99543 52.567039 50.709637 7.692734 78.780212 8.098509 -5.729403 -18.583155 20.123434 2.243544 -5.255044 -3.18016 14.282912 -0.826597 6.952514 -2e-06 -12.690618 -1e-06 15.581283 -18.230951 3.38959 1.66567 -1.955924 -2.878301 4.727807 -4.170594 4.993932 11.020542 3e-06 1e-06 12.10907 -3.735723 -2.866787 0.0 -3e-06 -0.0 1.291988 -1.928552 -1.498093 14.800153 0.567466 3.865614 14.242594 -1.341738 -6.660665 19.631998 0.143925 -0.648245 50.231392 -1.001108 -6.408557 0.35303 -1.511152 -0.031941 20.222824 3.684312 2.316636 18.787304 3e-06 1e-06 10.751646 -0.479871 1.397908 -0.0 2e-06 -1e-06 3.273812 0.305949 -0.580111 21.486847 11.830389 2.266137 8.16294 1e-06 -1e-06 18.399111 -3.798988 -4.940581 3e-06 3e-06 -2e-06 3.042996 17.866354 -24.577274 0.20669 0.16898 82.150085 -15.772407 18.379587 -17.51573 1.904079 -2.105201 -7.205328 -0.0 0.0 2e-06 3.664996 15.52204 -38.41333 -0.368879 0.071758 75.868378 12.476946 -7.013948 -19.240545 -1.455714 1.174237 -0.676916 -0.0 -0.0 -1e-06
0.0 0.0 0.0 0.0 -0.0 0.0 90.436409 83.353577 103.849556 -2.986066 41.195114 -6.983198 3.973765 1.966495 13.365334 0.74624 4.866397 0.171561 -1.186006 7.594296 20.214859 -24.13133 9.146043 -2.135233 5.181236 22.121004 -2.641196 -14.225918 26.659422 -30.922514 7.7e-05 -2.3e-05 6e-06 -0.017915 -0.451672 0.032187 0.684848 -4.194211 -10.75098 -0.732088 3.310695 -10.692783 -5.258442 4.134511 19.320435 -73.761665 8.330647 -19.058716 5.232244 -72.475883 -3.879075 29.320578 -12.680494 -57.952763 -5.882114 9.861295 0.70259 -10.936881 -0.360573 7.156215 0.0 8.774838 -1e-06 -16.449333 16.701374 5.273169 -1.844036 2.498507 -2.507281 -10.163609 4.678949 4.621114 -20.976042 -4e-06 1e-06 -21.226307 2.451698 -3.594005 -1e-06 -8e-06 0.0 -1.362683 2.240802 -0.746324 -21.334932 0.58491 3.008326 -13.821227 -2e-06 2e-06 -23.887192 -0.249079 -0.839485 -59.063072 2.43078 -1.514835 -0.294025 1.679689 0.833256 -14.218221 0.093214 1.300581 -34.212078 -0.287565 0.96717 -20.033232 0.964536 1.212845 1e-06 0.0 -1e-06 -3.440392 0.788234 0.501656 -15.928201 -3.167314 2.999711 -6.338833 -1e-06 1e-06 -18.123466 3.648185 -4.905678 -3e-06 1e-06 -2e-06 -37.192543 25.88192 0.055556 96.597206 52.097492 50.242996 8.281762 79.311646 8.541542 -6.515379 -17.824959 20.106426 2.243544 -5.255042 -3.180161 14.282902 -0.826596 6.952507 -2e-06 -12.690612 2e-06 15.808183 -18.222605 3.250491 1.665668 -1.955923 -2.878303 4.727804 -4.17059 4.993929 11.020536 5e-06 -2e-06 12.109062 -3.735716 -2.866788 1e-06 -2e-06 0.0 1.291987 -1.92855 -1.498088 14.800142 0.567467 3.86561 14.242586 -1.341738 -6.660665 19.631987 0.143927 -0.648248 50.378296 -1.087336 -6.409784 0.35303 -1.511151 -0.031941 20.222807 3.684313 2.316629 18.787289 3e-06 -4e-06 10.751637 -0.479869 1.397906 0.0 -0.0 0.0 3.273812 0.305947 -0.580113 21.486834 11.830384 2.266131 8.162935 2e-06 -1e-06 18.399101 -3.798988 -4.940581 3e-06 1e-06 -1e-06 3.036596 17.64749 -24.147505 0.132254 0.12737 82.178421 -15.818563 17.854727 -17.319923 1.90809 -2.072168 -7.850367 0.0 0.0 3e-06 3.55786 15.410732 -37.474449 -0.411431 -0.010057 75.060219 11.873882 -6.97726 -22.293032 -1.481202 1.211608 -0.430146 0.0 -0.0 0.0
0.0 0.0 0.0 0.0 -0.0 0.0 91.864662 83.57267 104.951653 -2.970369 41.777233 -6.676169 3.723235 1.977738 13.113135 0.712591 4.828062 0.103908 -1.141264 7.43627 19.800087 -24.008575 9.169193 -1.855022 5.081243 21.897839 -2.659451 -14.126965 26.379663 -30.540758 7.7e-05 -2e-05 6e-06 -0.015165 -0.452424 0.040227 0.700688 -4.18952 -10.670922 -0.743269 3.306169 -10.62373 -5.562972 3.979093 19.197598 -74.042366 7.46642 -20.353352 5.651884 -72.709267 -3.925258 29.445383 -11.730937 -55.555511 -5.882108 9.861295 0.702592 -10.936879 -0.360575 7.156213 1e-06 8.774833 -0.0 -16.322535 16.902769 5.495245 -1.844033 2.498507 -2.507279 -10.163605 4.678948 4.621113 -20.976038 -6e-06 2e-06 -21.226301 2.451696 -3.594001 -1e-06 -7e-06 1e-06 -1.362683 2.240801 -0.746324 -21.33493 0.584908 3.008326 -13.821223 -2e-06 2e-06 -23.887186 -0.24908 -0.839482 -59.263134 2.418411 -1.581839 -0.294027 1.679689 0.833257 -14.218219 0.093215 1.300583 -34.212074 -0.287566 0.967174 -20.033226 0.964538 1.212846 2e-06 1e-06 0.0 -3.440392 0.788232 0.501656 -15.928201 -3.167313 2.99971 -6.338831 -0.0 2e-06 -18.123459 3.648185 -4.905674 -3e-06 1e-06 -2e-06 -36.079597 25.503365 0.473718 95.285545 51.08427 48.780926 7.998395 80.610565 8.40919 -6.37194 -16.469563 21.091223 2.243542 -5.255037 -3.180159 14.282896 -0.826599 6.952505 -3e-06 -12.690606 2e-06 16.024582 -17.997986 2.973482 1.665668 -1.95592 -2.878301 4.727801 -4.170589 4.993928 11.020531 4e-06 -2e-06 12.109058 -3.735718 -2.866785 1e-06 -3e-06 0.0 1.291986 -1.92855 -1.498091 14.800136 0.567467 3.865608 14.242579 -1.341735 -6.66066 19.631981 0.143926 -0.648245 50.098415 -1.029522 -6.454815 0.353028 -1.511151 -0.031939 20.222801 3.684309 2.31663 18.787283 1e-06 -1e-06 10.751633 -0.479869 1.397907 0.0 -0.0 1e-06 3.273807 0.305946 -0.58011 21.486824 11.830376 2.266131 8.16293 2e-06 -1e-06 18.399092 -3.798988 -4.940577 3e-06 0.0 -1e-06 3.248156 17.689114 -22.34606 0.091747 0.158422 80.937195 -15.488202 16.781876 -16.168571 1.954519 -2.048931 -9.818283 -0.0 0.0 2e-06 3.501642 15.230368 -36.036411 -0.388913 -0.040597 74.788574 11.372809 -6.246849 -24.495459 -1.507547 1.229347 -0.204288 0.0 0.0 -1e-06
0.0 0.0 0.0 0.0 -0.0 0.0 93.064102 83.915138 105.309769 -2.803583 41.689137 -6.071892 3.516533 1.946689 12.670059 0.54991 4.296392 -0.048977 -1.424674 7.303981 18.889687 -23.749254 9.015694 -1.862136 5.064088 22.046463 -2.54101 -13.688001 26.402176 -31.279522 7.7e-05 -2.2e-05 6e-06 -0.039832 -0.370723 0.048056 0.664471 -4.130611 -10.78198 -0.75459 3.408477 -10.697727 -6.076795 3.908168 19.481165 -74.742615 6.415082 -21.352957 8.640201 -72.123383 -6.059354 28.688215 -11.612291 -54.798115 -5.882107 9.861293 0.702591 -10.936876 -0.360576 7.156209 0.0 8.774835 -2e-06 -15.950724 17.186121 5.526577 -1.844033 2.498507 -2.507278 -10.163603 4.678947 4.62111 -20.97603 -4e-06 1e-06 -21.226294 2.451697 -3.594002 -1e-06 -7e-06 0.0 -1.362681 2.240799 -0.746324 -21.334921 0.584907 3.008325 -13.821217 -3e-06 2e-06 -23.887175 -0.24908 -0.839482 -59.028114 2.635376 -1.602499 -0.294026 1.679687 0.833256 -14.218214 0.093214 1.300581 -34.212055 -0.287568 0.967171 -20.033218 0.964535 1.212846 1e-06 1e-06 0.0 -3.44039 0.788235 0.501656 -15.928191 -3.167314 2.999709 -6.338829 -1e-06 1e-06 -18.123449 3.648185 -4.905674 -3e-06 1e-06 -2e-06 -35.387241 24.880297 0.550471 92.648613 49.650719 45.874531 12.24561 82.625542 12.880436 -7.419819 -13.491617 24.051775 2.243544 -5.25504 -3.180161 14.282896 -0.826595 6.952507 -2e-06 -12.690612 2e-06 15.988746 -18.444021 3.317262 1.665666 -1.955922 -2.878301 4.727802 -4.17059 4.993925 11.020532 1e-06 -0.0 12.10906 -3.735719 -2.866785 1e-06 -3e-06 -0.0 1.291987 -1.928552 -1.498088 14.800139 0.567467 3.86561 14.242582 -1.341738 -6.660662 19.631981 0.143925 -0.648245 50.606682 -1.036553 -6.012639 0.35303 -1.51115 -0.031941 20.222803 3.684308 2.316631 18.787285 2e-06 -2e-06 10.751636 -0.47987 1.397906 0.0 0.0 -0.0 3.273808 0.305947 -0.580109 21.486826 11.830379 2.266134 8.162933 1e-06 -1e-06 18.399099 -3.798989 -4.940581 3e-06 0.0 -0.0 2.81821 18.500978 -21.339991 -0.021588 0.001592 79.633453 -14.89909 16.769012 -16.516094 1.820945 -1.909507 -8.556349 0.0 -0.0 3e-06 3.648865 16.042994 -35.548256 -0.346771 0.026155 74.014099 9.134129 -6.180163 -22.801498 -1.526131 1.287639 -0.133494 0.0 0.0 -1e-06
0.0 0.0 0.0 0.0 -0.0 0.0 94.296089 84.709045 105.489838 -2.870892 42.344761 -5.410635 3.354699 1.724971 11.657269 0.458343 3.825571 -0.291087 -1.702675 6.28784 18.105789 -22.799852 9.12534 -2.181519 4.805196 21.988791 -2.46913 -12.829171 26.306095 -30.404833 7.7e-05 -2.1e-05 6e-06 -0.030921 -0.359226 0.068064 0.660901 -4.157307 -10.938211 -0.730425 3.454846 -10.810236 -7.84971 3.235729 19.118698 -73.525139 4.421377 -22.553415 10.186262 -69.729515 -7.377142 29.289207 -12.032797 -54.628445 -5.882112 9.861295 0.70259 -10.936881 -0.360573 7.156212 -0.0 8.774835 -0.0 -15.786638 17.140793 5.250108 -1.844033 2.498507 -2.507281 -10.163609 4.678949 4.621113 -20.976044 -3e-06 -0.0 -21.226311 2.451698 -3.594005 1e-06 -7e-06 -0.0 -1.362684 2.2408 -0.746324 -21.334934 0.584911 3.008324 -13.821227 -3e-06 1e-06 -23.887192 -0.249081 -0.839485 -58.698742 2.525462 -1.721552 -0.294026 1.679688 0.833257 -14.218223 0.093217 1.30058 -34.212078 -0.287565 0.967168 -20.033234 0.964537 1.212844 2e-06 0.0 -1e-06 -3.440392 0.788235 0.501656 -15.928201 -3.167312 2.999709 -6.338833 -1e-06 0.0 -18.123463 3.648187 -4.905678 -3e-06 -1e-06 -2e-06 -33.517006 23.631884 1.78393 85.99514 47.818207 38.581112 27.665621 85.588913 28.529778 -7.286982 -10.16178 24.724989 2.243544 -5.255041 -3.180161 14.282906 -0.826599 6.952512 -3e-06 -12.690614 4e-06 16.169722 -18.819056 3.49542 1.665671 -1.955922 -2.878304 4.727801 -4.170594 4.993933 11.020536 4e-06 -2e-06 12.109062 -3.735719 -2.866787 -0.0 -2e-06 0.0 1.291988 -1.92855 -1.498092 14.800142 0.567467 3.865613 14.242585 -1.341733 -6.660666 19.631989 0.143929 -0.648247 51.466248 -1.033395 -5.775367 0.353031 -1.51115 -0.03194 20.222815 3.684314 2.316631 18.787291 5e-06 -2e-06 10.751639 -0.47987 1.397906 0.0 1e-06 1e-06 3.273811 0.305948 -0.580112 21.486839 11.830387 2.266132 8.162937 1e-06 -0.0 18.399101 -3.798989 -4.940578 3e-06 0.0 -1e-06 2.164273 18.39485 -20.608086 -0.133592 -0.10272 77.586098 -14.406075 16.497856 -15.311193 1.731293 -1.733254 -8.865124 0.0 -0.0 3e-06 3.915554 16.976337 -36.401405 -0.194453 0.099107 73.140587 6.335145 -6.505628 -17.159645 -1.562371 1.340109 -1.594448 -0.0 2e-06 -1e-06
0.0 0.0 0.0 0.0 -0.0 0.0 95.423965 86.349266 105.508842 -2.603494 40.715405 -4.150522 3.210608 1.752195 10.374911 0.344165 3.552145 -0.529141 -2.226043 5.818529 17.041821 -22.23562 9.629247 -2.794269 4.235373 21.774935 -2.288961 -11.997815 26.735193 -29.289276 7.7e-05 -2.4e-05 6e-06 -0.028123 -0.378873 0.12598 0.638409 -4.194363 -11.01647 -0.699558 3.449129 -10.847532 -11.381677 3.188483 17.363485 -68.60659 1.878107 -23.248991 7.991811 -65.078239 -5.335315 30.905113 -10.447999 -54.503223 -5.882104 9.861285 0.70259 -10.936869 -0.360574 7.156203 -0.0 8.774823 -0.0 -15.829706 17.274593 5.035901 -1.844033 2.498505 -2.507278 -10.163599 4.678944 4.621107 -20.976021 -3e-06 -1e-06 -21.226286 2.451695 -3.594001 2e-06 -8e-06 0.0 -1.362683 2.240799 -0.746324 -21.334913 0.584909 3.008321 -13.821212 -3e-06 1e-06 -23.887171 -0.249081 -0.839485 -58.40089 2.595303 -1.859726 -0.294023 1.679688 0.833256 -14.218207 0.093215 1.300579 -34.212048 -0.287565 0.967167 -20.033211 0.964535 1.212842 1e-06 0.0 -0.0 -3.440388 0.788232 0.501656 -15.928185 -3.167309 2.999705 -6.338825 -0.0 0.0 -18.123444 3.648183 -4.905673 -3e-06 0.0 -2e-06 -31.605581 23.35985 2.264011 74.862801 44.136131 24.816336 33.47908 86.380043 34.014214 -9.27879 -6.870792 24.180441 2.243541 -5.255035 -3.180156 14.282887 -0.826596 6.952502 -0.0 -12.6906 2e-06 17.032328 -19.041824 3.542842 1.665666 -1.95592 -2.878298 4.727797 -4.170588 4.993924 11.020524 4e-06 -1e-06 12.109049 -3.735713 -2.866785 -0.0 0.0 0.0 1.291986 -1.928548 -1.498088 14.800122 0.567467 3.865607 14.242568 -1.341736 -6.660657 19.631962 0.143926 -0.648247 53.650356 -0.935006 -5.613635 0.353029 -1.511149 -0.03194 20.222784 3.684307 2.316628 18.787266 6e-06 -2e-06 10.751622 -0.479868 1.397905 -1e-06 1e-06 0.0 3.273805 0.305947 -0.580109 21.486805 11.830367 2.266129 8.162924 -1e-06 -0.0 18.399075 -3.798983 -4.940574 3e-06 0.0 -1e-06 1.045373 19.466631 -19.513491 -0.167196 -0.235187 73.649689 -15.475667 17.867662 -14.994904 1.699147 -1.794781 -7.386239 0.0 0.0 2e-06 4.149353 20.764906 -38.48156 -0.120319 0.222779 70.299118 3.970962 -4.886628 -11.489399 -1.573816 1.364945 -1.306193 -0.0 1e-06 -1e-06
0.0 0.0 0.0 0.0 -0.0 0.0 96.542755 88.71843 105.390762 -2.28418 37.4972 -2.80304 2.668898 2.259749 9.311872 0.241088 3.82286 -0.636482 -2.594706 5.4903 15.548931 -22.133722 9.4978 -4.821968 4.371736 21.989176 -2.017586 -10.978401 28.360985 -27.469114 7.7e-05 -2.2e-05 6e-06 -0.021395 -0.583422 0.105814 0.565644 -4.406405 -10.989484 -0.610062 3.250979 -10.804759 -13.974844 3.708098 14.659398 -62.756496 -0.091847 -21.409761 4.507286 -58.67804 -3.612276 33.488144 -8.055488 -53.635391 -5.882105 9.861286 0.702589 -10.936871 -0.360579 7.156204 0.0 8.774825 -3e-06 -16.541719 16.959679 4.469444 -1.844034 2.498505 -2.507277 -10.163599 4.678945 4.621108 -20.976023 -4e-06 4e-06 -21.226288 2.451698 -3.593999 2e-06 -8e-06 -1e-06 -1.362682 2.240799 -0.746323 -21.334913 0.584907 3.008324 -13.821213 -2e-06 3e-06 -23.887171 -0.249079 -0.839481 -58.926556 2.320932 -1.973735 -0.294024 1.679687 0.833255 -14.218207 0.093214 1.300581 -34.212048 -0.287566 0.967173 -20.033213 0.964535 1.212845 2e-06 0.0 0.0 -3.440389 0.788233 0.501655 -15.928185 -3.167312 2.999708 -6.338825 -1e-06 1e-06 -18.123444 3.648183 -4.905671 -3e-06 1e-06 -2e-06 -29.17391 24.430944 2.17232 63.583946 38.513474 9.470727 8.993697 80.061142 8.843026 -16.528811 -8.582667 26.023861 2.243542 -5.255039 -3.180158 14.282902 -0.826595 6.952507 -2e-06 -12.690609 0.0 17.464594 -18.959774 3.567987 1.665667 -1.955922 -2.8783 4.727801 -4.170588 4.993926 11.02053 4e-06 1e-06 12.109058 -3.735718 -2.866785 -1e-06 -0.0 -1e-06 1.291985 -1.92855 -1.498089 14.800138 0.567468 3.865611 14.242579 -1.341738 -6.660658 19.631981 0.143923 -0.648245 54.321499 -0.979052 -5.237683 0.353028 -1.511151 -0.031939 20.222803 3.684311 2.316633 18.787287 3e-06 1e-06 10.751636 -0.479868 1.397908 1e-06 -0.0 1e-06 3.273808 0.305947 -0.58011 21.486828 11.830379 2.266137 8.162932 1e-06 0.0 18.399092 -3.798988 -4.940577 1e-06 -1e-06 -2e-06 -0.034545 22.576202 -17.689745 -0.265038 -0.675019 67.844528 -15.971214 21.290014 -13.787599 1.741082 -1.928043 -5.566786 0.0 0.0 2e-06 4.651743 27.978714 -38.801342 -0.165931 0.225648 59.882324 4.907475 1.55813 -10.895308 -1.476661 1.337948 0.166 0.0 0.0 -1e-06
0.0 0.0 0.0 0.0 -0.0 0.0 97.414146 92.713539 107.702148 -1.631948 52.963909 -0.899757 1.374043 1.525514 7.371874 -0.122711 1.935941 -1.316591 -2.204756 0.835017 14.167471 -17.218269 7.890841 -4.249936 4.240506 18.873037 -2.624037 -9.230922 26.585539 -23.486286 7.7e-05 -2.2e-05 6e-06 0.018191 -0.563995 0.007037 0.491067 -4.423172 -11.12484 -0.445084 3.291753 -10.94006 -9.908704 -2.293458 14.65343 -59.696812 -5.53582 -13.382375 1.180883 -48.289146 -2.404783 33.340298 -8.04695 -44.842098 -5.882108 9.861286 0.702591 -10.936872 -0.360575 7.156208 1e-06 8.774831 0.0 -16.209639 17.159201 4.224587 -1.844033 2.498503 -2.507279 -10.163601 4.678945 4.62111 -20.976027 -3e-06 1e-06 -21.226292 2.451698 -3.594003 -1e-06 -5e-06 -1e-06 -1.36268 2.240798 -0.746324 -21.334917 0.58491 3.008323 -13.821217 -4e-06 1e-06 -23.887175 -0.24908 -0.839482 -60.273258 2.436162 -1.996439 -0.294023 1.679687 0.833256 -14.218212 0.093214 1.30058 -34.212055 -0.287566 0.96717 -20.033215 0.964536 1.212844 -0.0 1e-06 -1e-06 -3.44039 0.788234 0.501657 -15.928189 -3.167312 2.999708 -6.338827 -3e-06 1e-06 -18.123447 3.648182 -4.905672 -4e-06 1e-06 -1e-06 -18.774773 19.239439 6.879981 54.899441 25.765528 -6.479397 5.037208 66.644188 4.107318 -23.427059 -10.68597 20.476887 2.243543 -5.255038 -3.180159 14.282898 -0.826594 6.952507 -3e-06 -12.690607 -1e-06 16.721237 -18.365124 3.407652 1.665668 -1.955922 -2.878301 4.727802 -4.17059 4.993925 11.020534 3e-06 -1e-06 12.109057 -3.735716 -2.866785 1e-06 -1e-06 -1e-06 1.291987 -1.92855 -1.498089 14.800134 0.567466 3.86561 14.242578 -1.341737 -6.660661 19.631973 0.143925 -0.648245 51.692799 -1.437575 -5.582359 0.353028 -1.51115 -0.03194 20.222801 3.684309 2.316631 18.787283 2e-06 1e-06 10.751633 -0.479868 1.397907 -0.0 -1e-06 0.0 3.273808 0.305947 -0.58011 21.486826 11.830378 2.266132 8.16293 2e-06 0.0 18.399092 -3.798985 -4.940577 3e-06 0.0 -1e-06 0.508424 15.526639 -16.870043 -0.47447 -1.097136 60.122787 -10.978781 19.671955 -0.787395 2.000631 -2.242888 -7.723351 0.0 -0.0 3e-06 3.464706 23.832523 -34.513477 0.189269 0.712671 43.492657 0.62163 -1.274654 -6.406356 -1.41011 0.909148 1.539322 -0.0 -0.0 -1e-06
0.0 0.0 0.0 0.0 -0.0 0.0 99.119652 95.798653 110.069847 3.629188 81.030411 6.390014 0.682545 0.189087 5.380604 -0.120139 -2.311167 -2.389476 -3.609057 -4.239073 12.935702 -6.975694 4.503015 -2.704389 2.191052 13.116936 -3.671134 -9.536608 20.864334 -18.201605 7.7e-05 -2.2e-05 6e-06 0.047631 -0.291721 -0.060995 0.620001 -4.060764 -10.621537 -0.518546 3.473216 -10.546421 -1.738796 -11.064108 14.965884 -61.767094 -14.843142 -1.800123 -0.314776 -35.932335 -0.757831 23.584171 -10.347646 -30.531059 -5.882108 9.861288 0.702589 -10.936873 -0.360576 7.156208 0.0 8.774828 0.0 -15.725338 17.950674 4.721451 -1.844034 2.498506 -2.507278 -10.163602 4.678949 4.621109 -20.976028 -2e-06 -1e-06 -21.226294 2.451699 -3.594004 3e-06 -7e-06 -0.0 -1.362683 2.240797 -0.746325 -21.334921 0.584909 3.008322 -13.821218 -2e-06 1e-06 -23.887175 -0.249079 -0.839485 -59.262657 2.71314 -1.544876 -0.294024 1.679685 0.833256 -14.218214 0.093214 1.300581 -34.212063 -0.287564 0.967169 -20.033222 0.964535 1.212843 -0.0 1e-06 -1e-06 -3.440389 0.788238 0.501656 -15.928191 -3.16731 2.999707 -6.338829 -1e-06 2e-06 -18.123453 3.648183 -4.905674 -3e-06 -0.0 -1e-06 -10.130285 10.152987 9.818457 53.386826 4.671605 -25.355165 12.066205 51.64827 8.446076 -24.30167 -8.542583 2.170034 2.243544 -5.255039 -3.180159 14.282898 -0.826598 6.952507 -1e-06 -12.690609 -0.0 17.435438 -18.260757 2.984687 1.665667 -1.955922 -2.878299 4.727802 -4.170588 4.993927 11.02053 2e-06 -2e-06 12.109059 -3.735717 -2.866785 0.0 0.0 0.0 1.291987 -1.928549 -1.49809 14.800136 0.567467 3.86561 14.242581 -1.341738 -6.660662 19.631975 0.143924 -0.648247 51.485092 -0.945613 -5.877034 0.353027 -1.51115 -0.03194 20.222801 3.684308 2.316631 18.787283 2e-06 -1e-06 10.751634 -0.479871 1.397906 0.0 -0.0 0.0 3.273808 0.305946 -0.580111 21.486818 11.830377 2.266134 8.16293 -0.0 0.0 18.399092 -3.798988 -4.940579 3e-06 0.0 -1e-06 1.282491 3.320057 -19.127703 -0.255056 -1.115232 53.754784 -7.873893 12.264531 12.859023 1.995093 -2.213145 -4.880424 -0.0 -0.0 -1e-06 1.582028 4.985802 -30.877466 0.005373 0.566524 39.203568 -1.832469 -8.082868 -6.538462 -1.440527 0.719447 1.07446 -0.0 0.0 -1e-06
0.0 0.0 0.0 0.0 -0.0 0.0 99.928345 98.054222 111.368118 -5.436282 88.039658 -2.814838 0.94703 -0.168888 4.350225 -0.046181 -2.316694 -2.866526 -3.481562 -3.829266 12.674955 -5.643518 4.175783 -4.323838 1.608418 11.253089 -3.64086 -8.892603 18.256622 -15.46256 7.7e-05 -2.1e-05 6e-06 -0.01284 -0.391769 0.051938 0.573628 -4.167248 -10.487255 -0.5949 3.385766 -10.461816 -1.237248 -11.649353 14.409945 -64.612473 -19.013849 4.89572 -2.155141 -30.020851 0.288228 16.88378 -11.624347 -19.506304 -5.882111 9.861295 0.70259 -10.936877 -0.360573 7.156207 -1e-06 8.774833 -1e-06 -16.427288 18.24329 4.389987 -1.844034 2.498506 -2.507278 -10.163605 4.67895 4.62111 -20.976034 -2e-06 -1e-06 -21.226301 2.451698 -3.594008 -2e-06 -7e-06 -1e-06 -1.362682 2.240798 -0.746323 -21.334929 0.584913 3.008322 -13.821224 -0.0 0.0 -23.887188 -0.249081 -0.839487 -59.124619 2.707426 -1.657128 -0.294025 1.679689 0.833256 -14.218217 0.093217 1.300579 -34.212074 -0.287564 0.967164 -20.033228 0.964536 1.212839 -2e-06 1e-06 0.0 -3.44039 0.788235 0.501656 -15.928194 -3.16731 2.999706 -6.33883 -1e-06 0.0 -18.123459 3.648187 -4.905678 -3e-06 1e-06 -3e-06 -7.384707 10.603001 12.81416 50.538033 -7.740644 -36.379135 8.986412 20.420938 0.866979 -19.084059 -11.84867 -15.869938 2.243543 -5.255038 -3.180159 14.282896 -0.826596 6.952506 -3e-06 -12.69061 4e-06 16.458271 -17.404915 2.711351 1.665667 -1.955921 -2.878301 4.727798 -4.170588 4.993927 11.020529 3e-06 -4e-06 12.109059 -3.735714 -2.866787 1e-06 -0.0 3e-06 1.291986 -1.928551 -1.498091 14.800134 0.567468 3.865609 14.242582 -1.341734 -6.660666 19.631979 0.143928 -0.648247 50.900578 -0.193104 -4.846365 0.35303 -1.511151 -0.03194 20.222801 3.68431 2.316629 18.787277 7e-06 -3e-06 10.751632 -0.479868 1.397906 0.0 -1e-06 0.0 3.273808 0.305947 -0.580112 21.48682 11.83038 2.266127 8.162931 2e-06 -1e-06 18.399092 -3.798984 -4.940577 3e-06 0.0 -2e-06 3.690536 9.763187 -13.515906 -0.198003 -0.723903 46.856434 -5.736162 9.824148 19.003771 1.797708 -1.889856 0.617934 0.0 -0.0 2e-06 3.086969 0.239043 -26.825853 -0.22818 0.210087 34.062435 -4.429635 -9.53977 -0.96278 -1.424473 1.008128 -1.043733 -0.0 -0.0 -1e-06
0.0 0.0 0.0 0.0 -0.0 0.0 101.340828 99.773819 111.632767 -12.972211 87.073975 -10.580841 1.093406 -0.036102 3.176631 -0.185612 -1.331375 -3.146699 -3.517009 -2.595601 11.992703 -6.596659 4.772474 -5.922985 2.077226 11.34704 -3.331576 -8.276877 18.171709 -14.534653 7.7e-05 -2.2e-05 6e-06 -0.033062 -0.103555 0.055519 0.621298 -3.913842 -10.684323 -0.682939 3.716073 -10.605399 -2.148374 -9.050034 13.694258 -67.964607 -17.002628 6.977229 -2.808618 -28.243252 0.581057 11.719042 -8.356056 -10.194963 -5.88211 9.861288 0.702588 -10.936878 -0.360575 7.156206 0.0 8.774829 -2e-06 -17.081348 17.710506 4.079574 -1.844034 2.498505 -2.507279 -10.163606 4.678946 4.621107 -20.976038 -5e-06 2e-06 -21.226301 2.451693 -3.594002 1e-06 -5e-06 -2e-06 -1.362682 2.240798 -0.746322 -21.334925 0.584909 3.008321 -13.821222 -3e-06 1e-06 -23.887184 -0.24908 -0.839484 -59.696262 2.668492 -1.804347 -0.294025 1.679687 0.833257 -14.218217 0.093213 1.30058 -34.212067 -0.287568 0.967168 -20.033226 0.964532 1.212843 -1e-06 -1e-06 2e-06 -3.440391 0.788234 0.501655 -15.928198 -3.167312 2.999705 -6.33883 -1e-06 0.0 -18.123459 3.64818 -4.905674 -3e-06 1e-06 -1e-06 -10.15341 12.80354 13.815929 50.691479 -16.211739 -43.705936 5.166131 3.919144 -1.163127 -12.644514 -17.387127 -32.942486 2.243546 -5.255044 -3.180162 14.28291 -0.826601 6.952512 4e-06 -12.690621 0.0 13.703653 -16.736923 4.814471 1.665669 -1.955924 -2.878303 4.727808 -4.170593 4.99393 11.020544 -2e-06 -1e-06 12.109067 -3.735722 -2.866787 0.0 0.0 -1e-06 1.291987 -1.928554 -1.498091 14.800146 0.567466 3.865615 14.24259 -1.341741 -6.660665 19.631992 0.143923 -0.648249 49.259781 -0.746181 -4.730648 0.353032 -1.511152 -0.031941 20.222818 3.684309 2.316632 18.787302 -2e-06 -2e-06 10.751642 -0.479871 1.397908 -0.0 0.0 0.0 3.273811 0.305946 -0.580111 21.486837 11.830383 2.266135 8.162938 1e-06 -2e-06 18.399111 -3.798996 -4.940584 3e-06 -1e-06 -0.0 6.654999 18.320087 -3.975594 -0.143529 -0.341939 38.473461 -6.190936 10.175355 22.853691 1.664166 -1.757176 2.141185 -1e-06 0.0 0.0 3.823473 -1.064494 -22.680191 -0.222503 -0.135334 28.218294 -5.500466 -6.705076 2.86618 -1.434922 1.052637 -1.631583 0.0 0.0 -1e-06
0.0 0.0 0.0 0.0 -0.0 0.0 102.582085 100.76207 111.759415 -7.574388 86.739433 -4.924952 0.905754 -0.152403 2.030047 -0.295422 -1.326454 -3.457025 -4.15008 -2.624141 10.923241 -6.585029 4.904297 -6.892982 2.665736 12.046827 -3.187152 -7.94292 19.18751 -13.294094 7.7e-05 -2.3e-05 6e-06 0.012014 -0.084774 0.04735 0.682067 -3.907457 -10.722384 -0.652641 3.748997 -10.635562 -3.45068 -7.729218 13.071199 -69.192734 -11.760852 6.183582 -2.869864 -30.048157 0.943527 9.576066 -7.281456 -6.258793 -5.88211 9.861293 0.702593 -10.936879 -0.360576 7.156208 1e-06 8.774832 -1e-06 -16.988169 17.503147 4.271352 -1.844034 2.498508 -2.507279 -10.163607 4.678947 4.621111 -20.976038 -6e-06 0.0 -21.226299 2.451698 -3.594003 2e-06 -7e-06 -2e-06 -1.362683 2.240799 -0.746323 -21.334929 0.584908 3.008324 -13.821224 -4e-06 1e-06 -23.887184 -0.249082 -0.839483 -59.374016 2.667224 -1.780126 -0.294025 1.679687 0.833256 -14.218219 0.093213 1.30058 -34.212074 -0.287567 0.967169 -20.033228 0.964535 1.212846 -1e-06 0.0 0.0 -3.440391 0.788234 0.501655 -15.928201 -3.167311 2.99971 -6.338831 -2e-06 0.0 -18.123463 3.648184 -4.905675 -4e-06 -0.0 -2e-06 -13.16018 12.396864 12.946238 48.508549 -23.018948 -48.397827 2.670224 7.914201 -1.026049 -14.880066 -14.640736 -33.016697 2.243542 -5.255037 -3.18016 14.282897 -0.826596 6.952506 0.0 -12.690609 1e-06 14.507057 -18.16326 4.210971 1.665667 -1.955924 -2.878301 4.727803 -4.170588 4.993926 11.020531 2e-06 -1e-06 12.109058 -3.735718 -2.866784 0.0 -1e-06 -0.0 1.291986 -1.928549 -1.49809 14.800136 0.567466 3.865609 14.242579 -1.341737 -6.660661 19.631975 0.143925 -0.648247 51.146641 -0.740243 -5.702234 0.353029 -1.511151 -0.03194 20.222799 3.684307 2.316629 18.787281 0.0 -3e-06 10.751633 -0.47987 1.397906 0.0 2e-06 -1e-06 3.273808 0.305946 -0.580111 21.48682 11.830377 2.266132 8.162933 -1e-06 -0.0 18.399096 -3.798988 -4.94058 3e-06 0.0 -1e-06 7.805836 20.932325 3.638132 -0.089261 -0.349602 31.033556 -10.186687 9.710053 26.105492 1.699178 -1.714224 0.11748 -1e-06 0.0 2e-06 3.596818 -1.693043 -19.603676 -0.179011 -0.340733 23.162329 -4.860593 -4.925006 3.963003 -1.464423 1.142573 -1.851227 0.0 0.0 -1e-06
0.0 0.0 0.0 0.0 -0.0 0.0 103.252792 101.162636 111.944641 -16.157196 87.327019 -13.098164 0.972541 -0.342656 1.341827 -0.330572 -1.700586 -3.778233 -4.727323 -3.092808 10.068998 -5.536307 4.693423 -7.498605 2.830645 12.060973 -3.129145 -7.358694 19.846548 -12.067886 7.7e-05 -2.2e-05 6e-06 0.0407 -0.175443 0.045635 0.749086 -3.980133 -10.68028 -0.664503 3.642919 -10.623032 -3.956262 -7.521985 12.977253 -69.645401 -7.193289 4.525487 -2.555556 -32.816906 1.042209 9.457026 -6.783731 -6.174271 -5.882108 9.861291 0.702591 -10.936875 -0.360574 7.156207 0.0 8.774829 -1e-06 -16.742222 17.490183 4.573856 -1.844033 2.498506 -2.507278 -10.163602 4.678947 4.62111 -20.97603 -5e-06 1e-06 -21.226295 2.451697 -3.594005 0.0 -5e-06 -1e-06 -1.362682 2.240798 -0.746324 -21.334921 0.58491 3.008322 -13.821218 -2e-06 0.0 -23.887178 -0.249079 -0.839486 -59.387772 2.613702 -1.676443 -0.294025 1.679688 0.833255 -14.218214 0.093217 1.30058 -34.212067 -0.287564 0.96717 -20.033226 0.964537 1.212843 1e-06 -1e-06 -0.0 -3.44039 0.788234 0.501656 -15.928192 -3.167312 2.999708 -6.338828 -1e-06 -1e-06 -18.123453 3.648184 -4.905674 -3e-06 1e-06 -1e-06 -15.625697 11.071277 11.643126 44.332035 -27.872499 -47.677807 2.064622 14.562917 -0.793159 -17.386328 -11.180778 -27.549479 2.243541 -5.255038 -3.180159 14.282892 -0.826595 6.952503 -0.0 -12.690605 -3e-06 15.197035 -18.952358 3.48991 1.665666 -1.955922 -2.878301 4.727801 -4.170586 4.993925 11.02053 4e-06 -1e-06 12.109056 -3.735717 -2.866785 0.0 1e-06 0.0 1.291987 -1.928549 -1.498088 14.800132 0.567468 3.865606 14.242577 -1.341735 -6.660661 19.631973 0.143924 -0.648247 51.648628 -0.962982 -6.207654 0.353031 -1.511151 -0.031939 20.222797 3.68431 2.316629 18.787279 4e-06 -1e-06 10.75163 -0.479869 1.397906 1e-06 -1e-06 0.0 3.273808 0.305947 -0.580113 21.486816 11.830374 2.266131 8.162928 1e-06 -1e-06 18.399084 -3.798984 -4.940577 3e-06 0.0 -0.0 8.221313 20.175035 8.230704 -0.008501 -0.298433 24.486069 -13.884907 9.947074 27.337376 1.788076 -1.832231 -4.570943 -1e-06 0.0 1e-06 3.983293 -2.197923 -17.508154 -0.128061 -0.477858 19.0889 -4.540068 -4.994924 4.345013 -1.442799 1.015353 -1.489169 0.0 0.0 -1e-06
0.0 0.0 0.0 0.0 -0.0 0.0 103.441147 101.366661 112.041893 -34.290092 87.747452 -30.927431 1.041803 -0.443251 1.005891 -0.341224 -2.066694 -4.006638 -5.07484 -3.521812 9.602254 -4.062218 4.284469 -7.676919 2.853058 11.962759 -3.201167 -6.68539 19.189039 -11.077949 7.7e-05 -2.3e-05 6e-06 0.053913 -0.20963 0.008234 0.795646 -4.000925 -10.694067 -0.684639 3.596806 -10.657572 -4.008411 -8.082053 13.057137 -69.779701 -3.89033 2.709942 -1.98504 -34.656216 0.835144 9.634697 -5.361102 -7.19562 -5.882107 9.861289 0.70259 -10.936873 -0.360575 7.156208 -0.0 8.77483 1e-06 -16.590183 17.559074 4.832015 -1.844033 2.498505 -2.507277 -10.163602 4.678947 4.621111 -20.976027 -3e-06 2e-06 -21.226292 2.451698 -3.594002 -0.0 -6e-06 0.0 -1.362682 2.240799 -0.746324 -21.334919 0.58491 3.008326 -13.821217 -3e-06 3e-06 -23.887175 -0.249079 -0.839482 -59.286652 2.549161 -1.637664 -0.294025 1.679689 0.833257 -14.218214 0.093215 1.300581 -34.212055 -0.287562 0.967173 -20.033218 0.964538 1.212843 2e-06 -0.0 1e-06 -3.44039 0.788233 0.501657 -15.928191 -3.167312 2.999709 -6.338829 -1e-06 0.0 -18.123453 3.648185 -4.905674 -4e-06 0.0 -2e-06 -17.066145 9.7726 10.637923 38.211361 -30.901258 -44.316116 2.396877 18.657492 -0.630573 -18.857191 -7.992679 -22.240761 2.243543 -5.255037 -3.18016 14.282888 -0.826595 6.952507 -2e-06 -12.690604 -2e-06 15.582964 -19.160799 3.050035 1.665665 -1.955922 -2.878299 4.727798 -4.170587 4.993927 11.020526 3e-06 -2e-06 12.109052 -3.735716 -2.866787 -0.0 -2e-06 1e-06 1.291985 -1.92855 -1.49809 14.800127 0.567468 3.865609 14.242569 -1.341735 -6.660662 19.631962 0.143926 -0.648245 51.342983 -1.1347 -6.467209 0.353029 -1.51115 -0.031939 20.222788 3.684309 2.316633 18.78727 4e-06 0.0 10.751625 -0.479869 1.397908 1e-06 -1e-06 1e-06 3.273805 0.305945 -0.580112 21.486809 11.830373 2.266136 8.162926 1e-06 1e-06 18.39908 -3.798984 -4.940574 3e-06 0.0 -2e-06 8.357437 18.812357 8.792829 0.03567 -0.336925 22.041512 -14.731627 11.273919 26.04512 1.867241 -1.926936 -7.123684 -0.0 -1e-06 2e-06 4.561001 -2.100066 -16.34491 -0.098441 -0.477587 16.449244 -4.46231 -5.342154 5.126245 -1.44202 0.957699 -1.487615 -0.0 0.0 -1e-06
0.0 0.0 0.0 0.0 -0.0 0.0 103.447983 101.538048 112.02388 -43.574055 87.793625 -40.20417 0.891466 -0.547124 0.821905 -0.355344 -2.283702 -4.111858 -5.356447 -3.702561 9.36272 -2.54074 3.916045 -7.156121 2.832103 11.653527 -3.246299 -6.182599 18.119034 -10.239141 7.7e-05 -2.3e-05 6e-06 0.054712 -0.210706 -0.018732 0.809053 -3.991636 -10.690865 -0.696345 3.587811 -10.669281 -3.964054 -8.584382 13.361414 -69.589836 -1.768477 1.297026 -1.550012 -35.349342 0.599738 9.823342 -3.856438 -8.286738 -5.882108 9.861287 0.70259 -10.936873 -0.360574 7.156208 -0.0 8.774828 -1e-06 -16.484896 17.559719 5.040108 -1.844033 2.498506 -2.507279 -10.163601 4.678946 4.621111 -20.976023 -0.0 3e-06 -21.22629 2.451699 -3.594002 -1e-06 -6e-06 0.0 -1.362682 2.240799 -0.746323 -21.334917 0.584914 3.008326 -13.821216 -1e-06 3e-06 -23.887175 -0.249079 -0.839484 -59.309868 2.490362 -1.667789 -0.294025 1.679687 0.833256 -14.218211 0.093216 1.300581 -34.212055 -0.287561 0.967168 -20.033218 0.964538 1.212842 2e-06 -1e-06 -1e-06 -3.440389 0.788233 0.501656 -15.928189 -3.167309 2.999708 -6.338827 0.0 -0.0 -18.123453 3.648187 -4.905674 -3e-06 -0.0 -1e-06 -18.218334 8.917661 10.1455 31.619194 -32.5056 -40.56789 2.51722 20.092907 -0.712679 -20.085823 -5.610353 -17.42091 2.24354 -5.255036 -3.180156 14.282893 -0.826595 6.9525 -3e-06 -12.690605 -0.0 15.822783 -18.949457 2.839572 1.665665 -1.955922 -2.878299 4.727799 -4.170588 4.993925 11.020527 2e-06 -1e-06 12.109053 -3.735717 -2.866785 0.0 0.0 -1e-06 1.291984 -1.92855 -1.498089 14.800131 0.567468 3.865608 14.242574 -1.341736 -6.660659 19.631969 0.143926 -0.648244 51.066944 -1.129156 -6.48855 0.353028 -1.51115 -0.031938 20.222795 3.684309 2.316629 18.787277 4e-06 -1e-06 10.751629 -0.479869 1.397906 -0.0 -0.0 -0.0 3.273809 0.305948 -0.580111 21.486816 11.830376 2.266132 8.16293 1e-06 0.0 18.399088 -3.798987 -4.940576 3e-06 -0.0 -0.0 8.280524 17.922426 9.520239 0.058096 -0.358443 20.028887 -14.775426 12.078148 25.326294 1.898554 -1.950726 -8.699954 1e-06 -0.0 2e-06 4.728071 -1.524805 -15.242341 -0.035693 -0.458798 14.262777 -4.282473 -5.609364 5.963675 -1.446437 0.946328 -1.661874 0.0 0.0 -1e-06
0.0 0.0 0.0 0.0 -0.0 0.0 103.446365 101.690353 111.930397 -43.47823 87.754585 -40.255875 0.636517 -0.61773 0.674734 -0.38816 -2.408256 -4.199171 -5.589554 -3.725848 9.244747 -1.13583 3.564385 -5.949302 2.729065 11.156355 -3.282033 -5.757691 16.908434 -9.537921 7.7e-05 -2.4e-05 6e-06 0.055431 -0.17712 -0.021581 0.804237 -3.949564 -10.678851 -0.690154 3.61488 -10.665578 -3.992779 -8.887808 13.695543 -69.042252 -0.197921 0.41679 -1.344623 -35.773045 0.45284 9.689858 -2.634591 -9.361686 -5.882108 9.861288 0.702589 -10.936874 -0.360575 7.156209 1e-06 8.774827 1e-06 -16.453148 17.552786 5.179607 -1.844033 2.498505 -2.507279 -10.163602 4.678946 4.621111 -20.976028 -3e-06 2e-06 -21.226294 2.451698 -3.594003 0.0 -6e-06 0.0 -1.362682 2.240798 -0.746322 -21.334921 0.584909 3.008324 -13.821218 -3e-06 2e-06 -23.887175 -0.24908 -0.839482 -59.491455 2.425629 -1.623897 -0.294024 1.679688 0.833256 -14.218213 0.093215 1.300581 -34.212055 -0.287564 0.967172 -20.033218 0.964536 1.212844 0.0 0.0 -2e-06 -3.44039 0.788234 0.501656 -15.928192 -3.16731 2.999708 -6.338829 -1e-06 1e-06 -18.123453 3.648183 -4.905671 -3e-06 -0.0 -1e-06 -19.265076 8.283497 9.934523 25.451925 -33.209667 -37.231346 2.267241 20.660057 -0.916542 -20.919857 -3.609591 -13.178503 2.243543 -5.255039 -3.180159 14.282894 -0.826593 6.952508 -3e-06 -12.690608 1e-06 16.066967 -18.55612 2.732194 1.665668 -1.955921 -2.8783 4.727798 -4.170588 4.993924 11.020527 4e-06 -1e-06 12.109053 -3.735716 -2.866783 -0.0 1e-06 -0.0 1.291986 -1.92855 -1.498089 14.800134 0.567469 3.865611 14.242575 -1.341735 -6.660658 19.631969 0.143926 -0.648244 50.850563 -1.129396 -6.430248 0.353031 -1.51115 -0.031941 20.222799 3.684313 2.316633 18.787279 5e-06 1e-06 10.751631 -0.479869 1.397909 0.0 -0.0 0.0 3.273808 0.305946 -0.58011 21.48682 11.830379 2.266135 8.162929 2e-06 1e-06 18.399084 -3.798985 -4.940575 3e-06 0.0 -2e-06 8.146265 17.66534 10.341116 0.070867 -0.375511 18.500195 -14.695528 12.197483 25.465803 1.91826 -1.950422 -9.880761 0.0 -0.0 1e-06 4.587689 -0.628948 -14.227098 0.003969 -0.454897 12.534752 -3.991836 -5.866213 6.691665 -1.449414 0.955829 -1.949735 0.0 0.0 -1e-06
0.0 0.0 0.0 0.0 -0.0 0.0 103.462494 101.794304 111.802635 -40.809296 87.857712 -37.799931 0.333346 -0.68317 0.537986 -0.430992 -2.499057 -4.301847 -5.840064 -3.776248 9.158035 0.239158 3.215995 -4.327941 2.517618 10.476423 -3.34406 -5.336488 15.72677 -8.819874 7.7e-05 -2.2e-05 6e-06 0.05576 -0.141878 -0.015895 0.80134 -3.902138 -10.672363 -0.686855 3.639923 -10.662812 -4.21615 -9.086247 13.99002 -68.085274 1.133499 0.030792 -1.273672 -36.253841 0.369246 9.186218 -1.710956 -10.103359 -5.882109 9.861288 0.70259 -10.936877 -0.360575 7.156206 1e-06 8.774828 0.0 -16.468456 17.584728 5.298082 -1.844034 2.498504 -2.507278 -10.163604 4.678946 4.621109 -20.976036 -6e-06 0.0 -21.226297 2.451695 -3.594001 1e-06 -6e-06 -0.0 -1.362682 2.240798 -0.746324 -21.334925 0.584909 3.008322 -13.82122 -3e-06 -0.0 -23.887182 -0.249081 -0.839483 -59.715927 2.380767 -1.531476 -0.294024 1.679687 0.833256 -14.218215 0.093214 1.30058 -34.212063 -0.287566 0.967171 -20.033218 0.964536 1.212842 0.0 -1e-06 -1e-06 -3.44039 0.788233 0.501656 -15.928194 -3.167311 2.999706 -6.338829 -0.0 0.0 -18.123457 3.648182 -4.905673 -3e-06 0.0 -2e-06 -20.014318 7.628707 9.883758 19.799189 -33.225407 -34.489902 1.823501 21.061541 -1.177518 -21.442005 -1.743109 -8.981452 2.24354 -5.25504 -3.180159 14.282897 -0.826595 6.952507 -1e-06 -12.690607 -1e-06 16.191702 -18.054066 2.689272 1.665667 -1.955922 -2.878299 4.727804 -4.170589 4.993926 11.02053 3e-06 -1e-06 12.109056 -3.735718 -2.866787 -1e-06 0.0 0.0 1.291986 -1.928549 -1.49809 14.800136 0.567468 3.865611 14.242577 -1.341738 -6.660658 19.631973 0.143924 -0.648244 50.572861 -1.141405 -6.360671 0.353028 -1.511151 -0.031941 20.222797 3.68431 2.316634 18.787281 3e-06 0.0 10.751632 -0.47987 1.397908 -0.0 0.0 0.0 3.273807 0.305947 -0.58011 21.486822 11.830376 2.266139 8.16293 1e-06 -1e-06 18.399088 -3.798987 -4.940576 3e-06 -0.0 -1e-06 7.930751 17.594372 11.104404 0.083212 -0.406683 17.343403 -14.69673 11.963104 25.874655 1.94786 -1.962811 -10.702699 1e-06 -0.0 2e-06 4.263771 0.107772 -13.319973 0.021104 -0.46534 11.18666 -3.587436 -6.061771 7.074854 -1.453367 0.977407 -2.22681 0.0 0.0 -1e-06
0.0 0.0 0.0 0.0 -0.0 0.0 103.489433 101.849281 111.647308 -37.504707 88.088387 -34.755596 0.02703 -0.755226 0.40846 -0.488318 -2.543879 -4.405946 -6.077073 -3.869446 9.066693 1.456452 2.899584 -2.633041 2.28728 9.771802 -3.427442 -5.000452 14.629144 -7.980968 7.7e-05 -2.2e-05 6e-06 0.055599 -0.12354 -0.014417 0.799925 -3.875566 -10.681559 -0.686371 3.651015 -10.675689 -4.497999 -9.198209 14.18986 -67.050613 2.19012 0.028897 -1.205165 -36.576881 0.306009 8.436419 -0.93765 -10.390778 -5.882108 9.86129 0.702589 -10.936872 -0.360574 7.156204 -1e-06 8.774829 -1e-06 -16.491171 17.61751 5.411264 -1.844032 2.498505 -2.507278 -10.163601 4.678946 4.621109 -20.976025 -2e-06 1e-06 -21.22629 2.451698 -3.594004 0.0 -6e-06 -1e-06 -1.362682 2.2408 -0.746323 -21.334919 0.584912 3.008324 -13.821218 -1e-06 1e-06 -23.887178 -0.249078 -0.839485 -59.949574 2.381781 -1.466875 -0.294025 1.679689 0.833256 -14.218211 0.093217 1.30058 -34.212051 -0.287562 0.967169 -20.033215 0.964538 1.212843 1e-06 0.0 -1e-06 -3.440389 0.788233 0.501655 -15.928189 -3.16731 2.999708 -6.338827 1e-06 2e-06 -18.123447 3.648186 -4.905673 -3e-06 -0.0 -2e-06 -20.546366 7.041436 9.846243 15.031196 -32.822468 -32.160709 1.346326 21.210976 -1.462889 -21.426775 -0.123399 -4.879814 2.243541 -5.25504 -3.180161 14.282893 -0.826591 6.952507 -2e-06 -12.690609 -2e-06 16.225191 -17.60597 2.687726 1.665666 -1.955922 -2.878301 4.727799 -4.170586 4.993925 11.020531 4e-06 -1e-06 12.109055 -3.735716 -2.866787 0.0 -0.0 -1e-06 1.291986 -1.928552 -1.498091 14.800131 0.56747 3.865609 14.242574 -1.341736 -6.660662 19.631973 0.143928 -0.648244 50.27515 -1.123829 -6.298754 0.353028 -1.511151 -0.03194 20.222795 3.684313 2.316632 18.787279 6e-06 0.0 10.75163 -0.479868 1.397907 -0.0 0.0 0.0 3.273807 0.305948 -0.580111 21.486822 11.83038 2.266137 8.16293 2e-06 1e-06 18.399088 -3.798985 -4.940576 3e-06 0.0 -1e-06 7.632873 17.473116 11.870084 0.08984 -0.451362 16.281195 -14.658113 11.566246 26.214983 1.980467 -1.972705 -11.46592 1e-06 -0.0 1e-06 3.851259 0.528373 -12.486958 0.035315 -0.46503 10.116099 -3.1382 -6.120677 7.141484 -1.456087 0.993689 -2.45254 0.0 0.0 -2e-06
0.0 0.0 0.0 0.0 -0.0 0.0 103.466309 101.840065 111.458611 -35.039715 88.366257 -32.564445 -0.233428 -0.814828 0.302326 -0.550718 -2.562573 -4.51106 -6.273604 -3.943995 8.949006 2.483692 2.585158 -1.053015 2.047743 9.077567 -3.512352 -4.711852 13.591013 -7.051969 7.7e-05 -2.3e-05 6e-06 0.053885 -0.111502 -0.017787 0.795265 -3.856068 -10.690318 -0.685972 3.656069 -10.690269 -4.766967 -9.270662 14.288699 -66.090668 3.030072 0.138359 -1.155503 -36.729801 0.267081 7.635385 -0.408186 -10.511301 -5.882108 9.861288 0.702591 -10.936873 -0.360575 7.156206 1e-06 8.774828 -1e-06 -16.458349 17.631525 5.519753 -1.844033 2.498505 -2.507278 -10.163603 4.678947 4.621109 -20.97603 -5e-06 1e-06 -21.226294 2.451696 -3.594002 2e-06 -6e-06 -1e-06 -1.362682 2.2408 -0.746322 -21.334921 0.584909 3.008321 -13.821217 -3e-06 0.0 -23.887177 -0.24908 -0.839483 -60.070427 2.396062 -1.41447 -0.294024 1.679688 0.833256 -14.218214 0.093215 1.300582 -34.212059 -0.287567 0.967168 -20.03322 0.964536 1.212843 2e-06 0.0 -1e-06 -3.44039 0.788234 0.501655 -15.928189 -3.167311 2.999706 -6.338829 1e-06 1e-06 -18.123453 3.648183 -4.905675 -3e-06 0.0 -2e-06 -20.978399 6.515486 9.791516 11.040101 -32.184685 -29.79335 0.868822 21.029791 -1.746836 -21.018955 1.21036 -1.233455 2.243542 -5.25504 -3.180161 14.2829 -0.826596 6.952508 0.0 -12.690609 -1e-06 16.165855 -17.267879 2.720459 1.665666 -1.955923 -2.878301 4.727802 -4.170588 4.993927 11.020534 2e-06 -1e-06 12.109058 -3.735718 -2.866785 0.0 -0.0 0.0 1.291986 -1.928552 -1.498091 14.800134 0.567468 3.865611 14.242578 -1.341737 -6.660661 19.631975 0.143925 -0.648244 50.02663 -1.099236 -6.263497 0.353028 -1.511151 -0.03194 20.222803 3.68431 2.316633 18.787285 4e-06 0.0 10.751634 -0.479869 1.397907 0.0 0.0 -0.0 3.273809 0.305947 -0.580111 21.486828 11.83038 2.266136 8.162931 1e-06 0.0 18.399092 -3.798986 -4.940577 3e-06 0.0 -1e-06 7.356503 17.368719 12.465032 0.08889 -0.497201 15.534492 -14.596105 11.034301 26.128809 2.002971 -1.980826 -12.032956 1e-06 1e-06 1e-06 3.443082 0.797249 -11.767457 0.044525 -0.451794 9.241241 -2.691121 -6.134286 6.965091 -1.457749 1.001168 -2.604352 -0.0 -0.0 -1e-06
0.0 0.0 0.0 0.0 -0.0 0.0 103.344521 101.762115 111.242043 -32.60759 88.665138 -30.400179 -0.453526 -0.838827 0.23206 -0.598451 -2.587982 -4.591831 -6.458742 -3.982179 8.781749 3.325316 2.280098 0.35268 1.794227 8.443952 -3.577059 -4.418552 12.591779 -6.114357 7.7e-05 -2.3e-05 6e-06 0.050815 -0.094285 -0.023249 0.790115 -3.832462 -10.699365 -0.687948 3.667175 -10.704535 -5.052359 -9.32589 14.345784 -65.194641 3.697484 0.105413 -1.239785 -36.856255 0.303708 6.885584 -0.084715 -10.482625 -5.882107 9.861287 0.702592 -10.936873 -0.360574 7.156208 0.0 8.774828 -1e-06 -16.424164 17.682518 5.593585 -1.844033 2.498505 -2.507278 -10.163602 4.678945 4.621112 -20.976027 -3e-06 6e-06 -21.226292 2.451698 -3.593999 -2e-06 -6e-06 -0.0 -1.362682 2.240799 -0.746323 -21.334917 0.58491 3.008326 -13.821217 -2e-06 5e-06 -23.887175 -0.249077 -0.839479 -60.144733 2.416607 -1.373889 -0.294024 1.679687 0.833256 -14.21821 0.093214 1.300582 -34.212051 -0.28756 0.967175 -20.033218 0.964539 1.212846 1e-06 0.0 -1e-06 -3.440389 0.788234 0.501656 -15.928189 -3.167309 2.999709 -6.338827 -0.0 3e-06 -18.123447 3.648185 -4.905668 -3e-06 0.0 -1e-06 -21.432867 6.074759 9.701312 7.868742 -31.494135 -27.610046 0.461891 20.611931 -1.926875 -20.403868 2.273166 1.860726 2.243543 -5.255037 -3.180159 14.282896 -0.826596 6.952504 -2e-06 -12.690607 0.0 16.04884 -16.990686 2.719673 1.665666 -1.955922 -2.8783 4.727799 -4.170588 4.993925 11.020533 4e-06 -2e-06 12.109056 -3.735716 -2.866786 1e-06 -0.0 0.0 1.291986 -1.92855 -1.49809 14.800134 0.567468 3.865608 14.242577 -1.341736 -6.66066 19.631973 0.143926 -0.648245 49.730274 -1.097793 -6.286166 0.35303 -1.511151 -0.03194 20.222801 3.684311 2.31663 18.787279 5e-06 -1e-06 10.751631 -0.479868 1.397906 0.0 0.0 0.0 3.273808 0.305947 -0.580111 21.486822 11.830379 2.266132 8.16293 2e-06 -1e-06 18.399088 -3.798985 -4.940577 3e-06 0.0 -1e-06 7.048421 17.24748 12.785215 0.095204 -0.522147 15.195476 -14.52912 10.350075 25.434639 2.016547 -1.992173 -12.456786 1e-06 1e-06 3e-06 3.032768 1.021202 -11.219896 0.040057 -0.439041 8.561378 -2.357614 -6.187094 6.575306 -1.459019 0.99931 -2.619169 0.0 -0.0 -1e-06
0.0 0.0 0.0 0.0 -0.0 0.0 103.123154 101.674889 110.99913 -27.757078 88.964478 -25.775885 -0.669729 -0.854482 0.188483 -0.64389 -2.584389 -4.634863 -6.620075 -4.01026 8.569635 3.976261 2.029806 1.537947 1.601593 7.955293 -3.613708 -4.176042 11.761073 -5.237171 7.7e-05 -2.3e-05 6e-06 0.049788 -0.081137 -0.023321 0.791553 -3.813509 -10.706781 -0.692493 3.674719 -10.710555 -5.362954 -9.336646 14.395265 -64.401436 4.1305 -0.047943 -1.341576 -36.91909 0.385142 6.22358 0.099877 -10.346813 -5.882106 9.861284 0.702591 -10.93687 -0.360575 7.156203 0.0 8.774824 -3e-06 -16.410059 17.739223 5.640197 -1.844032 2.498503 -2.507277 -10.163598 4.678944 4.621108 -20.976021 -4e-06 2e-06 -21.226284 2.451698 -3.593999 -1e-06 -6e-06 0.0 -1.362681 2.240798 -0.746323 -21.334911 0.584908 3.008322 -13.821213 -2e-06 1e-06 -23.887167 -0.24908 -0.839484 -60.2402 2.42047 -1.373159 -0.294025 1.679687 0.833256 -14.218207 0.093214 1.30058 -34.212048 -0.287564 0.967169 -20.033211 0.964537 1.212843 0.0 0.0 -0.0 -3.440388 0.788232 0.501654 -15.928185 -3.167309 2.999706 -6.338825 1e-06 2e-06 -18.123444 3.648183 -4.90567 -3e-06 0.0 -2e-06 -21.882267 5.777875 9.595743 5.378453 -30.916151 -25.723846 0.150948 19.901028 -2.012661 -19.717134 3.19473 4.591781 2.243543 -5.255038 -3.18016 14.282895 -0.826594 6.952507 -2e-06 -12.690605 -1e-06 15.956234 -16.735434 2.670078 1.665668 -1.955922 -2.878301 4.727798 -4.170587 4.993925 11.020535 4e-06 -2e-06 12.109057 -3.735716 -2.866786 -0.0 -1e-06 0.0 1.291987 -1.92855 -1.49809 14.800132 0.567469 3.86561 14.242577 -1.341736 -6.660663 19.631973 0.143926 -0.648246 49.528023 -1.089963 -6.322475 0.353032 -1.51115 -0.03194 20.222797 3.68431 2.31663 18.787279 5e-06 -1e-06 10.751631 -0.479869 1.397907 -0.0 -0.0 0.0 3.273806 0.305947 -0.580111 21.486818 11.830377 2.266135 8.16293 2e-06 -0.0 18.399088 -3.798984 -4.940577 3e-06 0.0 -1e-06 6.654678 17.118137 12.914428 0.108788 -0.518465 15.000339 -14.404184 9.540073 24.490377 2.027764 -1.997455 -12.816102 0.0 1e-06 0.0 2.585578 1.228904 -10.838219 0.027969 -0.445962 7.976072 -2.127643 -6.241301 6.231615 -1.456398 0.998979 -2.679617 -0.0 -0.0 -1e-06
0.0 0.0 0.0 0.0 -0.0 0.0 102.78273 101.556526 110.720764 -21.580677 89.192787 -19.736231 -0.842447 -0.859406 0.194316 -0.681857 -2.578753 -4.651466 -6.72081 -4.060121 8.311675 4.429198 1.834753 2.474363 1.46153 7.59621 -3.63672 -3.994308 11.127566 -4.42753 7.7e-05 -2.3e-05 6e-06 0.048604 -0.071597 -0.016713 0.792252 -3.799895 -10.709304 -0.696555 3.679932 -10.709003 -5.591189 -9.33984 14.433054 -63.841164 4.350576 -0.223043 -1.342927 -36.935394 0.415705 5.662719 0.138433 -10.127351 -5.882108 9.861288 0.70259 -10.936873 -0.360574 7.156207 1e-06 8.774826 1e-06 -16.396442 17.768209 5.68069 -1.844033 2.498504 -2.507278 -10.1636 4.678946 4.62111 -20.976028 -4e-06 1e-06 -21.22629 2.451695 -3.594002 -1e-06 -6e-06 0.0 -1.362682 2.240798 -0.746323 -21.334919 0.58491 3.008323 -13.821217 -3e-06 1e-06 -23.887177 -0.24908 -0.839484 -60.319397 2.43267 -1.39089 -0.294025 1.679688 0.833256 -14.218214 0.093216 1.300581 -34.212059 -0.287564 0.967167 -20.033222 0.964535 1.212843 0.0 -1e-06 -1e-06 -3.440389 0.788234 0.501656 -15.928189 -3.16731 2.999707 -6.338828 0.0 1e-06 -18.123447 3.648184 -4.905672 -3e-06 -0.0 -1e-06 -22.386635 5.600812 9.391424 3.420129 -30.480627 -23.906754 0.025077 18.902452 -2.038585 -18.94519 3.944322 6.736051 2.243541 -5.255038 -3.180158 14.282896 -0.826594 6.952503 -2e-06 -12.690603 -1e-06 15.940502 -16.584717 2.588152 1.665666 -1.955922 -2.878299 4.727801 -4.170588 4.993924 11.020528 3e-06 -1e-06 12.109054 -3.735716 -2.866784 1e-06 -0.0 0.0 1.291986 -1.92855 -1.49809 14.800132 0.567469 3.865608 14.242578 -1.341737 -6.660659 19.631973 0.143925 -0.648244 49.465088 -1.051452 -6.376757 0.353028 -1.51115 -0.03194 20.222799 3.68431 2.316631 18.787279 4e-06 -0.0 10.751632 -0.479869 1.397906 -0.0 -0.0 0.0 3.273808 0.305947 -0.58011 21.486816 11.830373 2.266135 8.162928 2e-06 -0.0 18.399084 -3.798984 -4.940575 3e-06 0.0 -1e-06 6.251235 17.063707 12.651197 0.117873 -0.502327 15.271859 -14.241639 8.613852 23.077646 2.039995 -2.019041 -12.920726 -2e-06 -1e-06 1e-06 2.168833 1.438195 -10.712435 0.018905 -0.464653 7.538201 -1.940351 -6.258962 5.88938 -1.453405 0.990221 -2.733923 -0.0 0.0 -1e-06
0.0 0.0 0.0 0.0 -0.0 0.0 102.293358 101.392296 110.400352 -10.338935 89.358665 -8.538179 -1.00653 -0.860365 0.255108 -0.709454 -2.60525 -4.639794 -6.783781 -4.110175 8.012917 4.774568 1.7079 3.179613 1.359744 7.347134 -3.638427 -3.863059 10.659819 -3.703336 7.7e-05 -2.3e-05 6e-06 0.046574 -0.06162 -0.011271 0.789009 -3.785174 -10.699468 -0.698469 3.684601 -10.69486 -5.705875 -9.378601 14.418437 -63.473747 4.473382 -0.392956 -1.301175 -36.94693 0.418627 5.17034 0.053186 -9.910216 -5.882108 9.861288 0.702589 -10.936873 -0.360575 7.1562 0.0 8.774827 -1e-06 -16.38397 17.785336 5.730909 -1.844033 2.498505 -2.507277 -10.163602 4.678946 4.621103 -20.976027 -5e-06 1e-06 -21.226295 2.451696 -3.594002 -1e-06 -6e-06 -1e-06 -1.362682 2.240798 -0.746323 -21.334917 0.584909 3.008317 -13.821216 -4e-06 0.0 -23.887171 -0.249082 -0.839487 -60.384773 2.448809 -1.371235 -0.294025 1.679688 0.833256 -14.218212 0.093216 1.300575 -34.212063 -0.28757 0.967164 -20.033215 0.964534 1.21284 2e-06 0.0 -1e-06 -3.440389 0.788234 0.501655 -15.928189 -3.167311 2.999701 -6.338826 1e-06 -1e-06 -18.123453 3.648182 -4.905675 -3e-06 1e-06 -2e-06 -22.814293 5.397799 9.162215 1.776467 -30.122433 -22.088926 -0.014988 17.757318 -2.004372 -18.231007 4.578431 8.127761 2.243541 -5.25504 -3.180161 14.282899 -0.826595 6.952507 -0.0 -12.690607 -3e-06 15.937376 -16.507006 2.536463 1.665667 -1.955922 -2.8783 4.727801 -4.170588 4.993926 11.020535 3e-06 -1e-06 12.109058 -3.735718 -2.866785 1e-06 -0.0 0.0 1.291986 -1.928551 -1.49809 14.800138 0.567469 3.86561 14.242579 -1.341738 -6.660661 19.631975 0.143924 -0.648246 49.476822 -1.00516 -6.398779 0.353028 -1.511151 -0.031941 20.222803 3.68431 2.316633 18.787287 4e-06 -0.0 10.751636 -0.479869 1.397907 -0.0 -0.0 0.0 3.273808 0.305947 -0.580111 21.486826 11.830379 2.266137 8.162932 2e-06 -1e-06 18.399092 -3.798985 -4.940578 3e-06 0.0 -1e-06 5.793505 17.135593 11.920687 0.119994 -0.485705 16.127369 -14.072892 7.450721 21.178978 2.045036 -2.042778 -12.863338 -2e-06 -1e-06 3e-06 1.732898 1.59735 -10.876184 0.010294 -0.477912 7.285177 -1.725469 -6.184396 5.445567 -1.452114 0.976785 -2.721593 -0.0 -0.0 -1e-06
0.0 0.0 0.0 0.0 -0.0 0.0 101.669632 101.191177 110.050751 7.584132 89.414154 9.422674 -1.173624 -0.850146 0.372575 -0.724227 -2.668972 -4.60599 -6.798289 -4.171784 7.667466 5.035605 1.651611 3.68753 1.305466 7.193026 -3.613953 -3.75329 10.341806 -3.112381 7.7e-05 -2.3e-05 6e-06 0.044301 -0.062343 -0.004891 0.787064 -3.784501 -10.683013 -0.702153 3.681769 -10.673884 -5.685785 -9.434956 14.35979 -63.307766 4.512625 -0.473565 -1.246069 -36.929081 0.425669 4.701645 -0.104162 -9.600423 -5.88211 9.861292 0.702591 -10.936876 -0.360574 7.156207 1e-06 8.774831 0.0 -16.381311 17.787012 5.801016 -1.844034 2.498507 -2.507278 -10.163604 4.678947 4.621108 -20.976032 -4e-06 1e-06 -21.226294 2.451697 -3.594002 -1e-06 -6e-06 0.0 -1.362682 2.2408 -0.746322 -21.334923 0.58491 3.008322 -13.82122 -3e-06 1e-06 -23.887178 -0.249079 -0.839484 -60.490574 2.482035 -1.326715 -0.294025 1.679688 0.833256 -14.218217 0.093215 1.300578 -34.212074 -0.287565 0.967168 -20.033226 0.964535 1.212843 1e-06 0.0 -1e-06 -3.44039 0.788234 0.501655 -15.928192 -3.16731 2.999707 -6.338829 0.0 1e-06 -18.123455 3.648185 -4.905674 -3e-06 0.0 -2e-06 -23.203264 5.157069 8.953902 0.509251 -29.8888 -20.426979 -0.035127 16.664089 -1.925066 -17.607489 5.105607 8.615446 2.243544 -5.255041 -3.180161 14.2829 -0.826594 6.952507 0.0 -12.690611 -2e-06 15.961288 -16.477261 2.516752 1.66567 -1.955924 -2.8783 4.727802 -4.170588 4.993925 11.020539 2e-06 -2e-06 12.109061 -3.735718 -2.866787 0.0 1e-06 0.0 1.291987 -1.928551 -1.498091 14.800142 0.567469 3.865609 14.242582 -1.341738 -6.660665 19.631985 0.143926 -0.648247 49.496334 -0.964509 -6.411553 0.353031 -1.511151 -0.03194 20.222805 3.684311 2.31663 18.787287 6e-06 -2e-06 10.751637 -0.479868 1.397906 -0.0 -0.0 0.0 3.273811 0.305947 -0.580111 21.486832 11.83038 2.266137 8.162933 2e-06 -1e-06 18.399096 -3.798984 -4.940581 3e-06 0.0 -1e-06 5.245172 17.264124 10.840253 0.111793 -0.46661 17.354437 -13.833192 6.126005 18.909645 2.036415 -2.055464 -12.690845 -1e-06 0.0 3e-06 1.265414 1.733223 -11.28089 0.007083 -0.483125 7.163271 -1.449378 -6.024165 4.936688 -1.452951 0.966642 -2.719076 -0.0 0.0 -1e-06
0.0 0.0 0.0 0.0 -0.0 0.0 100.958214 100.976791 109.687508 20.028988 89.334999 22.038023 -1.321557 -0.845627 0.520487 -0.726217 -2.74151 -4.555526 -6.743452 -4.246249 7.24839 5.256273 1.664503 4.005634 1.275847 7.151073 -3.593603 -3.649515 10.14922 -2.624149 7.7e-05 -2.3e-05 6e-06 0.043829 -0.077578 0.003487 0.788673 -3.801348 -10.664602 -0.705318 3.666624 -10.648629 -5.536806 -9.515409 14.247137 -63.299175 4.461368 -0.348443 -1.200983 -36.803642 0.446674 4.203633 -0.322819 -9.240833 -5.88211 9.861288 0.702588 -10.936878 -0.360577 7.156206 2e-06 8.774828 1e-06 -16.376816 17.784781 5.889381 -1.844033 2.498505 -2.507279 -10.163605 4.678944 4.621108 -20.976038 -6e-06 2e-06 -21.226299 2.451693 -3.594002 -0.0 -6e-06 0.0 -1.362682 2.240798 -0.746322 -21.334929 0.584906 3.00832 -13.821221 -5e-06 1e-06 -23.887184 -0.249084 -0.839484 -60.606045 2.531334 -1.236964 -0.294025 1.679687 0.833256 -14.218219 0.093211 1.300578 -34.212074 -0.287573 0.967169 -20.03323 0.96453 1.212845 2e-06 0.0 -1e-06 -3.440391 0.788233 0.501654 -15.9282 -3.167312 2.999706 -6.338831 -1e-06 0.0 -18.123459 3.648181 -4.905674 -3e-06 0.0 -1e-06 -23.471663 4.879772 8.775301 -0.313256 -29.8806 -19.033409 -0.114623 15.846852 -1.857064 -17.107813 5.644768 8.33088 2.24354 -5.255038 -3.180159 14.282897 -0.826594 6.952507 -2e-06 -12.690609 -0.0 16.01062 -16.480732 2.515417 1.665666 -1.955922 -2.8783 4.7278 -4.170588 4.993926 11.020531 3e-06 -1e-06 12.109056 -3.735716 -2.866785 0.0 1e-06 0.0 1.291985 -1.92855 -1.49809 14.800134 0.567469 3.865609 14.242577 -1.341736 -6.660661 19.631973 0.143926 -0.648244 49.494793 -0.936274 -6.406567 0.353032 -1.51115 -0.03194 20.222801 3.684312 2.316632 18.787283 4e-06 0.0 10.751634 -0.479868 1.397907 0.0 -0.0 0.0 3.273808 0.305947 -0.580111 21.486826 11.830379 2.266135 8.162931 2e-06 -1e-06 18.399092 -3.798985 -4.940577 3e-06 0.0 -1e-06 4.651729 17.433643 9.508289 0.095215 -0.431496 18.687735 -13.570294 4.682803 16.425049 2.024204 -2.061858 -12.476118 0.0 1e-06 3e-06 0.830163 1.872653 -11.923014 0.007617 -0.481688 7.101001 -1.099504 -5.791838 4.499639 -1.455872 0.968158 -2.801171 0.0 0.0 -1e-06
0.0 0.0 0.0 0.0 -0.0 0.0 100.218941 100.77243 109.339287 27.832731 89.207962 30.142725 -1.497234 -0.853972 0.667724 -0.715517 -2.828382 -4.505305 -6.63375 -4.347842 6.73734 5.426084 1.712667 4.152178 1.300074 7.23238 -3.560503 -3.53871 10.147825 -2.247174 7.7e-05 -2.3e-05 6e-06 0.042963 -0.087843 0.007575 0.789485 -3.810363 -10.637234 -0.708168 3.653437 -10.618577 -5.261155 -9.613041 14.135463 -63.389328 4.309881 0.158485 -1.178858 -36.525387 0.500101 3.698805 -0.593681 -8.897042 -5.882111 9.861293 0.702592 -10.936883 -0.360575 7.15621 1e-06 8.774834 -1e-06 -16.409988 17.84944 5.978667 -1.844034 2.498507 -2.507281 -10.163609 4.678948 4.621111 -20.976044 -6e-06 1e-06 -21.226305 2.451695 -3.594003 0.0 -6e-06 0.0 -1.362683 2.240799 -0.746324 -21.334936 0.584909 3.008322 -13.821227 -4e-06 0.0 -23.887196 -0.249082 -0.839484 -60.763508 2.585623 -1.12289 -0.294025 1.679689 0.833258 -14.218223 0.093214 1.300578 -34.212086 -0.287568 0.967169 -20.033232 0.964535 1.212845 0.0 -1e-06 -2e-06 -3.440392 0.788234 0.501657 -15.928203 -3.167314 2.999709 -6.338833 -0.0 0.0 -18.123466 3.648184 -4.905675 -3e-06 -0.0 -3e-06 -23.511988 4.584692 8.6145 -0.560692 -30.274233 -18.195274 -0.288348 15.622604 -1.785623 -16.979593 6.419913 7.234199 2.243543 -5.255041 -3.180161 14.282903 -0.826593 6.95251 0.0 -12.690612 -1e-06 16.032118 -16.407753 2.487186 1.665669 -1.955923 -2.878303 4.727802 -4.170589 4.993929 11.020536 3e-06 0.0 12.109061 -3.735717 -2.866787 0.0 1e-06 0.0 1.29199 -1.928551 -1.498091 14.80014 0.56747 3.865612 14.242583 -1.341737 -6.660663 19.631985 0.143926 -0.648243 49.423309 -0.938722 -6.4102 0.353028 -1.511152 -0.03194 20.222807 3.684313 2.316635 18.787289 5e-06 2e-06 10.751638 -0.47987 1.397909 -0.0 -0.0 -0.0 3.27381 0.305947 -0.58011 21.486834 11.830383 2.26614 8.162936 2e-06 1e-06 18.399099 -3.798986 -4.940577 3e-06 0.0 -1e-06 3.971502 17.511631 8.013135 0.087753 -0.392904 19.980471 -13.262383 3.251467 14.017063 2.014026 -2.074221 -12.071004 0.0 -0.0 3e-06 0.407858 2.007514 -12.712261 0.009967 -0.468807 7.01063 -0.791351 -5.547403 4.186942 -1.460669 0.981692 -2.913106 0.0 0.0 -1e-06
0.0 0.0 0.0 0.0 -0.0 0.0 99.506256 100.60759 109.055504 33.700729 89.109344 36.427734 -1.705206 -0.885849 0.783107 -0.724613 -2.920506 -4.460669 -6.463142 -4.45987 6.171 5.494472 1.792183 4.131806 1.409506 7.438767 -3.526898 -3.440151 10.359879 -1.94089 7.7e-05 -2.3e-05 6e-06 0.041123 -0.075656 0.002304 0.783448 -3.788664 -10.609486 -0.705999 3.654813 -10.587311 -4.935495 -9.749649 14.040415 -63.437317 4.045316 1.154562 -1.137132 -36.07663 0.577185 3.103085 -0.971894 -8.474313 -5.88211 9.861292 0.70259 -10.936877 -0.360575 7.156209 0.0 8.774831 -2e-06 -16.469751 17.96871 6.050566 -1.844035 2.498507 -2.507279 -10.163604 4.678946 4.621112 -20.976036 -4e-06 2e-06 -21.226299 2.451697 -3.594004 0.0 -5e-06 0.0 -1.362682 2.2408 -0.746325 -21.334925 0.584909 3.008323 -13.821221 -3e-06 1e-06 -23.887182 -0.24908 -0.839485 -60.944386 2.584527 -0.979379 -0.294025 1.679688 0.833256 -14.218215 0.093215 1.300581 -34.212067 -0.287565 0.967168 -20.033222 0.964537 1.212843 -1e-06 -0.0 -1e-06 -3.44039 0.788235 0.501653 -15.928192 -3.167312 2.999709 -6.338829 0.0 1e-06 -18.123457 3.648184 -4.905675 -3e-06 0.0 -1e-06 -23.106928 4.294279 8.436272 -0.112781 -31.177038 -18.186153 -0.611342 16.038017 -1.746428 -17.478216 7.645101 5.198083 2.243542 -5.255041 -3.180161 14.282897 -0.826594 6.952507 1e-06 -12.69061 -4e-06 16.036163 -16.215557 2.440683 1.665669 -1.955923 -2.878302 4.727802 -4.170589 4.993927 11.020535 2e-06 -2e-06 12.109059 -3.735718 -2.866789 0.0 1e-06 0.0 1.291986 -1.928551 -1.498091 14.800136 0.567469 3.865611 14.242578 -1.341739 -6.660664 19.631975 0.143926 -0.648245 49.401123 -0.980836 -6.385502 0.353029 -1.511152 -0.03194 20.222801 3.684312 2.316633 18.787283 4e-06 -0.0 10.751634 -0.479868 1.397907 -1e-06 -0.0 -0.0 3.273808 0.305947 -0.580111 21.486824 11.83038 2.266137 8.16293 2e-06 0.0 18.399088 -3.798986 -4.940578 3e-06 -0.0 -1e-06 3.207931 17.246017 6.41914 0.084626 -0.335645 21.152527 -12.76464 2.066488 11.926734 1.994092 -2.066707 -11.342318 -0.0 0.0 3e-06 0.027417 2.231024 -13.599504 5e-05 -0.454791 6.910503 -0.609738 -5.408136 4.077937 -1.465803 1.006133 -3.16258 0.0 0.0 -1e-06
0.0 0.0 0.0 0.0 -0.0 0.0 98.877975 100.434128 108.87439 35.075035 89.091293 38.233231 -1.887286 -0.90657 0.891267 -0.753558 -3.017977 -4.408482 -6.189832 -4.565835 5.594078 5.277776 1.951539 3.991708 1.583682 7.686689 -3.488842 -3.294932 10.763396 -1.692055 7.7e-05 -2.3e-05 6e-06 0.038407 -0.044838 -0.00925 0.775227 -3.748744 -10.601482 -0.703314 3.675972 -10.57585 -4.574832 -9.874076 13.957654 -63.422543 3.605054 2.698412 -1.06763 -35.425884 0.642974 2.48999 -1.422424 -7.901423 -5.882107 9.861288 0.702589 -10.936873 -0.360576 7.156203 1e-06 8.774826 -2e-06 -16.566742 18.115683 6.054981 -1.844034 2.498506 -2.507277 -10.163603 4.678946 4.621107 -20.97603 -5e-06 1e-06 -21.226295 2.451696 -3.594003 1e-06 -6e-06 -0.0 -1.362682 2.240799 -0.746323 -21.334921 0.584908 3.008321 -13.821218 -4e-06 0.0 -23.887175 -0.249081 -0.839485 -61.096889 2.535274 -0.866029 -0.294025 1.679687 0.833256 -14.218214 0.093215 1.300579 -34.212059 -0.287569 0.967167 -20.033224 0.964534 1.212843 -1e-06 -0.0 -1e-06 -3.44039 0.788234 0.501655 -15.928192 -3.167311 2.999705 -6.338829 -1e-06 1e-06 -18.123453 3.648182 -4.905673 -2e-06 0.0 -2e-06 -22.344461 4.019995 8.183809 1.243526 -32.308105 -18.826366 -1.045632 16.461239 -1.68291 -18.383112 8.529466 2.081568 2.243542 -5.255038 -3.180159 14.282904 -0.826595 6.952508 -4e-06 -12.690609 0.0 16.066046 -16.051418 2.365497 1.665668 -1.955922 -2.878301 4.727805 -4.170588 4.993927 11.020535 4e-06 0.0 12.109059 -3.735718 -2.866785 1e-06 0.0 0.0 1.291987 -1.92855 -1.49809 14.800142 0.567468 3.865611 14.242583 -1.341736 -6.660661 19.631985 0.143924 -0.648244 49.417927 -1.007828 -6.390583 0.353028 -1.51115 -0.03194 20.222805 3.684311 2.316633 18.787289 3e-06 0.0 10.751636 -0.47987 1.397907 0.0 -0.0 -0.0 3.27381 0.305948 -0.580111 21.486828 11.83038 2.266135 8.162936 1e-06 -0.0 18.399096 -3.798987 -4.940578 3e-06 0.0 -1e-06 2.497423 16.475075 4.836143 0.079447 -0.252106 22.310608 -12.021571 1.224596 9.884841 1.962422 -2.039005 -10.331045 0.0 0.0 3e-06 -0.204938 2.65446 -15.177143 -0.003966 -0.420058 8.328503 -0.47193 -5.542468 3.641806 -1.471754 1.018636 -3.51392 -0.0 -0.0 -1e-06
0.0 0.0 0.0 0.0 -0.0 0.0 98.420815 100.150787 108.793007 30.37112 89.150963 33.781898 -1.971533 -0.908465 1.023454 -0.770902 -3.10597 -4.319851 -5.834642 -4.650151 5.106565 4.688245 2.277199 3.861895 1.725767 7.85122 -3.427984 -3.091745 11.297625 -1.66321 7.7e-05 -2.2e-05 6e-06 0.0357 -0.004452 -0.015029 0.766305 -3.711314 -10.60381 -0.699795 3.718494 -10.578425 -4.147521 -9.82278 13.88116 -63.49514 2.92825 4.667676 -0.978243 -34.631828 0.68707 2.082278 -1.716702 -7.078207 -5.88211 9.861292 0.702589 -10.936876 -0.360574 7.156206 -0.0 8.774829 -2e-06 -16.66485 18.246929 5.993158 -1.844033 2.498506 -2.507278 -10.163604 4.678947 4.621109 -20.976034 -2e-06 1e-06 -21.226299 2.451698 -3.594002 2e-06 -6e-06 -1e-06 -1.362682 2.240799 -0.746323 -21.334925 0.584912 3.008321 -13.821221 -2e-06 3e-06 -23.88718 -0.249077 -0.839484 -61.134499 2.465926 -0.821692 -0.294025 1.679688 0.833256 -14.218215 0.093216 1.30058 -34.212067 -0.287561 0.967167 -20.033222 0.964537 1.212843 0.0 -0.0 0.0 -3.44039 0.788234 0.501656 -15.928192 -3.167311 2.999707 -6.33883 -1e-06 2e-06 -18.123457 3.648186 -4.905674 -3e-06 -0.0 -1e-06 -21.317207 3.794282 7.90345 3.248056 -33.064453 -19.310463 -1.465351 15.898188 -1.436961 -19.222546 7.833572 -2.293456 2.243541 -5.255038 -3.18016 14.282895 -0.826594 6.952505 -2e-06 -12.690605 -2e-06 16.020937 -16.108377 2.324203 1.665666 -1.955922 -2.878299 4.727802 -4.170587 4.993924 11.020529 3e-06 -1e-06 12.109052 -3.735717 -2.866786 -1e-06 -1e-06 0.0 1.291986 -1.92855 -1.498089 14.800132 0.567469 3.865609 14.242576 -1.341738 -6.660659 19.631971 0.143925 -0.648244 49.415516 -1.017159 -6.442572 0.353028 -1.51115 -0.031941 20.222797 3.68431 2.316633 18.787273 4e-06 -0.0 10.751629 -0.479868 1.397907 -0.0 0.0 -0.0 3.273805 0.305947 -0.580111 21.48682 11.830377 2.266137 8.16293 2e-06 0.0 18.399088 -3.798985 -4.940577 3e-06 -0.0 -1e-06 1.930383 15.095878 3.479989 0.063179 -0.150684 23.635349 -11.116489 0.818204 7.51993 1.939774 -2.036864 -8.990406 0.0 -0.0 3e-06 -0.274239 3.284112 -17.138102 0.007033 -0.360611 11.092221 -0.092562 -5.759346 2.594678 -1.474839 0.977955 -3.821876 0.0 0.0 -1e-06
0.0 0.0 0.0 0.0 -0.0 0.0 98.136597 99.650009 108.783424 14.445816 89.294456 17.656944 -1.897769 -0.749834 1.279258 -0.701555 -3.306414 -4.210855 -5.37045 -4.682602 4.861127 3.73657 2.737427 3.800526 1.838097 8.160296 -3.374064 -2.931064 11.662749 -1.874347 7.7e-05 -2.1e-05 6e-06 0.032919 0.056651 -0.061674 0.769047 -3.659752 -10.657022 -0.70812 3.787938 -10.638546 -3.51509 -9.82822 13.757433 -63.96307 2.302779 6.691963 -0.827728 -33.930199 0.747206 1.716001 -1.502226 -6.158449 -5.882112 9.861294 0.702591 -10.936883 -0.360575 7.156211 1e-06 8.774833 1e-06 -16.80966 18.280949 5.825581 -1.844035 2.498506 -2.507282 -10.163611 4.678949 4.621113 -20.976048 -5e-06 2e-06 -21.226309 2.451698 -3.594004 1e-06 -6e-06 -1e-06 -1.362682 2.2408 -0.746325 -21.334936 0.58491 3.008325 -13.821229 -4e-06 2e-06 -23.887196 -0.249081 -0.839482 -61.024525 2.392804 -0.92017 -0.294025 1.67969 0.833256 -14.218224 0.093215 1.300581 -34.212086 -0.287565 0.967174 -20.033236 0.964538 1.212846 1e-06 -1e-06 1e-06 -3.440392 0.788236 0.501657 -15.928205 -3.167313 2.99971 -6.338834 -1e-06 2e-06 -18.12347 3.648186 -4.905675 -3e-06 1e-06 -2e-06 -20.241716 3.570017 7.339967 5.299327 -33.042603 -19.771671 -1.733424 13.989148 -1.032906 -19.346706 5.257019 -7.648634 2.243541 -5.25504 -3.180159 14.282902 -0.826595 6.952509 0.0 -12.690608 -1e-06 15.777239 -16.296532 2.546521 1.665666 -1.955922 -2.878299 4.727801 -4.170589 4.993926 11.020536 2e-06 2e-06 12.10906 -3.735718 -2.866785 1e-06 -0.0 1e-06 1.291988 -1.928552 -1.498089 14.800139 0.567467 3.865611 14.242584 -1.341738 -6.660661 19.631979 0.143924 -0.648244 49.443291 -1.013179 -6.500862 0.353029 -1.511151 -0.03194 20.222807 3.684309 2.316635 18.787289 3e-06 1e-06 10.751637 -0.47987 1.397908 0.0 -1e-06 -0.0 3.273809 0.305947 -0.580111 21.486828 11.830379 2.266137 8.162933 1e-06 -1e-06 18.399097 -3.798987 -4.940578 3e-06 0.0 -0.0 1.593673 13.322951 2.346335 0.111172 -0.230588 25.856035 -10.17422 0.960043 4.819031 1.913577 -2.050552 -8.237491 0.0 -0.0 2e-06 -0.257901 4.006304 -16.532787 -0.006324 -0.274881 10.215081 1.118102 -6.048588 1.485268 -1.492628 1.066049 -4.11983 0.0 0.0 -1e-06
0.0 0.0 0.0 0.0 -0.0 0.0 98.083794 98.868195 108.862808 -24.370842 89.288383 -21.745354 -1.583366 -0.755127 1.649574 -0.636092 -3.349111 -4.077425 -4.846969 -4.903811 4.86123 2.937424 3.240317 4.028008 1.810576 8.158891 -3.374896 -2.837718 12.108068 -2.584 7.7e-05 -2.2e-05 6e-06 0.037233 0.038274 -0.08047 0.770033 -3.690287 -10.695201 -0.700989 3.780807 -10.67547 -2.922704 -9.601032 13.630876 -64.339409 1.530563 8.615071 -0.954639 -33.200012 0.85224 1.434696 -0.824395 -4.773439 -5.882108 9.861288 0.702593 -10.936874 -0.360574 7.156206 0.0 8.774828 2e-06 -16.81077 18.118652 5.809438 -1.844034 2.498506 -2.507277 -10.163604 4.678949 4.621111 -20.97603 -1e-06 0.0 -21.226297 2.451699 -3.594004 2e-06 -5e-06 -1e-06 -1.362682 2.240798 -0.746322 -21.334921 0.584912 3.008323 -13.821218 -3e-06 -1e-06 -23.887178 -0.249078 -0.839484 -61.070786 2.380505 -0.961357 -0.294025 1.679687 0.833256 -14.218212 0.093216 1.30058 -34.212055 -0.287563 0.967167 -20.033218 0.964538 1.212841 -1e-06 -1e-06 -0.0 -3.440389 0.788233 0.501656 -15.928189 -3.16731 2.999708 -6.338828 -1e-06 -2e-06 -18.123453 3.648183 -4.905671 -2e-06 -0.0 -1e-06 -18.737717 3.84466 7.142063 6.662189 -32.921738 -20.421366 -1.586956 11.933347 -0.581606 -18.926281 1.881896 -11.916805 2.243542 -5.255037 -3.180157 14.282887 -0.826594 6.952501 0.0 -12.690598 -2e-06 15.187047 -16.493723 2.883024 1.665669 -1.955921 -2.878298 4.7278 -4.170586 4.993923 11.020523 1e-06 -2e-06 12.109052 -3.735717 -2.866785 0.0 -0.0 1e-06 1.291986 -1.928549 -1.498089 14.800125 0.567467 3.865606 14.242573 -1.341737 -6.660658 19.631968 0.143924 -0.648247 49.449184 -0.844923 -6.432324 0.353029 -1.51115 -0.03194 20.222786 3.684307 2.316627 18.78727 2e-06 -2e-06 10.751627 -0.479869 1.397904 -0.0 -0.0 0.0 3.273807 0.305948 -0.58011 21.486805 11.830368 2.266131 8.162925 1e-06 -1e-06 18.399076 -3.798984 -4.940576 3e-06 -0.0 0.0 1.804686 11.80192 1.349792 0.112529 -0.276539 29.291769 -9.183831 0.093497 2.212697 1.90332 -2.090042 -7.686956 0.0 -0.0 3e-06 0.07066 4.799531 -14.954559 -0.028947 -0.225595 8.877621 1.786698 -5.906582 1.876678 -1.495553 1.057558 -4.093307 0.0 0.0 -1e-06
0.0 0.0 0.0 0.0 -0.0 0.0 98.165131 97.891762 108.978745 -67.340614 89.037949 -65.630882 -0.95198 -0.881757 2.142894 -0.585077 -3.237464 -3.953309 -4.397204 -5.217945 5.120847 2.367684 3.632391 4.322877 1.757569 7.876843 -3.385781 -2.716522 12.217237 -3.476758 7.7e-05 -2.2e-05 6e-06 0.034343 -0.034343 -0.074294 0.74561 -3.77645 -10.726516 -0.682967 3.72127 -10.703306 -2.410449 -9.483597 13.329977 -64.399384 0.90047 11.003669 -1.066452 -32.921417 0.990157 0.958376 0.324649 -3.579098 -5.882106 9.861284 0.702588 -10.936875 -0.360577 7.156207 2e-06 8.774827 1e-06 -16.674391 18.050051 5.874869 -1.844031 2.498505 -2.507278 -10.163601 4.678945 4.621109 -20.976028 -8e-06 1e-06 -21.226292 2.451692 -3.593999 2e-06 -6e-06 -0.0 -1.362681 2.240798 -0.746324 -21.334921 0.584906 3.008321 -13.821217 -5e-06 -1e-06 -23.887178 -0.249084 -0.83948 -61.082226 2.360419 -0.895783 -0.294024 1.679687 0.833256 -14.218212 0.093212 1.30058 -34.212063 -0.287571 0.967171 -20.033218 0.964534 1.212845 -1e-06 1e-06 0.0 -3.440389 0.788233 0.501655 -15.928189 -3.167312 2.999708 -6.338828 -1e-06 1e-06 -18.123451 3.648179 -4.90567 -3e-06 1e-06 -1e-06 -16.880405 4.336419 7.176434 7.329484 -32.876633 -20.863808 -1.639655 10.563044 -0.346514 -18.351768 -1.330903 -14.769198 2.243541 -5.255037 -3.180158 14.282896 -0.826595 6.952507 -2e-06 -12.690607 1e-06 14.537255 -16.446032 3.257504 1.665669 -1.955922 -2.878299 4.7278 -4.170589 4.993927 11.020529 3e-06 -1e-06 12.109052 -3.735716 -2.866781 -0.0 2e-06 -0.0 1.291986 -1.928548 -1.49809 14.800138 0.567469 3.865611 14.242578 -1.341736 -6.66066 19.631975 0.143925 -0.648244 49.037014 -0.781796 -6.226728 0.353026 -1.511152 -0.031941 20.222797 3.68431 2.316633 18.787279 4e-06 2e-06 10.751631 -0.479869 1.397906 0.0 0.0 1e-06 3.273807 0.305948 -0.580111 21.486818 11.830378 2.266135 8.162931 1e-06 1e-06 18.399088 -3.798986 -4.940574 3e-06 -0.0 -2e-06 2.518345 10.654287 0.252005 0.028186 -0.262299 34.176517 -7.537678 -1.416138 0.882407 1.874102 -2.084021 -7.008721 0.0 -0.0 3e-06 0.617388 5.65256 -13.951232 0.004288 -0.240545 9.051363 1.220465 -5.506717 2.883379 -1.478067 0.985892 -3.640932 0.0 0.0 -1e-06
0.0 0.0 0.0 0.0 -0.0 0.0 98.226547 96.828232 109.172096 -82.817169 88.410454 -82.290115 -0.29971 -0.894621 2.822524 -0.458742 -3.31051 -3.747506 -3.738231 -5.313218 5.545289 1.91177 3.96905 4.443559 1.667955 7.653828 -3.37384 -2.594127 11.965631 -4.858935 7.7e-05 -2.2e-05 6e-06 0.030945 -0.045807 -0.073255 0.74226 -3.789748 -10.700131 -0.686196 3.708593 -10.672269 -1.944791 -9.482572 13.079433 -64.387444 0.127137 13.543011 -1.09663 -33.085003 1.051947 0.05492 1.596668 -2.588996 -5.88211 9.86129 0.702591 -10.936877 -0.360575 7.156209 0.0 8.77483 -3e-06 -16.548504 17.91217 5.923239 -1.844034 2.498505 -2.507277 -10.163604 4.678946 4.62111 -20.976034 -3e-06 -0.0 -21.226295 2.451696 -3.594002 2e-06 -5e-06 -0.0 -1.362681 2.240798 -0.746323 -21.334925 0.584909 3.008322 -13.82122 -2e-06 1e-06 -23.887182 -0.249079 -0.839485 -61.199814 2.317019 -0.78272 -0.294026 1.679687 0.833256 -14.218216 0.093215 1.300581 -34.212074 -0.287565 0.967168 -20.033226 0.964535 1.212843 0.0 -0.0 0.0 -3.44039 0.788234 0.501655 -15.928198 -3.167312 2.999706 -6.33883 -2e-06 1e-06 -18.123459 3.648183 -4.905673 -3e-06 1e-06 1e-06 -15.2695 4.549129 6.857472 7.664437 -32.309456 -21.27342 -1.688148 9.992457 -0.169105 -18.245039 -3.78846 -16.307646 2.243541 -5.255038 -3.18016 14.282895 -0.826596 6.952504 -1e-06 -12.690606 -0.0 14.324963 -16.544258 3.484531 1.665668 -1.955922 -2.8783 4.727802 -4.170589 4.993925 11.02053 3e-06 -1e-06 12.109054 -3.735719 -2.866787 1e-06 -1e-06 -0.0 1.291986 -1.928549 -1.49809 14.800132 0.567465 3.865609 14.242577 -1.34174 -6.660662 19.631973 0.143925 -0.648245 49.097134 -0.663712 -6.187526 0.353028 -1.511153 -0.031941 20.222792 3.68431 2.316631 18.787279 4e-06 -1e-06 10.751631 -0.479869 1.397905 0.0 1e-06 1e-06 3.27381 0.305947 -0.58011 21.486818 11.830377 2.266134 8.16293 1e-06 1e-06 18.399088 -3.798987 -4.940578 3e-06 0.0 -2e-06 3.610712 10.278536 -0.856511 -0.02112 -0.420793 40.022861 -6.130094 -3.296399 1.867735 1.814799 -1.994603 -7.402241 -0.0 0.0 2e-06 1.659287 6.080199 -15.70304 -0.016258 -0.211817 15.272182 0.533601 -5.788592 0.492111 -1.482134 1.010981 -3.000089 0.0 0.0 -1e-06
0.0 0.0 0.0 0.0 -0.0 0.0 98.436562 95.863701 109.367691 -81.249893 88.112488 -82.017326 0.120957 -0.852352 3.408103 -0.377308 -3.397068 -3.523909 -3.108656 -5.376505 6.004948 1.636868 4.093222 4.820576 1.478921 7.492095 -3.370835 -2.333974 11.557528 -6.452847 7.7e-05 -2.3e-05 6e-06 0.022296 -0.032254 -0.067386 0.731928 -3.773407 -10.650958 -0.692589 3.716616 -10.630466 -1.575095 -9.270103 12.753502 -64.345238 -0.676275 16.204538 -1.188942 -33.132298 1.075848 -0.728524 2.718369 -1.153897 -5.882108 9.861288 0.702589 -10.936872 -0.360574 7.156205 -1e-06 8.774827 -2e-06 -16.376633 17.834406 5.967515 -1.844032 2.498504 -2.507279 -10.163599 4.678947 4.621108 -20.976023 -2e-06 -1e-06 -21.226288 2.451698 -3.594003 -1e-06 -4e-06 0.0 -1.362681 2.240799 -0.746325 -21.334915 0.584912 3.008323 -13.821215 -2e-06 0.0 -23.887175 -0.249079 -0.839486 -61.244461 2.35464 -0.731737 -0.294025 1.679687 0.833255 -14.218208 0.093217 1.300583 -34.212048 -0.287562 0.967167 -20.033215 0.964536 1.212842 0.0 -0.0 1e-06 -3.440388 0.788234 0.501659 -15.928185 -3.167309 2.999706 -6.338825 0.0 0.0 -18.123444 3.648185 -4.905672 -2e-06 0.0 1e-06 -13.736075 4.916159 6.606596 7.627557 -31.306589 -21.246231 -1.109462 10.415982 -0.000386 -17.407637 -5.942298 -17.021023 2.243544 -5.255039 -3.180161 14.282896 -0.826595 6.952506 0.0 -12.690604 -1e-06 14.14735 -16.831846 3.483942 1.665666 -1.955922 -2.878301 4.7278 -4.170588 4.993925 11.02053 1e-06 -2e-06 12.109056 -3.735718 -2.866786 2e-06 -1e-06 -2e-06 1.291986 -1.928551 -1.498092 14.800132 0.567466 3.86561 14.242578 -1.341737 -6.660662 19.631973 0.143924 -0.648248 48.985226 -0.566965 -6.321486 0.353031 -1.511151 -0.03194 20.222795 3.684306 2.316628 18.787275 4e-06 -3e-06 10.751631 -0.47987 1.397906 0.0 -0.0 -1e-06 3.273806 0.305946 -0.580111 21.486816 11.830373 2.266135 8.162928 1e-06 -1e-06 18.399088 -3.798985 -4.940579 3e-06 0.0 -0.0 4.206384 9.840737 -1.199331 -0.068787 -0.506701 44.859097 -4.874855 -4.873374 4.777017 1.758231 -1.881474 -8.146472 -0.0 -0.0 2e-06 2.244886 6.212139 -17.226061 0.048433 -0.157438 21.428921 0.260674 -6.063953 -2.452354 -1.477189 1.003836 -2.264161 -0.0 0.0 -1e-06
0.0 0.0 0.0 0.0 -0.0 0.0 98.940155 95.323448 109.484657 -73.918472 88.279213 -75.809349 0.33208 -0.786808 3.68543 -0.381652 -3.420306 -3.387888 -2.738327 -5.32596 6.461575 1.432017 4.028131 5.31314 1.305802 7.315971 -3.377095 -1.807832 11.086533 -7.579108 7.7e-05 -2.3e-05 6e-06 0.014834 0.006911 -0.063738 0.710613 -3.723933 -10.608308 -0.686306 3.744555 -10.597159 -1.772237 -8.938792 12.373309 -63.926762 -1.304283 18.242514 -1.246628 -33.317181 1.069733 -0.956266 3.598914 1.384398 -5.882111 9.861293 0.702592 -10.93688 -0.360575 7.156211 -0.0 8.774831 -1e-06 -16.125975 17.656067 5.99804 -1.844033 2.498506 -2.507277 -10.163608 4.678948 4.621111 -20.97604 -1e-06 2e-06 -21.226307 2.451701 -3.594004 0.0 -7e-06 0.0 -1.362682 2.2408 -0.746323 -21.33493 0.584912 3.008325 -13.821223 -1e-06 2e-06 -23.887184 -0.249074 -0.839483 -60.997231 2.363807 -0.660641 -0.294024 1.679689 0.833258 -14.218219 0.093216 1.300584 -34.212074 -0.287562 0.967172 -20.03323 0.964541 1.212845 -0.0 1e-06 -0.0 -3.440391 0.788234 0.501658 -15.928201 -3.167311 2.999711 -6.338831 -1e-06 0.0 -18.123463 3.648188 -4.905673 -3e-06 -0.0 -1e-06 -11.721366 5.336593 6.510555 7.193091 -29.973042 -20.885164 -0.312406 11.854693 0.099969 -15.054374 -8.293923 -16.447994 2.243541 -5.255039 -3.180161 14.282898 -0.826595 6.95251 -2e-06 -12.690608 -1e-06 14.04875 -17.164379 3.372284 1.665667 -1.955923 -2.878302 4.727803 -4.170589 4.993928 11.020531 3e-06 1e-06 12.109056 -3.735718 -2.866785 0.0 -1e-06 -1e-06 1.291987 -1.928552 -1.49809 14.800136 0.567469 3.865611 14.242579 -1.341738 -6.660665 19.631975 0.143925 -0.648245 48.957378 -0.53972 -6.324728 0.353029 -1.511151 -0.031941 20.222801 3.684311 2.316633 18.787283 3e-06 -1e-06 10.751633 -0.47987 1.397907 0.0 -0.0 -0.0 3.273807 0.305947 -0.580113 21.486826 11.830382 2.266137 8.16293 2e-06 1e-06 18.399092 -3.798987 -4.940578 4e-06 0.0 -0.0 3.967354 9.132372 -0.723465 -0.082994 -0.582467 47.86034 -3.899206 -5.639745 9.597425 1.727422 -1.765042 -9.581852 0.0 -0.0 1e-06 2.242821 6.603326 -17.326532 0.103189 -0.140733 24.716494 -0.014233 -6.602869 -4.523256 -1.472164 0.960422 -1.536132 0.0 0.0 -1e-06
0.0 0.0 0.0 0.0 -0.0 0.0 99.593529 95.420578 109.609413 -85.853638 88.843437 -88.319221 0.515618 -0.69424 3.775443 -0.4381 -3.374039 -3.488766 -2.623839 -5.153697 6.782131 1.169473 3.665229 5.5042 1.280705 6.920047 -3.353346 -1.035547 10.333843 -7.921934 7.7e-05 -2.2e-05 6e-06 0.003641 0.070345 -0.047623 0.695069 -3.662423 -10.646255 -0.692149 3.811284 -10.639912 -2.465738 -8.792207 11.896029 -63.189129 -1.194929 19.063137 -0.92476 -35.17725 0.716312 -0.722584 4.158198 4.021934 -5.88211 9.861295 0.702593 -10.936885 -0.360578 7.156215 3e-06 8.774837 0.0 -15.703612 17.545458 6.198109 -1.844033 2.498507 -2.50728 -10.163611 4.678948 4.621114 -20.976048 -1e-05 4e-06 -21.226311 2.451697 -3.593998 0.0 -6e-06 0.0 -1.362682 2.2408 -0.746324 -21.334938 0.584903 3.008327 -13.821229 -6e-06 4e-06 -23.887199 -0.249083 -0.839478 -60.420223 2.539661 -0.697743 -0.294024 1.679689 0.833256 -14.218225 0.093211 1.300581 -34.212093 -0.287572 0.967179 -20.033236 0.964534 1.21285 0.0 1e-06 0.0 -3.440392 0.788233 0.501657 -15.928206 -3.167317 2.999713 -6.338833 -2e-06 2e-06 -18.123466 3.648183 -4.905672 -3e-06 -0.0 -1e-06 -8.450583 5.836948 6.525632 5.892321 -29.931522 -22.268953 0.737114 15.709782 0.296709 -13.179145 -12.122641 -14.722756 2.243542 -5.255039 -3.180158 14.282905 -0.826599 6.952515 1e-06 -12.690609 2e-06 14.317114 -17.527878 3.002393 1.665667 -1.955924 -2.878301 4.727805 -4.17059 4.993929 11.020536 -0.0 3e-06 12.10906 -3.73572 -2.866784 -1e-06 -0.0 -1e-06 1.291988 -1.92855 -1.498089 14.800142 0.567466 3.865616 14.242584 -1.341739 -6.66066 19.631985 0.14392 -0.648245 49.383419 -0.445695 -6.200912 0.353028 -1.511152 -0.03194 20.222811 3.684307 2.316637 18.787289 0.0 -0.0 10.751637 -0.479873 1.397907 -1e-06 1e-06 -0.0 3.273812 0.305946 -0.58011 21.486834 11.830376 2.26614 8.162937 -0.0 -0.0 18.399103 -3.798992 -4.940577 3e-06 0.0 -1e-06 4.709326 6.604095 -0.27524 -0.073023 -0.728359 49.606827 -8.627554 -9.942636 8.860979 1.683926 -1.678724 -9.841372 0.0 -0.0 1e-06 1.886745 7.035447 -16.225756 0.127481 0.008711 24.807215 -0.455739 -7.599942 -5.492511 -1.473154 0.993284 -0.958619 0.0 0.0 -1e-06
0.0 0.0 0.0 0.0 -0.0 0.0 100.0 96.0 110.0 -78.661491 89.714691 -80.722214 0.355262 -0.629703 3.731479 -0.427625 -2.969038 -3.595007 -2.478537 -4.405525 6.729215 0.31822 3.753481 5.230011 1.30937 5.939955 -3.422457 -0.203885 9.512736 -8.882544 7.7e-05 -2.3e-05 6e-06 -0.005726 0.103428 -0.030097 0.667293 -3.635644 -10.611708 -0.682579 3.849214 -10.600785 -3.594003 -8.009039 12.021173 -62.585644 -0.349738 17.118258 -0.956085 -39.882576 0.735884 -1.496808 2.302457 4.017362 -5.882109 9.86129 0.702594 -10.936877 -0.360575 7.156209 1e-06 8.77483 0.0 -15.91816 17.754349 6.157047 -1.844034 2.498507 -2.50728 -10.163605 4.678946 4.621112 -20.976036 -5e-06 3e-06 -21.226301 2.451697 -3.594 0.0 -6e-06 -2e-06 -1.362682 2.240798 -0.746323 -21.334925 0.584909 3.008325 -13.82122 -3e-06 1e-06 -23.887184 -0.24908 -0.839482 -60.571896 2.661223 -0.960256 -0.294026 1.679688 0.833255 -14.218217 0.093215 1.300579 -34.212067 -0.287566 0.967173 -20.033226 0.964535 1.212845 2e-06 1e-06 1e-06 -3.44039 0.788234 0.501654 -15.928198 -3.167312 2.999709 -6.33883 -1e-06 1e-06 -18.123457 3.648184 -4.905671 -4e-06 -1e-06 -2e-06 -7.045513 7.274305 5.96949 7.941519 -32.853966 -26.618385 -0.058172 27.113853 0.371033 -19.26861 -17.560587 -15.661633 2.24354 -5.255039 -3.180158 14.282897 -0.826595 6.952508 -1e-06 -12.690609 -3e-06 14.912805 -17.248981 2.964675 1.665668 -1.955923 -2.878302 4.727801 -4.170588 4.993926 11.020528 2e-06 -0.0 12.109055 -3.735717 -2.866785 0.0 0.0 -0.0 1.291987 -1.928551 -1.498091 14.800136 0.567466 3.865611 14.242577 -1.341738 -6.660658 19.631973 0.143924 -0.648244 50.752796 -0.493717 -6.110325 0.353031 -1.51115 -0.031941 20.222801 3.684309 2.316632 18.787279 3e-06 1e-06 10.751632 -0.47987 1.397908 0.0 -0.0 0.0 3.273809 0.305947 -0.580109 21.486822 11.830376 2.266136 8.16293 1e-06 0.0 18.39909 -3.798988 -4.940577 3e-06 -0.0 -0.0 4.259072 4.345007 -0.515422 -0.039567 -0.768779 47.618149 -10.000188 -13.487985 3.190527 1.652637 -1.751251 -5.301235 -0.0 0.0 1e-06 1.21182 6.852247 -15.28995 0.019057 -0.045484 22.6222 -0.543543 -8.328152 -5.144687 -1.472691 1.073044 -1.261354 0.0 0.0 -1e-06
0.0 0.0 0.0 0.0 -0.0 0.0 100.382698 97.044052 109.985207 88.958267 89.407845 87.344505 0.236824 -0.56097 3.622453 -0.415454 -2.547637 -3.735036 -2.377049 -3.645315 6.773812 -0.545449 3.796431 4.903718 1.330366 4.940602 -3.49708 0.526359 8.653761 -9.851304 7.7e-05 -2.3e-05 6e-06 -0.014299 0.13336 -0.011392 0.643597 -3.61137 -10.576092 -0.675401 3.883817 -10.561496 -4.825942 -7.274946 12.273232 -61.981148 0.497639 14.716099 -1.059235 -44.788231 0.783774 -2.096656 0.383447 3.839623 -5.882105 9.861282 0.70259 -10.936867 -0.360575 7.156204 -0.0 8.774822 -0.0 -16.140142 17.961786 6.106435 -1.844033 2.498503 -2.507277 -10.163596 4.678943 4.621107 -20.976017 -2e-06 1e-06 -21.226284 2.451698 -3.594002 1e-06 -5e-06 -2e-06 -1.36268 2.240798 -0.746324 -21.334906 0.58491 3.008324 -13.821206 -1e-06 0.0 -23.887159 -0.249076 -0.839483 -60.708157 2.770938 -1.238014 -0.294025 1.679686 0.833255 -14.218203 0.093214 1.30058 -34.212036 -0.287562 0.967171 -20.033207 0.964538 1.212842 0.0 -0.0 0.0 -3.440387 0.788234 0.501656 -15.928179 -3.167308 2.999706 -6.338825 -1e-06 0.0 -18.123442 3.64818 -4.905669 -3e-06 -0.0 -1e-06 -5.890773 8.710963 5.712898 11.584791 -35.664185 -32.72578 -0.985127 39.636688 0.042642 -26.452473 -23.317076 -15.108467 2.24354 -5.255037 -3.180159 14.282888 -0.826593 6.952502 -3e-06 -12.690605 1e-06 15.545361 -16.983936 2.908704 1.665665 -1.955921 -2.8783 4.727797 -4.170586 4.993924 11.020525 1e-06 -2e-06 12.109048 -3.735714 -2.866784 0.0 0.0 -0.0 1.291982 -1.92855 -1.498089 14.800125 0.56747 3.865606 14.242568 -1.341734 -6.660659 19.631962 0.143929 -0.648243 52.144577 -0.561725 -6.026765 0.353028 -1.511149 -0.031939 20.222786 3.684311 2.316631 18.78727 7e-06 1e-06 10.751625 -0.479868 1.397907 0.0 0.0 1e-06 3.273806 0.305947 -0.580113 21.486809 11.830374 2.266132 8.162924 2e-06 0.0 18.399076 -3.798984 -4.940573 3e-06 -0.0 1e-06 3.143936 2.454157 -0.980775 -0.003305 -0.794624 45.88308 -10.094527 -14.831047 0.264024 1.616788 -1.819774 -1.047588 0.0 0.0 1e-06 0.252606 6.672005 -12.730927 -0.087998 -0.10784 17.054712 -0.72717 -8.89902 -3.475396 -1.471089 1.14985 -1.546853 0.0 0.0 -1e-06
0.0 0.0 0.0 0.0 -0.0 0.0 100.481689 98.460335 109.757462 83.576576 87.027641 83.585785 -1.003676 -0.177471 3.503269 -0.522139 -1.794062 -3.730062 -2.522167 -3.550183 5.703923 -1.148515 4.58159 3.942285 0.989026 4.236053 -3.572889 0.681875 7.6924 -11.356328 7.7e-05 -2.2e-05 6e-06 -0.027907 0.093789 0.007711 0.651616 -3.651583 -10.686192 -0.710391 3.846551 -10.67273 -5.00705 -5.444706 13.121125 -62.820694 1.854976 11.958922 -2.42069 -50.256908 1.447876 -1.663976 -3.17905 3.829095 -5.882111 9.861293 0.70259 -10.93688 -0.360575 7.156209 0.0 8.774831 0.0 -15.98073 18.220055 5.98833 -1.844035 2.498507 -2.507277 -10.16361 4.678948 4.62111 -20.97604 -2e-06 1e-06 -21.226307 2.4517 -3.594005 3e-06 -5e-06 -2e-06 -1.362683 2.2408 -0.746325 -21.334929 0.58491 3.008322 -13.821223 -2e-06 -3e-06 -23.887188 -0.249082 -0.839484 -60.79081 2.741493 -1.332837 -0.294025 1.679688 0.833257 -14.218221 0.093217 1.300579 -34.212082 -0.287568 0.967165 -20.03323 0.964538 1.212843 -0.0 0.0 1e-06 -3.44039 0.788232 0.501655 -15.9282 -3.167311 2.999709 -6.338831 -0.0 0.0 -18.123465 3.648183 -4.905676 -4e-06 2e-06 -1e-06 -10.270905 11.559023 3.550686 24.746002 -36.266506 -44.114368 -5.003622 61.703163 -3.53335 -34.76302 -17.954992 -7.110228 2.243541 -5.255038 -3.180157 14.282896 -0.826596 6.952507 -1e-06 -12.690609 -2e-06 15.382379 -16.240276 3.423659 1.665667 -1.955923 -2.878299 4.727802 -4.170588 4.993927 11.020529 2e-06 3e-06 12.109056 -3.735719 -2.866785 -0.0 0.0 -1e-06 1.291986 -1.928549 -1.498089 14.800132 0.567469 3.865611 14.242576 -1.341738 -6.660659 19.631973 0.143924 -0.648244 49.870857 -0.346291 -5.710696 0.353028 -1.51115 -0.03194 20.222801 3.68431 2.316635 18.787283 1e-06 3e-06 10.751634 -0.47987 1.397907 -0.0 -0.0 -2e-06 3.273806 0.305947 -0.580109 21.486822 11.830377 2.266139 8.16293 1e-06 1e-06 18.399088 -3.798989 -4.940577 4e-06 1e-06 -1e-06 -1.078094 4.535297 -0.624936 0.089988 -0.439938 34.306801 -4.69814 -13.146768 -2.972807 1.59254 -1.776863 -0.759908 -0.0 -0.0 3e-06 -2.156602 3.607127 -10.843386 -0.019802 0.002645 9.225419 -0.295394 -9.137462 -0.187817 -1.448598 1.158427 -1.712148 -0.0 0.0 -1e-06
0.0 0.0 0.0 0.0 -0.0 0.0 100.509087 99.72541 109.59655 85.221565 85.520264 87.052994 -1.65886 0.093019 3.343211 -0.637706 -1.158308 -3.817316 -2.678914 -2.988804 4.972647 -1.56512 5.068096 2.848655 0.652851 3.293193 -3.592566 0.8333 6.548814 -11.682411 7.7e-05 -2.3e-05 6e-06 -0.034934 0.06376 0.021484 0.646004 -3.685798 -10.663193 -0.718998 3.82129 -10.66725 -5.465532 -4.516472 13.635224 -63.724163 3.609992 9.547766 -2.88467 -54.272022 1.822394 -0.404246 -5.077444 4.68192 -5.882107 9.861284 0.70259 -10.936875 -0.360575 7.156208 1e-06 8.774825 -1e-06 -16.253054 18.345045 5.78281 -1.844032 2.498503 -2.507278 -10.163602 4.678945 4.621109 -20.976027 -5e-06 1e-06 -21.22629 2.451696 -3.593998 1e-06 -7e-06 -1e-06 -1.362682 2.240798 -0.746323 -21.334919 0.584907 3.008325 -13.821215 -1e-06 1e-06 -23.887175 -0.249078 -0.839481 -60.82769 2.685555 -1.075885 -0.294025 1.679686 0.833257 -14.218212 0.093215 1.300581 -34.212063 -0.287566 0.967172 -20.033218 0.964535 1.212846 0.0 -0.0 0.0 -3.440389 0.788233 0.501656 -15.928192 -3.16731 2.999709 -6.338829 -2e-06 -1e-06 -18.123453 3.648181 -4.905669 -3e-06 1e-06 -3e-06 -13.227932 13.602256 1.774555 36.762337 -28.31373 -50.513306 -19.640396 81.421646 -18.949596 -31.310331 -13.519294 -5.149604 2.243541 -5.255034 -3.180156 14.282887 -0.826593 6.952503 -3e-06 -12.690598 -0.0 14.238045 -16.710814 3.531896 1.665666 -1.95592 -2.878298 4.727798 -4.170584 4.993923 11.020524 3e-06 0.0 12.10905 -3.735713 -2.866781 -1e-06 0.0 1e-06 1.291985 -1.928548 -1.498088 14.800125 0.567468 3.865608 14.242566 -1.341737 -6.660654 19.631958 0.143927 -0.648244 47.942425 -0.48856 -6.206457 0.353028 -1.511149 -0.03194 20.222786 3.684309 2.316631 18.78727 3e-06 1e-06 10.751623 -0.47987 1.397906 1e-06 3e-06 -2e-06 3.273806 0.305947 -0.58011 21.486809 11.830368 2.266135 8.162923 1e-06 -1e-06 18.399075 -3.798983 -4.940571 5e-06 1e-06 -1e-06 -5.395457 7.345986 0.649859 0.251556 -0.058438 18.957523 -2.40449 -15.21858 -3.806511 1.631909 -1.843776 0.642846 -0.0 -0.0 3e-06 -2.953864 -0.394243 -9.618884 0.14344 -0.284698 2.783129 0.300071 -10.544971 1.454413 -1.415167 1.145764 -1.784714 -0.0 -0.0 -1e-06
0.0 0.0 0.0 0.0 -0.0 0.0 100.161995 100.524246 109.65538 86.741669 86.483917 90.139877 -1.047 0.362308 3.322048 -0.461293 -0.785431 -3.861809 -2.076652 -2.417425 4.927558 -1.92393 5.169079 1.889466 0.475684 2.937271 -3.624104 0.886188 5.602962 -11.651383 7.7e-05 -2.2e-05 6e-06 -0.02606 0.153767 -0.008102 0.640182 -3.593078 -10.661786 -0.69638 3.909866 -10.675071 -5.81189 -4.034954 13.956953 -64.822601 5.019604 7.687825 -2.198838 -56.115795 1.481152 1.044267 -4.814201 6.493079 -5.882105 9.861286 0.702591 -10.936872 -0.360577 7.156202 3e-06 8.774826 1e-06 -16.392721 18.259504 5.53207 -1.844032 2.498503 -2.507278 -10.163598 4.678945 4.621109 -20.976027 -9e-06 -1e-06 -21.226288 2.45169 -3.594 2e-06 -8e-06 -0.0 -1.362682 2.240798 -0.746324 -21.334915 0.584903 3.008322 -13.821216 -8e-06 -2e-06 -23.887173 -0.249086 -0.839484 -60.775948 2.716106 -0.888777 -0.294025 1.679688 0.833258 -14.218208 0.09321 1.300578 -34.212051 -0.287573 0.967169 -20.033215 0.964529 1.212844 -0.0 -2e-06 0.0 -3.440389 0.788233 0.501657 -15.928189 -3.167313 2.999704 -6.338827 -2e-06 -1e-06 -18.123446 3.648178 -4.905672 -3e-06 1e-06 -2e-06 -14.582669 14.865423 0.939398 45.408695 -12.250114 -48.340553 -148.271271 84.651482 -146.726608 -23.873182 -15.927405 -7.4008 2.243544 -5.255044 -3.18016 14.282898 -0.826597 6.952509 2e-06 -12.690609 -2e-06 12.548857 -16.933487 3.86587 1.665667 -1.955923 -2.878301 4.727804 -4.170592 4.993927 11.020534 2e-06 2e-06 12.109056 -3.735723 -2.866786 1e-06 -1e-06 -2e-06 1.291986 -1.92855 -1.498091 14.800136 0.567466 3.865612 14.24258 -1.341742 -6.660662 19.631975 0.143923 -0.648243 47.726604 -0.754134 -6.312478 0.353031 -1.511153 -0.031941 20.222803 3.684308 2.316635 18.787283 0.0 0.0 10.751634 -0.479871 1.397907 -1e-06 0.0 0.0 3.273807 0.305947 -0.58011 21.486828 11.830381 2.266141 8.16293 0.0 2e-06 18.399096 -3.79899 -4.940579 3e-06 0.0 1e-06 -7.917377 9.154921 0.792744 0.320366 0.350751 6.451533 -3.015765 -18.826624 -1.600763 1.605006 -1.919163 1.571816 0.0 0.0 1e-06 -0.367822 -3.7796 -9.801003 0.255779 -0.453607 1.307765 1.153129 -12.031802 1.031105 -1.412447 1.123796 -1.900672 0.0 0.0 -1e-06
0.0 0.0 0.0 0.0 -0.0 0.0 99.433983 100.730644 109.925034 112.767212 89.059547 117.065575 0.327264 0.438992 3.837635 -0.084262 -0.389726 -3.679146 -0.827863 -1.761131 5.582142 -2.139591 5.005663 1.319371 0.280543 2.778909 -3.632671 0.800398 5.0066 -12.312154 7.7e-05 -2.2e-05 6e-06 -0.023402 0.174219 -0.011911 0.621977 -3.576194 -10.657866 -0.674611 3.933275 -10.663352 -5.864838 -3.725055 14.573481 -66.180031 5.646213 5.47331 -0.895768 -56.460133 0.909161 2.85762 -2.996543 8.506255 -5.882109 9.861291 0.70259 -10.936875 -0.360574 7.156205 -2e-06 8.774829 -1e-06 -16.235981 17.982277 5.513641 -1.844033 2.498505 -2.507279 -10.163602 4.678948 4.621109 -20.976027 -0.0 1e-06 -21.226295 2.451699 -3.594005 2e-06 -5e-06 -1e-06 -1.362681 2.240799 -0.746323 -21.334919 0.584913 3.008322 -13.821216 -0.0 0.0 -23.887175 -0.249077 -0.839486 -60.773434 2.800163 -0.949042 -0.294025 1.679686 0.833255 -14.218212 0.093217 1.30058 -34.212051 -0.287555 0.96717 -20.033216 0.964539 1.212841 2e-06 -1e-06 1e-06 -3.44039 0.788235 0.501655 -15.928189 -3.16731 2.999707 -6.338829 -0.0 0.0 -18.123457 3.648186 -4.905674 -5e-06 1e-06 -2e-06 -13.529264 15.52209 1.215823 48.70586 5.121461 -39.902172 -171.199997 83.983696 -169.147598 -23.41593 -19.370209 -9.137405 2.243544 -5.255042 -3.180158 14.282903 -0.826599 6.95251 2e-06 -12.690616 -0.0 12.821724 -16.7211 3.65664 1.665667 -1.955922 -2.8783 4.727805 -4.170592 4.993927 11.020531 0.0 1e-06 12.10906 -3.73572 -2.866785 0.0 0.0 -1e-06 1.291988 -1.928549 -1.49809 14.800136 0.567464 3.865613 14.242582 -1.34174 -6.66066 19.631979 0.143922 -0.648245 47.915657 -0.748098 -5.985441 0.353029 -1.511152 -0.031941 20.222807 3.684306 2.316633 18.787287 -0.0 -0.0 10.751637 -0.479872 1.397907 0.0 -0.0 2e-06 3.273808 0.305946 -0.58011 21.486826 11.830376 2.266136 8.162933 -1e-06 2e-06 18.399099 -3.798992 -4.940579 4e-06 1e-06 -1e-06 -8.334664 8.883735 -1.467573 0.273265 0.538361 2.911184 -3.168653 -23.016356 1.808235 1.582722 -1.743874 1.529793 0.0 1e-06 2e-06 4.230464 -6.347945 -10.641481 0.239621 -0.532708 4.566791 -0.093129 -14.567069 0.651311 -1.459673 1.098578 -2.092127 0.0 0.0 -1e-06
0.0 0.0 0.0 0.0 -0.0 0.0 98.518303 100.486839 110.152267 -123.021393 88.476074 -118.117729 1.154774 0.477456 4.648061 0.286055 0.075026 -3.479462 0.424602 -1.095046 6.588065 -2.427663 5.028608 0.749765 0.211812 2.498875 -3.66905 0.71435 4.738135 -13.305822 7.7e-05 -2.2e-05 6e-06 -0.015698 0.098846 -0.001735 0.598924 -3.669401 -10.687237 -0.640673 3.874438 -10.688857 -6.065532 -2.904119 15.316541 -67.39682 6.369393 1.623492 -0.610573 -56.689705 0.832329 5.32029 -1.072142 11.524541 -5.882108 9.861287 0.702589 -10.936878 -0.360577 7.156206 2e-06 8.774828 1e-06 -16.160301 17.722813 5.526449 -1.844032 2.498506 -2.507279 -10.163604 4.678946 4.621109 -20.976034 -7e-06 2e-06 -21.226299 2.451694 -3.593999 1e-06 -6e-06 -0.0 -1.362681 2.240799 -0.746324 -21.334925 0.584907 3.008322 -13.821221 -4e-06 2e-06 -23.887182 -0.249082 -0.839481 -60.673752 2.846508 -0.970971 -0.294024 1.679688 0.833256 -14.218217 0.093214 1.300578 -34.21207 -0.287569 0.967169 -20.033226 0.964535 1.212846 2e-06 1e-06 0.0 -3.440389 0.788235 0.501657 -15.928194 -3.167313 2.999708 -6.338829 -2e-06 -2e-06 -18.123457 3.648182 -4.905671 -5e-06 -0.0 -3e-06 -11.760952 16.288576 2.048898 48.291962 20.232193 -28.1423 7.095534 86.313736 8.971953 -27.001183 -19.474354 -13.951688 2.243541 -5.255038 -3.180158 14.282896 -0.826597 6.952507 -1e-06 -12.690609 -2e-06 14.020877 -16.710443 3.307623 1.665665 -1.955923 -2.878299 4.727801 -4.170589 4.993927 11.020528 2e-06 -2e-06 12.109055 -3.735719 -2.866786 0.0 -0.0 -0.0 1.291986 -1.92855 -1.498091 14.800134 0.567467 3.865611 14.242577 -1.341738 -6.660659 19.631973 0.143924 -0.648245 47.909012 -0.536255 -6.132126 0.353028 -1.511152 -0.031941 20.222799 3.684309 2.316633 18.787279 2e-06 0.0 10.751632 -0.47987 1.397907 0.0 1e-06 0.0 3.273808 0.305947 -0.580111 21.48682 11.830379 2.266137 8.16293 0.0 0.0 18.399088 -3.798989 -4.940577 3e-06 0.0 -2e-06 -8.076874 7.416475 -3.433325 0.10746 0.505485 3.077293 3.579353 -25.011505 0.44982 1.628249 -1.525982 0.912146 0.0 1e-06 2e-06 7.984951 -8.530634 -12.38033 0.103382 -0.682692 10.044715 -2.373401 -19.369902 -0.937511 -1.512791 1.062896 -2.265874 0.0 0.0 -1e-06
0.0 0.0 0.0 0.0 -0.0 0.0 97.973732 99.90004 110.769783 -124.115547 87.279549 -118.010208 1.397687 0.448836 5.27771 0.521786 0.583149 -3.242034 1.159786 -0.158763 7.525264 -2.907434 4.679724 -0.162349 0.47729 2.536213 -3.612317 0.192486 4.463303 -14.923352 7.7e-05 -2.3e-05 6e-06 -0.006561 0.011207 0.006049 0.56956 -3.80103 -10.826249 -0.595065 3.825916 -10.836711 -6.468264 -2.491119 16.397255 -67.728653 7.688245 -3.313715 -1.218574 -58.07893 0.771473 7.297244 0.189056 14.440784 -5.882107 9.861286 0.702591 -10.936871 -0.360574 7.156204 0.0 8.774825 0.0 -16.480078 17.786497 5.705325 -1.844032 2.498505 -2.507277 -10.1636 4.678946 4.621106 -20.976021 -2e-06 2e-06 -21.226286 2.451697 -3.594001 2e-06 -6e-06 -1e-06 -1.362683 2.240798 -0.746323 -21.334913 0.584911 3.008322 -13.821213 -1e-06 2e-06 -23.887167 -0.249078 -0.839486 -61.288742 3.107426 -1.254038 -0.294024 1.679688 0.833256 -14.218207 0.093216 1.300581 -34.212048 -0.287561 0.967168 -20.033213 0.964538 1.212841 1e-06 -0.0 0.0 -3.440388 0.788234 0.501656 -15.928185 -3.167308 2.999705 -6.338826 -1e-06 0.0 -18.123444 3.648185 -4.905671 -3e-06 0.0 -3e-06 -10.129332 17.225674 3.277518 45.950539 33.776852 -18.160109 6.912043 68.897766 7.050285 -29.072315 -17.970303 -25.069736 2.243541 -5.255036 -3.180157 14.282887 -0.826593 6.952501 -3e-06 -12.690603 0.0 14.234899 -16.600182 3.59031 1.665665 -1.955921 -2.878298 4.727797 -4.170586 4.993923 11.020523 4e-06 -1e-06 12.10905 -3.735714 -2.866784 -0.0 0.0 -0.0 1.291985 -1.928549 -1.498089 14.800123 0.567469 3.865607 14.242566 -1.341736 -6.660657 19.63196 0.143927 -0.648244 48.055271 -0.41831 -6.069331 0.353029 -1.51115 -0.031941 20.222786 3.68431 2.31663 18.78727 5e-06 0.0 10.751626 -0.479868 1.397906 -1e-06 0.0 1e-06 3.273805 0.305947 -0.58011 21.486809 11.830376 2.266133 8.162926 3e-06 -0.0 18.399076 -3.798985 -4.940575 3e-06 0.0 -1e-06 -7.321278 5.676791 -5.431337 0.119288 0.162231 3.360372 4.26089 -26.555828 -2.735543 1.577291 -1.516991 3.339066 0.0 -0.0 2e-06 10.06723 -10.489949 -14.624516 0.142726 -0.892115 12.367647 -4.608133 -25.679327 -3.519126 -1.498459 0.9635 -1.569448 -0.0 -0.0 -1e-06
0.0 0.0 0.0 0.0 -0.0 0.0 97.247688 99.561401 110.595833 -147.877975 87.143227 -139.998917 0.854141 0.397661 5.47798 0.433303 1.172362 -3.206124 1.182165 0.958896 8.538947 -3.394039 4.504281 -1.585511 0.511305 0.548345 -3.685346 0.223264 4.01959 -16.414759 7.7e-05 -2.3e-05 6e-06 -0.043237 -0.1533 0.034842 0.517152 -3.942323 -10.671605 -0.615236 3.633064 -10.700272 -8.527582 -2.052111 15.90115 -65.040878 10.004267 -6.130816 -2.102082 -60.928593 0.380232 8.32856 -0.343336 15.899127 -5.882109 9.861289 0.702591 -10.936877 -0.360575 7.156208 1e-06 8.77483 -1e-06 -16.871628 18.266155 5.956375 -1.844034 2.498505 -2.507278 -10.163604 4.678946 4.621111 -20.976034 -4e-06 2e-06 -21.226299 2.451699 -3.594 -1e-06 -6e-06 0.0 -1.362681 2.240799 -0.746324 -21.334925 0.584909 3.008325 -13.821219 -3e-06 3e-06 -23.88718 -0.249079 -0.839482 -61.91053 3.432657 -1.382051 -0.294025 1.679687 0.833256 -14.218214 0.093214 1.300582 -34.212063 -0.287564 0.967171 -20.033218 0.964537 1.212844 0.0 1e-06 1e-06 -3.440389 0.788233 0.501656 -15.928194 -3.167311 2.999707 -6.338829 -1e-06 1e-06 -18.123453 3.648184 -4.905672 -3e-06 0.0 -3e-06 -5.785584 18.082834 6.225086 38.337475 44.683048 -12.276404 4.110539 54.75016 3.512433 -28.734917 -17.92061 -35.86536 2.243543 -5.255044 -3.180161 14.282902 -0.826597 6.952512 -1e-06 -12.690619 -1e-06 14.081371 -16.718851 4.191878 1.665667 -1.955924 -2.878302 4.727804 -4.170592 4.99393 11.020535 2e-06 -1e-06 12.109061 -3.735721 -2.866787 1e-06 0.0 -0.0 1.291987 -1.928552 -1.498091 14.80014 0.567468 3.865614 14.242583 -1.341738 -6.660665 19.631979 0.143925 -0.648244 49.464836 -0.488658 -6.007022 0.353029 -1.511152 -0.03194 20.222805 3.684312 2.316636 18.787289 2e-06 1e-06 10.751636 -0.47987 1.397908 -1e-06 -0.0 -0.0 3.273808 0.305947 -0.580111 21.48683 11.830386 2.26614 8.162932 0.0 1e-06 18.399099 -3.798993 -4.940578 3e-06 0.0 -1e-06 -8.962771 3.950977 -9.263505 0.143863 -0.059913 5.575508 1.482546 -28.307566 -0.966656 1.481062 -1.78407 4.279865 0.0 -0.0 2e-06 9.784069 -12.137018 -17.379826 0.229089 -1.033816 12.87667 -5.617537 -27.363018 -5.024155 -1.454829 0.725514 0.044591 -0.0 1e-06 -1e-06
0.0 0.0 0.0 0.0 -0.0 0.0 96.928413 99.706749 111.192772 -145.126434 86.700455 -136.233063 1.196623 0.395473 5.491327 0.575141 2.228413 -3.122128 1.606557 1.571496 10.818654 -3.329704 4.077752 -3.3105 -0.045109 1.437413 -3.817051 -0.521336 2.60968 -18.083076 7.7e-05 -2.2e-05 6e-06 -0.014387 -0.013179 -0.00273 0.562791 -3.768876 -10.701853 -0.602178 3.73869 -10.692915 -12.46654 -1.111629 15.289394 -60.534794 11.166725 -5.855952 -1.100113 -62.773647 0.056541 12.360179 -3.22004 14.464665 -5.882113 9.861295 0.702592 -10.936881 -0.360574 7.15621 0.0 8.774834 1e-06 -16.463112 17.974335 6.471887 -1.844034 2.498506 -2.507279 -10.16361 4.678952 4.621111 -20.976044 -2e-06 2e-06 -21.226309 2.4517 -3.594003 -0.0 -5e-06 2e-06 -1.36268 2.240799 -0.746323 -21.33493 0.584912 3.008325 -13.821225 -2e-06 1e-06 -23.887188 -0.249078 -0.839486 -62.317692 2.90769 -0.657025 -0.294024 1.679688 0.833257 -14.218221 0.093216 1.300581 -34.212082 -0.287563 0.967168 -20.03323 0.964537 1.212842 2e-06 0.0 1e-06 -3.440392 0.788234 0.501656 -15.928201 -3.16731 2.999709 -6.338832 -1e-06 1e-06 -18.123463 3.648187 -4.905674 -5e-06 -0.0 -3e-06 -2.445416 19.85218 7.826165 29.523764 51.110039 -11.699563 3.84243 47.475685 2.545866 -27.091122 -19.385902 -31.203894 2.243544 -5.255041 -3.180161 14.2829 -0.826598 6.952509 -0.0 -12.690616 1e-06 14.820795 -16.403305 3.537713 1.665667 -1.955925 -2.878302 4.727803 -4.170592 4.993929 11.020535 0.0 -1e-06 12.109058 -3.73572 -2.866787 -2e-06 -1e-06 0.0 1.291987 -1.928552 -1.49809 14.800136 0.567467 3.865611 14.242582 -1.341739 -6.660665 19.631977 0.143923 -0.648247 48.916843 -0.413279 -6.099734 0.353029 -1.511152 -0.031939 20.222803 3.68431 2.316634 18.787287 1e-06 -2e-06 10.751634 -0.479872 1.397907 -0.0 0.0 -0.0 3.273809 0.305946 -0.580112 21.486824 11.830382 2.266137 8.162932 0.0 -0.0 18.399099 -3.798991 -4.94058 5e-06 0.0 -0.0 -8.833887 5.767711 -11.400884 0.28568 0.127151 6.993172 6.0662 -26.848141 -3.837987 1.526561 -1.528445 3.846643 0.0 2e-06 2e-06 10.389638 -8.435493 -17.310522 0.010941 -1.177 10.137853 -6.317166 -24.301844 -3.176568 -1.435629 1.090962 0.128858 -0.0 -0.0 -1e-06
0.0 0.0 0.0 0.0 -0.0 0.0 96.539093 99.810242 111.284782 -133.925415 87.468353 -123.281937 1.539032 0.813865 6.07132 0.579375 2.874563 -2.882837 1.316709 2.417351 10.964787 -3.693496 4.350174 -4.241038 -0.242799 0.56555 -3.914116 -0.895402 1.730556 -20.399986 7.7e-05 -2.3e-05 6e-06 -0.013389 -0.050165 0.029686 0.620417 -3.784704 -10.696248 -0.656489 3.680079 -10.663207 -11.133931 0.708867 15.704506 -64.104813 10.706098 -6.70303 -0.471749 -62.72094 0.220523 13.618121 -4.903842 12.571833 -5.882108 9.861286 0.70259 -10.936877 -0.360577 7.156209 4e-06 8.774828 -1e-06 -16.265728 17.854267 6.147004 -1.844032 2.498505 -2.507279 -10.163608 4.678944 4.62111 -20.976038 -6e-06 3e-06 -21.226299 2.451695 -3.593999 -1e-06 -6e-06 -0.0 -1.362682 2.240798 -0.746324 -21.334929 0.584907 3.008325 -13.821222 -4e-06 4e-06 -23.887184 -0.249081 -0.839481 -61.206676 2.753564 -0.611488 -0.294024 1.679687 0.833256 -14.218217 0.093212 1.300581 -34.212067 -0.287567 0.967175 -20.03323 0.964536 1.212847 1e-06 -0.0 0.0 -3.44039 0.788234 0.501656 -15.928198 -3.167311 2.99971 -6.33883 -2e-06 0.0 -18.123457 3.648181 -4.905672 -5e-06 0.0 -3e-06 -7.44701 21.358925 6.950215 34.210308 55.336655 -10.370992 1.913576 45.983154 1.927352 -32.373646 -17.587543 -27.096844 2.243543 -5.255041 -3.180161 14.2829 -0.826596 6.952511 0.0 -12.690616 0.0 14.553289 -16.690332 3.470714 1.665667 -1.955923 -2.878302 4.727802 -4.17059 4.993931 11.020533 3e-06 -1e-06 12.10906 -3.73572 -2.866786 1e-06 -0.0 1e-06 1.291986 -1.928551 -1.49809 14.800139 0.567468 3.865613 14.242582 -1.341737 -6.660665 19.631977 0.143925 -0.648244 48.599934 -0.354198 -6.15418 0.353029 -1.511152 -0.031941 20.222805 3.684312 2.316634 18.787289 2e-06 2e-06 10.751636 -0.479871 1.397908 0.0 -2e-06 0.0 3.273809 0.305947 -0.58011 21.486832 11.830384 2.266138 8.162936 0.0 1e-06 18.399096 -3.79899 -4.940577 4e-06 0.0 0.0 -9.095829 5.453953 -13.307205 0.294896 0.197455 6.385081 8.691788 -23.230259 -4.604062 1.548138 -1.498247 3.306677 0.0 -0.0 2e-06 10.231302 -5.774646 -18.894743 0.124494 -1.011517 9.102057 -5.797681 -20.435085 -2.33502 -1.438908 1.184213 0.079885 0.0 0.0 -1e-06
0.0 0.0 0.0 0.0 -0.0 0.0 96.586151 99.870384 111.465279 -131.45224 87.443039 -119.775032 1.763224 0.885993 6.24177 0.597951 3.137469 -2.78751 1.101614 3.082854 11.09875 -3.74494 4.222128 -4.760687 -0.272494 -0.06961 -3.965522 -0.929225 1.249543 -20.44173 7.7e-05 -2.3e-05 6e-06 -0.004737 -0.114759 0.047329 0.636194 -3.844629 -10.699903 -0.654779 3.610954 -10.663331 -11.246452 1.421863 15.984728 -65.792404 11.837741 -7.682076 0.716724 -63.530731 -0.638786 13.806029 -6.099756 9.783941 -5.882105 9.861284 0.70259 -10.93687 -0.360575 7.156206 -0.0 8.774825 -2e-06 -16.178726 17.836033 6.028533 -1.844032 2.498505 -2.507278 -10.163599 4.678945 4.621109 -20.976021 -2e-06 3e-06 -21.226282 2.451698 -3.594001 0.0 -6e-06 -0.0 -1.362681 2.240798 -0.746324 -21.334909 0.58491 3.008324 -13.821212 -2e-06 2e-06 -23.887165 -0.249077 -0.839483 -60.89077 2.730604 -0.74494 -0.294026 1.679687 0.833256 -14.218205 0.093215 1.300581 -34.212044 -0.287562 0.967171 -20.033209 0.964538 1.212843 2e-06 0.0 0.0 -3.440388 0.788233 0.501656 -15.928183 -3.16731 2.999709 -6.338825 -1e-06 1e-06 -18.123444 3.648183 -4.905669 -4e-06 -0.0 -2e-06 -8.294748 22.376617 6.863407 34.02824 58.341583 -8.290182 1.839142 44.191116 1.775242 -34.030792 -17.505589 -23.518143 2.243542 -5.255037 -3.180159 14.282889 -0.826595 6.952504 0.0 -12.690603 -0.0 14.656707 -16.907642 3.459441 1.665666 -1.955922 -2.878299 4.7278 -4.170587 4.993924 11.020526 0.0 -2e-06 12.109053 -3.735718 -2.866785 0.0 -0.0 1e-06 1.291986 -1.92855 -1.498088 14.800129 0.567466 3.865609 14.242569 -1.341739 -6.660658 19.631962 0.143923 -0.648245 48.852333 -0.439274 -6.131072 0.353029 -1.51115 -0.03194 20.222794 3.684307 2.316632 18.78727 2e-06 -1e-06 10.751629 -0.47987 1.397907 0.0 1e-06 0.0 3.273807 0.305946 -0.58011 21.486809 11.830372 2.266135 8.162926 -0.0 1e-06 18.399088 -3.798988 -4.940575 5e-06 0.0 -1e-06 -8.94232 5.0715 -14.532017 0.218978 0.310292 6.557045 9.389097 -20.450228 -4.898958 1.547462 -1.607777 2.916996 -0.0 0.0 2e-06 10.373991 -4.570365 -19.289202 0.169083 -0.937298 7.786646 -5.876103 -17.528353 -1.583405 -1.450125 1.157937 -0.075192 -0.0 -0.0 -1e-06
0.0 0.0 0.0 0.0 -0.0 0.0 96.802856 99.877769 111.615051 -128.465256 87.509979 -116.54023 1.856904 0.897957 6.244232 0.571347 3.32905 -2.763356 1.00584 3.473605 11.411325 -3.75592 4.107057 -5.000094 -0.248088 -0.356641 -3.980939 -0.879273 0.854574 -20.210096 7.7e-05 -2.2e-05 6e-06 -0.008269 -0.111521 0.029661 0.632501 -3.844792 -10.73312 -0.65838 3.616901 -10.70057 -12.108563 1.671615 16.14052 -66.09623 12.897446 -8.443141 1.341478 -63.570526 -1.042452 13.961535 -6.868762 8.075114 -5.882111 9.861294 0.702592 -10.936878 -0.360573 7.156208 1e-06 8.774833 0.0 -16.11064 17.884941 6.10183 -1.844035 2.498505 -2.507279 -10.163608 4.678951 4.621111 -20.97604 -2e-06 -1e-06 -21.226305 2.451699 -3.594006 1e-06 -6e-06 -0.0 -1.362683 2.240801 -0.746324 -21.33493 0.584913 3.008322 -13.821223 -1e-06 0.0 -23.887188 -0.249078 -0.839488 -60.874252 2.695258 -0.736768 -0.294024 1.679689 0.833257 -14.218222 0.093218 1.300579 -34.212082 -0.287563 0.967165 -20.03323 0.964537 1.212842 1e-06 0.0 -1e-06 -3.440391 0.788235 0.501656 -15.928201 -3.16731 2.999707 -6.338831 -0.0 1e-06 -18.123463 3.648187 -4.905676 -4e-06 0.0 -1e-06 -7.774707 22.980192 7.304298 32.260414 60.672523 -6.226352 1.568355 42.616405 1.173765 -34.487968 -18.197495 -20.029945 2.243544 -5.255043 -3.180161 14.282902 -0.826599 6.952513 1e-06 -12.690619 2e-06 14.993765 -17.002037 3.441979 1.665668 -1.955923 -2.878302 4.727803 -4.170593 4.993929 11.020536 -0.0 -3e-06 12.109062 -3.735719 -2.866789 -0.0 -1e-06 1e-06 1.291987 -1.928552 -1.498091 14.800142 0.567465 3.865612 14.242587 -1.34174 -6.660665 19.631985 0.143921 -0.648248 49.511581 -0.621729 -6.144358 0.35303 -1.511152 -0.031939 20.222803 3.684308 2.316633 18.787289 -0.0 -3e-06 10.751639 -0.479871 1.397906 3e-06 -0.0 0.0 3.273809 0.305947 -0.580111 21.486828 11.830382 2.266137 8.162932 -1e-06 0.0 18.399099 -3.798995 -4.940582 3e-06 2e-06 -1e-06 -8.867535 5.293716 -14.841957 0.190899 0.446436 6.851344 9.545228 -18.771465 -5.256406 1.537809 -1.611763 2.701747 0.0 -0.0 2e-06 10.460629 -4.217253 -19.158539 0.205523 -0.799657 7.31767 -5.891642 -15.640638 -1.445658 -1.450838 1.15363 0.050441 0.0 0.0 -1e-06
0.0 0.0 0.0 0.0 -0.0 0.0 97.084801 99.883621 111.719551 -126.178856 87.70433 -114.366905 1.816615 0.913646 6.133467 0.502035 3.50285 -2.764504 0.939996 3.560695 11.670866 -3.714031 4.026209 -5.210296 -0.241948 -0.375489 -3.985919 -0.820258 0.594845 -20.044178 7.7e-05 -2.3e-05 6e-06 -0.012474 -0.076352 0.015756 0.634045 -3.811256 -10.754178 -0.668136 3.653773 -10.724295 -12.810054 1.792712 16.203766 -66.206306 13.426575 -8.923968 1.405363 -62.729237 -0.996396 14.002705 -7.339918 6.650123 -5.882106 9.861285 0.702592 -10.936873 -0.360575 7.156205 1e-06 8.774825 0.0 -16.004755 17.944838 6.185528 -1.844032 2.498504 -2.507277 -10.163601 4.678945 4.621109 -20.976025 -3e-06 3e-06 -21.226288 2.451698 -3.593998 1e-06 -6e-06 -0.0 -1.362682 2.240798 -0.746323 -21.334917 0.584909 3.008323 -13.821215 -3e-06 2e-06 -23.887171 -0.249078 -0.839482 -60.842751 2.623875 -0.748821 -0.294024 1.679686 0.833256 -14.21821 0.093215 1.300581 -34.212051 -0.287562 0.967171 -20.033213 0.964537 1.212844 1e-06 0.0 0.0 -3.440387 0.788233 0.501655 -15.928187 -3.167309 2.999707 -6.338827 -2e-06 1e-06 -18.123447 3.648184 -4.90567 -4e-06 0.0 -2e-06 -7.48004 23.065584 7.677981 31.766121 62.165623 -4.632718 1.278984 42.347912 0.765018 -35.115974 -18.824762 -16.816801 2.243542 -5.255038 -3.180158 14.282889 -0.826597 6.952503 0.0 -12.690606 1e-06 15.37136 -17.080215 3.459142 1.665667 -1.955922 -2.878301 4.727799 -4.170589 4.993923 11.020524 1e-06 -2e-06 12.109053 -3.735719 -2.866787 -1e-06 -0.0 1e-06 1.291986 -1.928551 -1.498088 14.800125 0.567466 3.865608 14.242571 -1.34174 -6.660661 19.631962 0.143923 -0.648246 50.140507 -0.78545 -6.159985 0.353029 -1.511151 -0.031941 20.22279 3.684308 2.316629 18.78727 4e-06 -2e-06 10.751627 -0.479868 1.397906 1e-06 -0.0 0.0 3.273807 0.305946 -0.580107 21.486811 11.830372 2.266134 8.162925 0.0 0.0 18.399082 -3.798987 -4.940578 4e-06 0.0 -1e-06 -8.924642 5.681398 -14.297355 0.223234 0.550546 6.372437 9.428924 -17.415037 -5.352813 1.532453 -1.584424 2.530772 0.0 0.0 2e-06 10.370417 -4.099285 -18.844616 0.207427 -0.694491 7.314135 -5.857722 -14.139254 -1.593398 -1.439068 1.16508 0.25214 0.0 0.0 -1e-06
0.0 0.0 0.0 0.0 -0.0 0.0 97.415344 99.896553 111.804489 -126.062973 87.872009 -114.519791 1.771008 0.932417 5.976329 0.436585 3.596907 -2.804788 0.830624 3.433978 11.794366 -3.626963 4.016738 -5.344698 -0.221152 -0.305226 -3.988331 -0.762666 0.470607 -19.859396 7.7e-05 -2.3e-05 6e-06 -0.010572 -0.039601 0.014494 0.650598 -3.773325 -10.756226 -0.680332 3.69085 -10.726901 -13.123112 1.834278 16.287516 -66.517105 13.498612 -9.054949 1.400025 -61.433132 -0.954709 13.824371 -7.618865 5.347443 -5.882111 9.861297 0.702594 -10.936878 -0.360573 7.156212 0.0 8.774835 1e-06 -15.969305 18.019632 6.232018 -1.844035 2.498507 -2.507279 -10.163609 4.678953 4.621114 -20.976038 -1e-06 3e-06 -21.226303 2.451702 -3.594002 1e-06 -6e-06 -0.0 -1.362679 2.240801 -0.746323 -21.334929 0.584913 3.008327 -13.821224 -1e-06 3e-06 -23.887186 -0.249075 -0.839484 -60.817547 2.565508 -0.749622 -0.294026 1.67969 0.833257 -14.218219 0.093216 1.300583 -34.212074 -0.287559 0.967171 -20.033228 0.96454 1.212843 3e-06 0.0 0.0 -3.440392 0.788235 0.501656 -15.928201 -3.167311 2.999711 -6.338832 0.0 1e-06 -18.123463 3.64819 -4.905674 -4e-06 0.0 -2e-06 -7.710692 22.706413 7.828985 32.909992 62.836163 -3.954706 1.172415 43.743866 0.730954 -36.274761 -18.61706 -14.336214 2.243544 -5.255042 -3.18016 14.282898 -0.826597 6.952508 0.0 -12.690616 0.0 15.629704 -17.208406 3.451858 1.665667 -1.955923 -2.878301 4.727801 -4.170592 4.993927 11.020532 1e-06 -2e-06 12.10906 -3.735725 -2.866788 1e-06 -2e-06 -2e-06 1.291986 -1.928551 -1.49809 14.800136 0.567467 3.865611 14.242582 -1.34174 -6.660662 19.631977 0.143921 -0.648248 50.462551 -0.837637 -6.1604 0.353029 -1.511152 -0.031941 20.222801 3.684309 2.316632 18.787283 2e-06 -2e-06 10.751634 -0.47987 1.397906 0.0 1e-06 0.0 3.273809 0.305947 -0.58011 21.486818 11.83038 2.266137 8.16293 -1e-06 -0.0 18.399094 -3.798992 -4.940583 4e-06 0.0 -1e-06 -8.968147 5.950859 -13.309877 0.249128 0.628628 5.438996 9.266095 -15.933741 -5.265847 1.537015 -1.585559 2.348906 -0.0 0.0 2e-06 10.227774 -4.064787 -18.341677 0.18412 -0.640337 7.319629 -5.768715 -12.81123 -1.804231 -1.426657 1.148605 0.3317 0.0 1e-06 -1e-06
0.0 0.0 0.0 0.0 -0.0 0.0 97.78067 99.907455 111.889175 -128.000427 87.978027 -116.730095 1.758191 0.933155 5.778008 0.387245 3.593916 -2.903541 0.67635 3.214585 11.766255 -3.538092 4.032394 -5.324274 -0.165553 -0.232399 -3.987665 -0.674247 0.47399 -19.505859 7.7e-05 -2.3e-05 6e-06 -0.005968 -0.02417 0.024807 0.668843 -3.756521 -10.745878 -0.68895 3.706459 -10.720675 -13.214787 1.789273 16.382353 -66.899147 13.444092 -8.989081 1.430663 -60.190361 -1.00916 13.308848 -7.828626 4.21206 -5.88211 9.86129 0.702591 -10.936878 -0.360574 7.156209 1e-06 8.77483 0.0 -15.997041 18.063105 6.237937 -1.844033 2.498505 -2.507279 -10.163604 4.678948 4.621111 -20.976034 -3e-06 1e-06 -21.226299 2.451697 -3.594002 0.0 -6e-06 -0.0 -1.362681 2.240799 -0.746324 -21.334927 0.58491 3.008323 -13.821221 -2e-06 1e-06 -23.887184 -0.249079 -0.839485 -60.799648 2.534573 -0.783998 -0.294023 1.679688 0.833257 -14.218216 0.093216 1.30058 -34.212067 -0.287564 0.967169 -20.033226 0.964536 1.212843 2e-06 0.0 -0.0 -3.440391 0.788234 0.501655 -15.928194 -3.167311 2.999708 -6.33883 -1e-06 1e-06 -18.123459 3.648185 -4.905673 -4e-06 0.0 -2e-06 -8.15107 22.092213 7.887334 34.327496 62.984455 -4.0569 1.242814 45.808475 0.895306 -37.351921 -18.244989 -12.757133 2.243542 -5.255037 -3.180157 14.282887 -0.826597 6.9525 2e-06 -12.690601 -2e-06 15.676618 -17.328506 3.452222 1.665666 -1.955922 -2.878298 4.727798 -4.170586 4.993919 11.020524 1e-06 -2e-06 12.109052 -3.735716 -2.866785 -1e-06 -1e-06 -1e-06 1.291986 -1.928549 -1.498088 14.800122 0.567466 3.865604 14.242569 -1.341738 -6.660658 19.631962 0.143923 -0.648247 50.442074 -0.83464 -6.184323 0.353029 -1.51115 -0.03194 20.222786 3.684306 2.316627 18.78727 3e-06 -5e-06 10.751625 -0.47987 1.397904 1e-06 1e-06 0.0 3.273806 0.305947 -0.580109 21.486801 11.830366 2.266131 8.162921 1e-06 -2e-06 18.399076 -3.798984 -4.940577 3e-06 2e-06 -1e-06 -8.971714 6.069667 -12.313347 0.235544 0.69057 4.525107 9.108051 -14.349266 -5.121394 1.543896 -1.618475 2.133903 -0.0 0.0 2e-06 10.107482 -4.165178 -17.818863 0.170564 -0.610988 7.326787 -5.595114 -11.533158 -2.06791 -1.422988 1.10857 0.275123 0.0 0.0 -1e-06
0.0 0.0 0.0 0.0 -0.0 0.0 98.161926 99.92247 111.990829 -132.337067 88.021767 -121.343803 1.754544 0.903465 5.53422 0.357298 3.507496 -3.046531 0.504094 3.002282 11.689405 -3.381232 4.025196 -5.168746 -0.148237 -0.180873 -3.983014 -0.541166 0.514891 -18.967718 7.7e-05 -2.2e-05 6e-06 -0.002267 -0.028883 0.035031 0.677105 -3.758185 -10.724908 -0.68969 3.699458 -10.705083 -13.353137 1.645918 16.46434 -67.003426 13.395133 -8.775742 1.428705 -59.16148 -1.069956 12.644457 -7.965481 3.188281 -5.882105 9.861283 0.70259 -10.936868 -0.360574 7.156202 1e-06 8.774822 -0.0 -16.02762 18.082285 6.232813 -1.844033 2.498504 -2.507277 -10.163597 4.678944 4.621106 -20.976021 -4e-06 -0.0 -21.226282 2.451695 -3.594001 2e-06 -6e-06 -0.0 -1.362681 2.240797 -0.746323 -21.334906 0.584909 3.00832 -13.82121 -3e-06 1e-06 -23.887167 -0.24908 -0.839485 -60.771084 2.532979 -0.851104 -0.294025 1.679686 0.833255 -14.218205 0.093216 1.300579 -34.212036 -0.287565 0.967167 -20.033209 0.964535 1.212842 -0.0 1e-06 -0.0 -3.440387 0.788233 0.501655 -15.928183 -3.167309 2.999705 -6.338824 -1e-06 1e-06 -18.123444 3.648182 -4.905671 -4e-06 -0.0 -2e-06 -8.413359 21.397148 7.950751 34.855652 62.746311 -4.711569 1.438409 47.694511 1.069537 -37.891342 -18.20154 -11.914081 2.243543 -5.255037 -3.180159 14.282893 -0.826598 6.952503 -1e-06 -12.690607 1e-06 15.659983 -17.424477 3.469115 1.665666 -1.955922 -2.8783 4.727799 -4.17059 4.993926 11.020528 1e-06 -2e-06 12.109055 -3.735717 -2.866786 -1e-06 0.0 0.0 1.291986 -1.92855 -1.498089 14.800131 0.567464 3.865607 14.242576 -1.341737 -6.66066 19.631969 0.143924 -0.648247 50.321667 -0.858376 -6.222564 0.35303 -1.511151 -0.03194 20.222792 3.684305 2.316629 18.787273 1e-06 -4e-06 10.751629 -0.47987 1.397905 1e-06 -0.0 0.0 3.273808 0.305947 -0.58011 21.486813 11.830374 2.26613 8.162927 1e-06 -1e-06 18.399088 -3.798988 -4.940579 3e-06 1e-06 -1e-06 -8.975204 6.173345 -11.321806 0.210791 0.733673 3.621511 8.86228 -12.965959 -4.88715 1.551729 -1.662855 1.960788 0.0 -0.0 2e-06 10.010361 -4.364362 -17.224318 0.161162 -0.58926 7.21002 -5.416248 -10.426877 -2.299945 -1.424122 1.066211 0.188826 0.0 0.0 -1e-06
0.0 0.0 0.0 0.0 -0.0 0.0 98.481277 99.94062 112.10334 -136.426468 88.082146 -125.724014 1.741222 0.849548 5.275419 0.331345 3.411277 -3.184522 0.343519 2.856241 11.600668 -3.190986 3.990971 -4.956206 -0.160621 -0.130324 -3.975235 -0.447255 0.495708 -18.351797 7.7e-05 -2.3e-05 6e-06 -0.000785 -0.045142 0.031957 0.675919 -3.773528 -10.713628 -0.685656 3.682751 -10.699508 -13.537343 1.485675 16.436172 -66.829514 13.446066 -8.249934 1.519691 -58.275475 -1.147191 12.05749 -7.988244 2.541596 -5.882102 9.861284 0.702592 -10.936868 -0.360574 7.1562 -0.0 8.774824 -0.0 -16.054249 18.11454 6.237778 -1.844032 2.498504 -2.507276 -10.163596 4.678944 4.621106 -20.976017 -3e-06 1e-06 -21.22628 2.451697 -3.594 1e-06 -6e-06 -0.0 -1.362681 2.240798 -0.746323 -21.334906 0.58491 3.008321 -13.82121 -2e-06 1e-06 -23.887165 -0.249079 -0.839484 -60.752613 2.548985 -0.913521 -0.294025 1.679688 0.833256 -14.218203 0.093216 1.300579 -34.212036 -0.287564 0.967167 -20.033209 0.964535 1.212841 1e-06 0.0 -0.0 -3.440388 0.788234 0.501655 -15.928181 -3.167308 2.999705 -6.338824 -1e-06 1e-06 -18.123444 3.648185 -4.90567 -3e-06 0.0 -2e-06 -8.398017 20.773798 8.030145 34.377377 62.335312 -5.418168 1.656333 48.980892 1.151184 -37.790756 -18.273018 -11.290371 2.243543 -5.25504 -3.180159 14.282894 -0.826596 6.952505 0.0 -12.69061 -1e-06 15.693922 -17.464088 3.479783 1.665667 -1.955923 -2.878298 4.727799 -4.170589 4.993926 11.020528 1e-06 -2e-06 12.109053 -3.735717 -2.866786 -1e-06 -0.0 -1e-06 1.291986 -1.928551 -1.498091 14.800132 0.567467 3.865611 14.242574 -1.341738 -6.660661 19.631973 0.143924 -0.648245 50.332642 -0.879809 -6.245626 0.35303 -1.511151 -0.03194 20.222792 3.684308 2.316633 18.787273 4e-06 -3e-06 10.751629 -0.479868 1.397905 -1e-06 0.0 0.0 3.273807 0.305947 -0.580111 21.486814 11.830378 2.266136 8.162928 1e-06 0.0 18.399084 -3.798989 -4.940578 3e-06 0.0 -1e-06 -9.023273 6.31213 -10.433928 0.191469 0.767838 2.843076 8.61712 -11.835612 -4.587572 1.557225 -1.69082 1.813408 0.0 0.0 2e-06 9.909039 -4.589542 -16.60923 0.162481 -0.563914 7.006081 -5.279366 -9.550758 -2.390749 -1.427086 1.038926 0.09978 -0.0 -0.0 -1e-06
0.0 0.0 0.0 0.0 -0.0 0.0 98.701065 99.95919 112.203957 -139.892197 88.1521 -129.480637 1.728001 0.803307 5.016113 0.302335 3.333014 -3.308598 0.226268 2.745812 11.503459 -3.015246 3.95401 -4.77844 -0.175136 -0.097686 -3.955488 -0.394214 0.408551 -17.699654 7.7e-05 -2.3e-05 6e-06 -0.000762 -0.065862 0.021594 0.67214 -3.79352 -10.710549 -0.682068 3.662011 -10.702684 -13.671359 1.321887 16.308599 -66.519127 13.557038 -7.459747 1.649359 -57.405788 -1.199996 11.589529 -7.939347 2.165132 -5.882113 9.861297 0.702593 -10.93688 -0.360573 7.156209 0.0 8.774836 1e-06 -16.093521 18.164885 6.25636 -1.844033 2.498507 -2.507279 -10.16361 4.678952 4.621111 -20.97604 -2e-06 -0.0 -21.226307 2.4517 -3.594005 1e-06 -6e-06 -0.0 -1.362684 2.2408 -0.746324 -21.33493 0.584912 3.008323 -13.821225 -1e-06 1e-06 -23.887192 -0.249079 -0.839487 -60.756603 2.567086 -0.955832 -0.294023 1.679689 0.833257 -14.218219 0.093216 1.30058 -34.212074 -0.287562 0.967167 -20.033226 0.964538 1.212842 2e-06 0.0 -0.0 -3.44039 0.788234 0.501656 -15.928201 -3.167311 2.999707 -6.338832 -0.0 1e-06 -18.123463 3.648189 -4.905676 -3e-06 0.0 -2e-06 -8.2496 20.293579 8.109299 33.374348 61.832439 -6.036024 1.772992 49.778572 1.095263 -37.277252 -18.277239 -10.978057 2.243543 -5.255043 -3.180161 14.2829 -0.826597 6.952507 3e-06 -12.690615 -4e-06 15.731864 -17.471497 3.492337 1.665667 -1.955924 -2.878304 4.727802 -4.170592 4.993925 11.020533 -1e-06 -2e-06 12.109061 -3.735721 -2.866789 0.0 -0.0 0.0 1.291987 -1.928552 -1.498091 14.800136 0.567466 3.865611 14.242583 -1.341741 -6.660665 19.631977 0.143923 -0.648248 50.437237 -0.890828 -6.249783 0.353029 -1.511152 -0.031941 20.222801 3.684309 2.316633 18.787287 1e-06 -4e-06 10.751635 -0.479869 1.397905 -1e-06 2e-06 -0.0 3.273809 0.305946 -0.580111 21.486826 11.830381 2.266135 8.162932 1e-06 0.0 18.399099 -3.798991 -4.940581 3e-06 1e-06 -0.0 -9.108592 6.514948 -9.731803 0.177453 0.787127 2.310593 8.44869 -10.909519 -4.309908 1.559972 -1.694433 1.652606 -0.0 -0.0 2e-06 9.846736 -4.824684 -16.030003 0.169361 -0.531929 6.765802 -5.220113 -8.846415 -2.519822 -1.428405 1.035342 -0.007004 0.0 0.0 -1e-06
0.0 0.0 0.0 0.0 -0.0 0.0 98.845985 99.974724 112.261475 -143.115463 88.221169 -132.963654 1.722982 0.774933 4.750248 0.273985 3.285137 -3.426648 0.148176 2.651836 11.412127 -2.878588 3.919602 -4.683464 -0.180425 -0.096348 -3.92709 -0.348164 0.301137 -17.068018 7.7e-05 -2.3e-05 6e-06 -0.001454 -0.081884 0.013181 0.670492 -3.807752 -10.706123 -0.6819 3.64479 -10.704338 -13.72228 1.163869 16.142118 -66.188286 13.633068 -6.691514 1.542815 -56.503521 -1.076216 11.202669 -7.869658 1.8381 -5.882113 9.861288 0.70259 -10.936881 -0.360575 7.156209 0.0 8.77483 -0.0 -16.102352 18.198786 6.265326 -1.844033 2.498505 -2.507278 -10.163609 4.678946 4.62111 -20.97604 -4e-06 2e-06 -21.226301 2.451697 -3.594 2e-06 -6e-06 -0.0 -1.362684 2.240799 -0.746324 -21.334932 0.58491 3.008325 -13.821227 -3e-06 2e-06 -23.887197 -0.24908 -0.839483 -60.724289 2.568488 -0.990476 -0.294026 1.679687 0.833256 -14.218221 0.093216 1.30058 -34.212078 -0.287565 0.96717 -20.033232 0.964537 1.212844 0.0 -0.0 0.0 -3.440392 0.788234 0.501656 -15.928201 -3.167311 2.999708 -6.338831 -1e-06 1e-06 -18.123463 3.648183 -4.905674 -3e-06 0.0 -2e-06 -8.087675 19.983217 8.180289 32.166428 61.320087 -6.556988 1.736876 50.167301 0.905085 -36.530205 -18.182619 -10.862712 2.243544 -5.255042 -3.180161 14.282905 -0.826599 6.952513 -0.0 -12.690615 1e-06 15.764444 -17.467766 3.528495 1.665668 -1.955924 -2.878301 4.727805 -4.170592 4.993931 11.020536 0.0 -1e-06 12.109062 -3.735719 -2.866787 -1e-06 0.0 -0.0 1.291987 -1.928551 -1.498092 14.800142 0.567466 3.865612 14.242583 -1.341739 -6.660664 19.631987 0.143922 -0.648245 50.571949 -0.904712 -6.243898 0.353029 -1.511152 -0.03194 20.222809 3.684309 2.316635 18.787291 2e-06 -1e-06 10.751641 -0.47987 1.397907 1e-06 1e-06 1e-06 3.27381 0.305947 -0.58011 21.486832 11.83038 2.266139 8.162937 1e-06 0.0 18.399103 -3.798991 -4.94058 3e-06 1e-06 -0.0 -9.22614 6.743493 -9.35585 0.172141 0.799445 2.287132 8.3817 -10.132774 -4.182494 1.561222 -1.681113 1.495789 0.0 -0.0 2e-06 9.688842 -5.092053 -15.603301 0.173065 -0.513037 6.643582 -5.093902 -8.236929 -2.64107 -1.427724 1.036172 -0.12879 0.0 0.0 -1e-06
0.0 0.0 0.0 0.0 -0.0 0.0 98.937111 99.986023 112.264595 -146.168121 88.279892 -136.250992 1.729327 0.766115 4.483739 0.251318 3.264487 -3.524555 0.10274 2.575347 11.320007 -2.778837 3.871023 -4.678292 -0.171106 -0.101505 -3.884448 -0.305645 0.213383 -16.54912 7.7e-05 -2.3e-05 6e-06 -0.003277 -0.09577 0.015222 0.6709 -3.818592 -10.689165 -0.685859 3.628738 -10.692 -13.700663 1.008854 15.976446 -65.904015 13.631248 -5.986406 1.298112 -55.600216 -0.870882 10.828171 -7.764205 1.527408 -5.882114 9.861295 0.702591 -10.936881 -0.360575 7.15621 1e-06 8.774835 -1e-06 -16.108858 18.21217 6.259384 -1.844035 2.498507 -2.50728 -10.163609 4.678949 4.621113 -20.976044 -5e-06 -1e-06 -21.226311 2.451697 -3.594005 1e-06 -6e-06 -0.0 -1.362683 2.2408 -0.746324 -21.334934 0.584909 3.008323 -13.821229 -3e-06 0.0 -23.887194 -0.249081 -0.839486 -60.69112 2.546042 -1.020804 -0.294027 1.679689 0.833257 -14.218224 0.093215 1.30058 -34.212086 -0.287567 0.967168 -20.033234 0.964535 1.212842 1e-06 -0.0 -1e-06 -3.440392 0.788235 0.501656 -15.928203 -3.167312 2.999708 -6.338833 -2e-06 0.0 -18.123466 3.648185 -4.905677 -3e-06 0.0 -2e-06 -7.971543 19.832844 8.226663 31.033201 60.803432 -6.970655 1.554179 50.323971 0.61678 -35.822319 -18.001232 -10.642354 2.243543 -5.25504 -3.18016 14.282897 -0.826597 6.952505 1e-06 -12.69061 -2e-06 15.779922 -17.439981 3.592013 1.665667 -1.955923 -2.8783 4.727802 -4.17059 4.993926 11.020532 -0.0 -0.0 12.109059 -3.735719 -2.866786 -1e-06 1e-06 -1e-06 1.291986 -1.92855 -1.498091 14.800136 0.567466 3.865611 14.242579 -1.341741 -6.66066 19.631975 0.143922 -0.648245 50.661472 -0.921476 -6.207901 0.353029 -1.511151 -0.031943 20.222801 3.684307 2.316634 18.787281 1e-06 -2e-06 10.751632 -0.479874 1.397907 -1e-06 2e-06 1e-06 3.273808 0.305947 -0.580111 21.486826 11.830376 2.266139 8.162933 0.0 -1e-06 18.399097 -3.79899 -4.94058 4e-06 1e-06 -2e-06 -9.370599 6.99554 -9.104145 0.173944 0.816453 2.404484 8.363559 -9.513039 -4.094635 1.56288 -1.661708 1.357273 0.0 -0.0 2e-06 9.551232 -5.328618 -15.308099 0.168126 -0.509276 6.690395 -4.995028 -7.707753 -2.777003 -1.425456 1.033593 -0.267095 0.0 0.0 -1e-06
0.0 0.0 0.0 0.0 -0.0 0.0 99.005554 99.986458 112.22435 -149.240158 88.312515 -139.523529 1.741928 0.763366 4.231367 0.23282 3.263379 -3.61455 0.080596 2.513522 11.219357 -2.690918 3.826713 -4.744162 -0.154515 -0.103884 -3.856958 -0.267816 0.122249 -16.121889 7.7e-05 -2.3e-05 6e-06 -0.004122 -0.097553 0.019372 0.67478 -3.818416 -10.669728 -0.691256 3.625319 -10.67455 -13.656077 0.883776 15.840772 -65.665016 13.531308 -5.37672 1.068254 -54.7677 -0.66854 10.445264 -7.648148 1.359851 -5.882108 9.861288 0.70259 -10.936876 -0.360575 7.156208 1e-06 8.774826 -0.0 -16.158607 18.237061 6.242757 -1.844034 2.498505 -2.507279 -10.163604 4.678945 4.621109 -20.97603 -4e-06 1e-06 -21.226294 2.451696 -3.594002 2e-06 -6e-06 -0.0 -1.362684 2.2408 -0.746324 -21.334925 0.584909 3.008323 -13.82122 -3e-06 2e-06 -23.887182 -0.24908 -0.839484 -60.727669 2.508634 -1.034278 -0.294026 1.679688 0.833256 -14.218215 0.093216 1.30058 -34.212067 -0.287565 0.967169 -20.033226 0.964536 1.212843 -1e-06 -0.0 -0.0 -3.440388 0.788234 0.501656 -15.928192 -3.16731 2.999707 -6.338829 -1e-06 1e-06 -18.123457 3.648182 -4.905673 -3e-06 0.0 -2e-06 -7.867556 19.820503 8.253232 30.101437 60.280655 -7.40262 1.406116 50.458488 0.415624 -35.285961 -17.697525 -10.279523 2.243541 -5.255036 -3.180159 14.282886 -0.826596 6.952503 1e-06 -12.690601 -1e-06 15.779822 -17.430981 3.63437 1.665665 -1.955921 -2.878298 4.727798 -4.170587 4.993925 11.02052 1e-06 0.0 12.109048 -3.735715 -2.866784 3e-06 -0.0 0.0 1.291986 -1.928549 -1.498088 14.800122 0.567465 3.865609 14.242566 -1.341739 -6.660657 19.631958 0.143923 -0.648245 50.663731 -0.920165 -6.164001 0.353028 -1.511151 -0.031938 20.222786 3.684307 2.316633 18.787268 3e-06 -1e-06 10.751625 -0.47987 1.397905 -2e-06 1e-06 -1e-06 3.273806 0.305946 -0.580112 21.486805 11.830368 2.266136 8.162925 1e-06 1e-06 18.399076 -3.798986 -4.940573 4e-06 1e-06 -3e-06 -9.503948 7.230547 -8.880034 0.174409 0.845551 2.470694 8.321658 -9.011996 -4.033837 1.566423 -1.649252 1.202242 0.0 -0.0 2e-06 9.446827 -5.579036 -15.203248 0.156323 -0.522823 6.991152 -4.96029 -7.257008 -2.969094 -1.423325 1.019732 -0.390686 0.0 0.0 -1e-06
0.0 0.0 0.0 0.0 -0.0 0.0 99.07428 99.970665 112.17263 -152.969574 88.299118 -143.450333 1.758094 0.764027 4.01081 0.218953 3.268088 -3.702401 0.067372 2.465265 11.114923 -2.606752 3.783238 -4.861541 -0.140558 -0.088483 -3.837353 -0.215867 0.029398 -15.711116 7.7e-05 -2.3e-05 6e-06 -0.003919 -0.091026 0.021385 0.680773 -3.810158 -10.652525 -0.696672 3.630714 -10.657548 -13.637432 0.794325 15.700225 -65.425461 13.373385 -4.858082 0.841503 -54.038376 -0.472369 10.120205 -7.614811 1.281719 -5.882108 9.861288 0.702591 -10.936872 -0.360574 7.156206 0.0 8.774826 -1e-06 -16.254408 18.257248 6.187675 -1.844032 2.498505 -2.507278 -10.163601 4.678946 4.621109 -20.976027 -4e-06 0.0 -21.226292 2.451697 -3.594002 2e-06 -6e-06 -0.0 -1.362682 2.240798 -0.746324 -21.334921 0.58491 3.008323 -13.821218 -2e-06 1e-06 -23.887178 -0.249078 -0.839484 -60.780624 2.498866 -1.080408 -0.294026 1.679688 0.833256 -14.21821 0.093215 1.30058 -34.212048 -0.287564 0.967169 -20.033216 0.964536 1.212843 -1e-06 0.0 0.0 -3.44039 0.788233 0.501656 -15.928189 -3.16731 2.999707 -6.338827 -1e-06 0.0 -18.123447 3.648183 -4.905671 -3e-06 0.0 -2e-06 -7.734324 19.895361 8.307011 29.265032 59.720116 -7.947861 1.343563 50.746323 0.367315 -34.846859 -17.228506 -10.13372 2.243542 -5.255035 -3.180154 14.282885 -0.826597 6.952499 -0.0 -12.6906 0.0 15.778878 -17.420897 3.624151 1.665666 -1.955921 -2.878298 4.727797 -4.170587 4.993922 11.02052 2e-06 -1e-06 12.109047 -3.735718 -2.866783 0.0 1e-06 0.0 1.291986 -1.928548 -1.498088 14.800122 0.567465 3.865607 14.242566 -1.341739 -6.660655 19.63196 0.143923 -0.648246 50.566265 -0.913172 -6.134118 0.353029 -1.51115 -0.031937 20.222784 3.684307 2.316627 18.78726 4e-06 -2e-06 10.751625 -0.47987 1.397905 1e-06 1e-06 -1e-06 3.273806 0.305947 -0.58011 21.486801 11.830366 2.266132 8.162925 1e-06 0.0 18.399075 -3.798986 -4.940575 3e-06 2e-06 -2e-06 -9.588339 7.418968 -8.626626 0.160114 0.869924 2.49265 8.251063 -8.577049 -4.054678 1.573065 -1.665731 1.052398 0.0 -0.0 2e-06 9.354606 -5.857904 -15.262189 0.150551 -0.538403 7.575955 -4.951299 -6.921571 -3.263368 -1.421391 1.002202 -0.489405 0.0 0.0 -1e-06
0.0 0.0 0.0 0.0 -0.0 0.0 99.140823 99.938515 112.15136 -156.794159 88.238632 -147.469009 1.775484 0.763997 3.823828 0.207723 3.272558 -3.782483 0.066722 2.443683 11.009358 -2.520692 3.751966 -5.008116 -0.142421 -0.115316 -3.829592 -0.176637 -0.070062 -15.328492 7.7e-05 -2.3e-05 6e-06 -0.004466 -0.085477 0.021716 0.685077 -3.802518 -10.637582 -0.70199 3.634687 -10.644749 -13.665663 0.722064 15.552334 -65.176254 13.203271 -4.384905 0.705716 -53.423698 -0.348981 9.886874 -7.668954 1.217138 -5.882107 9.861286 0.702591 -10.936872 -0.360574 7.156205 1e-06 8.774827 -0.0 -16.342373 18.261234 6.123089 -1.844032 2.498504 -2.507278 -10.163599 4.678946 4.621109 -20.976023 -2e-06 1e-06 -21.226288 2.451698 -3.594002 1e-06 -6e-06 -0.0 -1.362681 2.240799 -0.746323 -21.334913 0.584911 3.008323 -13.821213 -2e-06 1e-06 -23.887169 -0.249078 -0.839484 -60.810902 2.506855 -1.111639 -0.294024 1.679687 0.833256 -14.218207 0.093216 1.300581 -34.212048 -0.287562 0.967169 -20.033211 0.964538 1.212843 -1e-06 -0.0 -0.0 -3.440388 0.788233 0.501656 -15.928185 -3.16731 2.999707 -6.338826 -1e-06 1e-06 -18.123446 3.648185 -4.905672 -4e-06 1e-06 -2e-06 -7.584053 19.992914 8.35881 28.446489 59.166317 -8.519011 1.350896 51.111126 0.404487 -34.415318 -16.677662 -10.132057 2.243541 -5.255037 -3.180158 14.282893 -0.826596 6.952503 -1e-06 -12.690607 2e-06 15.798651 -17.412001 3.593526 1.665666 -1.955921 -2.878301 4.727799 -4.170588 4.993925 11.020526 3e-06 -1e-06 12.109054 -3.735717 -2.866783 0.0 -0.0 0.0 1.291986 -1.928549 -1.49809 14.800129 0.567468 3.865609 14.242573 -1.341737 -6.660658 19.631969 0.143926 -0.648244 50.472565 -0.91765 -6.124325 0.353029 -1.511151 -0.031941 20.222792 3.684309 2.316631 18.787273 5e-06 -1e-06 10.751631 -0.479869 1.397905 -1e-06 1e-06 -1e-06 3.273807 0.305947 -0.580113 21.486816 11.830377 2.266132 8.162927 2e-06 1e-06 18.399082 -3.798989 -4.940574 3e-06 1e-06 -1e-06 -9.667686 7.578426 -8.402571 0.137363 0.887624 2.541412 8.186024 -8.242985 -4.137606 1.580712 -1.692367 0.941503 0.0 0.0 2e-06 9.273104 -6.099459 -15.401022 0.148243 -0.550394 8.294 -4.927175 -6.761791 -3.621946 -1.420053 0.990969 -0.557703 0.0 -0.0 -1e-06
0.0 0.0 0.0 0.0 -0.0 0.0 99.195755 99.893318 112.173378 -159.599335 88.143326 -150.458969 1.805519 0.765945 3.660557 0.2023 3.265044 -3.845111 0.083821 2.452804 10.902496 -2.441516 3.736623 -5.166545 -0.167223 -0.207556 -3.822955 -0.166798 -0.138415 -15.041653 7.7e-05 -2.2e-05 6e-06 -0.006445 -0.082837 0.023391 0.687914 -3.795515 -10.618658 -0.708761 3.633195 -10.628188 -13.719586 0.670207 15.392643 -64.962883 13.036409 -4.091563 0.565832 -52.891743 -0.223842 9.770529 -7.752949 1.220382 -5.882108 9.86129 0.702591 -10.936874 -0.360575 7.156208 0.0 8.77483 0.0 -16.386427 18.254187 6.080902 -1.844034 2.498506 -2.507278 -10.163602 4.678947 4.62111 -20.976028 -4e-06 2e-06 -21.226292 2.451698 -3.594002 1e-06 -6e-06 -0.0 -1.362684 2.240799 -0.746324 -21.334925 0.584909 3.008324 -13.82122 -3e-06 2e-06 -23.887182 -0.249079 -0.839484 -60.795345 2.508122 -1.098499 -0.294024 1.679688 0.833256 -14.218214 0.093215 1.300581 -34.212063 -0.287565 0.96717 -20.03322 0.964536 1.212843 1e-06 0.0 -0.0 -3.440388 0.788233 0.501656 -15.928192 -3.167311 2.999708 -6.338829 -1e-06 1e-06 -18.123453 3.648185 -4.905673 -3e-06 1e-06 -2e-06 -7.44224 20.089886 8.366804 27.690313 58.664726 -8.982392 1.372334 51.489052 0.464299 -34.005901 -16.058344 -10.105331 2.243545 -5.255041 -3.18016 14.282896 -0.826598 6.952505 1e-06 -12.69061 -2e-06 15.812686 -17.404488 3.574536 1.665668 -1.955924 -2.878299 4.727802 -4.170592 4.993925 11.020534 -1e-06 -3e-06 12.10906 -3.735723 -2.866789 0.0 -0.0 0.0 1.291987 -1.928552 -1.498091 14.800132 0.567464 3.865608 14.242584 -1.341742 -6.660666 19.631975 0.143922 -0.648252 50.421234 -0.912854 -6.125745 0.353029 -1.511152 -0.031941 20.222801 3.684307 2.316625 18.787283 2e-06 -8e-06 10.751636 -0.479871 1.397904 -0.0 1e-06 -0.0 3.273808 0.305946 -0.580112 21.486818 11.830376 2.266131 8.162931 0.0 -3e-06 18.399096 -3.798988 -4.940586 2e-06 2e-06 -2e-06 -9.700984 7.730626 -8.22876 0.121724 0.898525 2.663123 8.112651 -8.00762 -4.337265 1.588152 -1.710675 0.86903 0.0 -0.0 2e-06 9.221762 -6.277822 -15.440222 0.141151 -0.561696 8.980094 -4.883477 -6.742889 -4.06213 -1.417923 0.979596 -0.586394 -0.0 -0.0 -1e-06
0.0 0.0 0.0 0.0 -0.0 0.0 99.253067 99.848602 112.197861 -160.94252 88.080925 -151.980362 1.836853 0.770477 3.50684 0.201543 3.261843 -3.898197 0.115735 2.474458 10.8203 -2.391488 3.743212 -5.357833 -0.189518 -0.301792 -3.816977 -0.178907 -0.17376 -14.777886 7.7e-05 -2.2e-05 6e-06 -0.007918 -0.086027 0.027113 0.690531 -3.794705 -10.597977 -0.714274 3.626203 -10.60778 -13.78024 0.633208 15.222639 -64.833755 12.907016 -3.932987 0.481219 -52.420902 -0.147471 9.759574 -7.813731 1.193028 -5.882109 9.861286 0.702589 -10.936877 -0.360575 7.156208 1e-06 8.774825 -0.0 -16.401999 18.238932 6.064645 -1.844035 2.498505 -2.507279 -10.163606 4.678945 4.621109 -20.976038 -5e-06 2e-06 -21.226301 2.451695 -3.594001 2e-06 -6e-06 -1e-06 -1.362682 2.240799 -0.746324 -21.334929 0.584908 3.008323 -13.821223 -4e-06 1e-06 -23.887186 -0.249082 -0.839483 -60.765331 2.503711 -1.065539 -0.294025 1.679687 0.833256 -14.218215 0.093214 1.30058 -34.212067 -0.287567 0.96717 -20.033222 0.964535 1.212843 0.0 0.0 -0.0 -3.440391 0.788234 0.501655 -15.928198 -3.167312 2.999707 -6.33883 -2e-06 1e-06 -18.123459 3.64818 -4.905674 -4e-06 1e-06 -2e-06 -7.294941 20.170803 8.348219 26.979797 58.253017 -9.297127 1.393604 51.929008 0.540088 -33.607239 -15.40674 -9.632452 2.243542 -5.255037 -3.180159 14.28289 -0.826596 6.952504 -1e-06 -12.690605 -1e-06 15.815718 -17.417658 3.580313 1.665666 -1.955922 -2.878298 4.727799 -4.170588 4.993923 11.020526 1e-06 0.0 12.109054 -3.735716 -2.866785 0.0 1e-06 1e-06 1.291986 -1.92855 -1.49809 14.800129 0.567467 3.865609 14.242576 -1.341737 -6.660657 19.631969 0.143924 -0.648244 50.387978 -0.90763 -6.145464 0.353029 -1.511151 -0.03194 20.222795 3.684309 2.316634 18.787275 2e-06 -1e-06 10.751631 -0.479869 1.397906 -1e-06 3e-06 -0.0 3.273808 0.305946 -0.58011 21.486814 11.830372 2.266134 8.162928 -0.0 0.0 18.39908 -3.798987 -4.940577 4e-06 2e-06 -2e-06 -9.706815 7.852758 -8.072461 0.109586 0.89883 2.792769 8.062783 -7.759084 -4.553704 1.595643 -1.718503 0.806409 0.0 -0.0 2e-06 9.211342 -6.435724 -15.480959 0.134273 -0.570157 9.531716 -4.857458 -6.772181 -4.388226 -1.416682 0.975746 -0.614238 0.0 0.0 -1e-06
0.0 0.0 0.0 0.0 -0.0 0.0 99.304352 99.804672 112.173698 -160.693695 88.084808 -151.950806 1.865434 0.785632 3.364432 0.190206 3.276678 -3.946209 0.16946 2.493331 10.781949 -2.347663 3.737176 -5.528112 -0.182475 -0.333346 -3.806537 -0.22962 -0.162607 -14.542711 7.7e-05 -2.3e-05 6e-06 -0.009567 -0.088339 0.032071 0.69318 -3.795823 -10.583631 -0.720261 3.622901 -10.593239 -13.799062 0.600931 15.09205 -64.812523 12.789186 -3.797665 0.495292 -51.972332 -0.190655 9.825713 -7.87009 1.229498 -5.88211 9.861288 0.70259 -10.936878 -0.360574 7.156207 1e-06 8.774828 1e-06 -16.412315 18.198736 6.05313 -1.844035 2.498505 -2.507279 -10.163606 4.678946 4.621109 -20.976038 -5e-06 -1e-06 -21.226301 2.451694 -3.594003 1e-06 -6e-06 -0.0 -1.362682 2.240799 -0.746324 -21.334929 0.584909 3.00832 -13.821222 -4e-06 -0.0 -23.887184 -0.249082 -0.839486 -60.739624 2.506115 -1.056876 -0.294025 1.679688 0.833256 -14.218217 0.093215 1.300578 -34.212074 -0.287569 0.967165 -20.033226 0.964534 1.212843 -0.0 0.0 -0.0 -3.440391 0.788234 0.501655 -15.928192 -3.167311 2.999705 -6.338829 -2e-06 -1e-06 -18.123457 3.648181 -4.905674 -4e-06 1e-06 -2e-06 -7.156149 20.234089 8.318655 26.363419 57.917137 -9.438645 1.408311 52.463947 0.5848 -33.172428 -14.721115 -8.631367 2.243544 -5.255042 -3.180161 14.282902 -0.826598 6.952513 1e-06 -12.690612 -1e-06 15.83416 -17.437155 3.612674 1.665668 -1.955924 -2.878301 4.727804 -4.17059 4.993927 11.020536 0.0 0.0 12.10906 -3.735723 -2.866787 -0.0 1e-06 -1e-06 1.291987 -1.928551 -1.498092 14.800139 0.567465 3.865613 14.242584 -1.341741 -6.660666 19.631987 0.143923 -0.648248 50.403229 -0.929432 -6.151405 0.35303 -1.511152 -0.03194 20.222805 3.684308 2.316631 18.787287 1e-06 -1e-06 10.751636 -0.479872 1.397907 -0.0 3e-06 -1e-06 3.273809 0.305947 -0.580111 21.486828 11.830379 2.266136 8.162932 -1e-06 -0.0 18.399099 -3.798993 -4.940581 3e-06 2e-06 -0.0 -9.69443 7.917744 -7.842618 0.092003 0.896268 2.842358 8.050926 -7.4295 -4.729789 1.603894 -1.730214 0.736077 -0.0 -0.0 2e-06 9.183031 -6.566007 -15.453841 0.137144 -0.577089 10.036408 -4.824819 -6.82122 -4.68937 -1.417675 0.971422 -0.651643 0.0 -0.0 -1e-06
0.0 0.0 0.0 0.0 -0.0 0.0 99.322632 99.766006 112.098953 -159.181458 88.134392 -150.6716 1.893044 0.808051 3.230935 0.181504 3.299754 -3.992374 0.229542 2.528512 10.754906 -2.318072 3.73409 -5.635774 -0.158858 -0.375006 -3.79291 -0.294483 -0.120179 -14.337711 7.7e-05 -2.3e-05 6e-06 -0.011905 -0.086721 0.034818 0.693442 -3.796398 -10.57746 -0.725343 3.626953 -10.588089 -13.794502 0.551581 15.002131 -64.83567 12.689508 -3.726403 0.493361 -51.544926 -0.226116 9.877212 -7.898544 1.23104 -5.88211 9.861294 0.702592 -10.936877 -0.360573 7.156209 0.0 8.774833 1e-06 -16.395903 18.180105 6.046821 -1.844035 2.498506 -2.507279 -10.163605 4.678949 4.621112 -20.976038 -3e-06 -0.0 -21.226301 2.451698 -3.594005 1e-06 -6e-06 -1e-06 -1.362683 2.240799 -0.746323 -21.334925 0.584911 3.008323 -13.82122 -2e-06 0.0 -23.887184 -0.249079 -0.839485 -60.664066 2.513967 -1.057491 -0.294025 1.679689 0.833257 -14.218217 0.093216 1.30058 -34.21207 -0.287563 0.967167 -20.033226 0.964537 1.212842 -1e-06 1e-06 -0.0 -3.44039 0.788235 0.501656 -15.928194 -3.167311 2.999707 -6.33883 -1e-06 0.0 -18.123459 3.648185 -4.905675 -3e-06 1e-06 -2e-06 -6.981433 20.265444 8.282967 25.854557 57.643097 -9.278509 1.287728 53.049843 0.479462 -32.703503 -14.029182 -7.186238 2.243544 -5.255041 -3.180161 14.2829 -0.826598 6.952508 1e-06 -12.690612 -1e-06 15.872755 -17.450809 3.65462 1.665667 -1.955924 -2.878299 4.727803 -4.170591 4.993927 11.020533 -0.0 -0.0 12.109062 -3.73572 -2.866787 -0.0 2e-06 -2e-06 1.291987 -1.928551 -1.498091 14.800139 0.567465 3.865611 14.242581 -1.34174 -6.660665 19.631979 0.143921 -0.64825 50.465275 -0.955475 -6.140256 0.35303 -1.511152 -0.031941 20.222803 3.684308 2.316631 18.787287 0.0 -3e-06 10.751637 -0.47987 1.397905 -1e-06 1e-06 -0.0 3.273809 0.305946 -0.580111 21.486826 11.830378 2.266132 8.162934 1e-06 -1e-06 18.399099 -3.798994 -4.940583 1e-06 1e-06 -0.0 -9.683184 7.973325 -7.5889 0.079736 0.89212 2.838928 8.067938 -7.096949 -4.853467 1.611225 -1.723367 0.689215 0.0 0.0 2e-06 9.138569 -6.655483 -15.398327 0.142405 -0.580427 10.473422 -4.779793 -6.865202 -4.933126 -1.420518 0.974072 -0.680354 -0.0 -0.0 -1e-06
0.0 0.0 0.0 0.0 -0.0 0.0 99.302101 99.739548 112.001488 -156.675613 88.206154 -148.426575 1.920119 0.8399 3.104381 0.183253 3.325014 -4.03226 0.301071 2.572854 10.727046 -2.304992 3.72803 -5.679004 -0.151685 -0.379594 -3.774089 -0.359262 -0.091488 -14.233774 7.7e-05 -2.2e-05 6e-06 -0.014138 -0.075977 0.03626 0.693772 -3.789702 -10.571947 -0.730159 3.641924 -10.58332 -13.778254 0.49696 14.925197 -64.839973 12.588145 -3.612374 0.491128 -51.069454 -0.225854 9.890028 -7.912248 1.19605 -5.882106 9.861288 0.702591 -10.936871 -0.360574 7.156206 0.0 8.774828 0.0 -16.387369 18.182373 6.034657 -1.844033 2.498504 -2.507278 -10.163601 4.678946 4.621109 -20.976023 -4e-06 0.0 -21.226288 2.451697 -3.594002 1e-06 -6e-06 -1e-06 -1.362683 2.240798 -0.746323 -21.334913 0.58491 3.008322 -13.821213 -3e-06 1e-06 -23.887167 -0.249079 -0.839485 -60.563629 2.513559 -1.079195 -0.294023 1.679688 0.833256 -14.218208 0.093215 1.30058 -34.212048 -0.287564 0.967169 -20.033215 0.964536 1.212843 0.0 -0.0 0.0 -3.440388 0.788233 0.501655 -15.928185 -3.16731 2.999707 -6.338826 -1e-06 1e-06 -18.123444 3.648184 -4.905673 -3e-06 0.0 -2e-06 -6.798398 20.277802 8.298026 25.49081 57.431011 -8.843786 0.923537 53.639465 0.227696 -32.308678 -13.341059 -5.715124 2.243543 -5.255038 -3.180158 14.282893 -0.826597 6.952503 -0.0 -12.690605 1e-06 15.935238 -17.485958 3.685918 1.665667 -1.955922 -2.878302 4.727801 -4.170588 4.993921 11.020526 -0.0 -0.0 12.109055 -3.735719 -2.866784 -1e-06 1e-06 -0.0 1.291986 -1.92855 -1.49809 14.800131 0.567466 3.865607 14.242572 -1.341739 -6.660661 19.631969 0.143922 -0.648248 50.559147 -0.9894 -6.104128 0.35303 -1.511151 -0.031941 20.222792 3.684306 2.316627 18.787273 2e-06 -4e-06 10.75163 -0.47987 1.397906 -0.0 -2e-06 0.0 3.273808 0.305946 -0.58011 21.486813 11.830371 2.266134 8.162929 1e-06 -0.0 18.399088 -3.798987 -4.94058 3e-06 3e-06 -2e-06 -9.667886 8.030193 -7.317947 0.080683 0.900002 2.833828 8.084008 -6.80245 -4.918022 1.616628 -1.707121 0.650637 -0.0 0.0 2e-06 9.088911 -6.682168 -15.255825 0.143192 -0.586027 10.744215 -4.716989 -6.94532 -5.071086 -1.421507 0.987988 -0.704994 0.0 0.0 -1e-06
0.0 0.0 0.0 0.0 -0.0 0.0 99.261299 99.717171 111.90461 -153.040787 88.308235 -145.083374 1.938739 0.877726 2.966195 0.183981 3.366717 -4.056456 0.387329 2.593971 10.702266 -2.299182 3.727159 -5.675976 -0.135642 -0.285054 -3.751925 -0.453568 -0.079075 -14.218779 7.7e-05 -2.3e-05 6e-06 -0.015248 -0.064718 0.03524 0.696972 -3.784118 -10.579171 -0.735416 3.659774 -10.588965 -13.772458 0.471285 14.867125 -64.826958 12.412966 -3.442693 0.59111 -50.45219 -0.239794 9.830925 -7.920212 1.0583 -5.882111 9.86129 0.70259 -10.936883 -0.360576 7.156209 1e-06 8.77483 -2e-06 -16.423203 18.219458 6.012071 -1.844035 2.498506 -2.507279 -10.163611 4.678946 4.621109 -20.976048 -6e-06 -0.0 -21.226309 2.451695 -3.594002 0.0 -6e-06 -0.0 -1.362683 2.2408 -0.746324 -21.334938 0.584908 3.008322 -13.821229 -5e-06 -0.0 -23.887201 -0.249083 -0.839484 -60.539101 2.523586 -1.115889 -0.294025 1.679687 0.833256 -14.218223 0.093213 1.300579 -34.212086 -0.28757 0.967168 -20.033237 0.964533 1.212844 1e-06 0.0 0.0 -3.440392 0.788234 0.501655 -15.928203 -3.167313 2.999706 -6.338833 -2e-06 -0.0 -18.123466 3.648181 -4.905675 -3e-06 1e-06 -2e-06 -6.587289 20.288643 8.366022 25.538603 57.258945 -8.318178 0.682999 54.237801 0.165685 -32.141041 -12.62576 -4.725274 2.243542 -5.25504 -3.18016 14.282899 -0.826597 6.95251 -1e-06 -12.690607 -1e-06 16.051342 -17.576208 3.726109 1.665667 -1.955922 -2.878301 4.727802 -4.170589 4.99393 11.020534 2e-06 1e-06 12.109059 -3.735719 -2.866785 0.0 1e-06 0.0 1.291986 -1.928551 -1.498088 14.800138 0.567467 3.865612 14.242579 -1.341737 -6.66066 19.631977 0.143923 -0.648245 50.748909 -1.03719 -6.041471 0.353029 -1.511152 -0.031941 20.222803 3.684309 2.316637 18.787283 3e-06 3e-06 10.751634 -0.47987 1.397908 -1e-06 1e-06 0.0 3.273809 0.305947 -0.58011 21.48683 11.830376 2.266142 8.162934 1e-06 4e-06 18.399096 -3.79899 -4.940574 3e-06 0.0 -2e-06 -9.638465 8.019732 -7.023881 0.076383 0.915904 2.832285 8.101313 -6.396472 -4.95377 1.621858 -1.699505 0.61995 -0.0 0.0 2e-06 9.043915 -6.644162 -15.051831 0.13399 -0.590928 10.932253 -4.618187 -7.075788 -5.158123 -1.421073 1.007467 -0.70969 -0.0 -0.0 -1e-06
0.0 0.0 0.0 0.0 -0.0 0.0 99.219597 99.686043 111.794731 -148.744583 88.38311 -141.098267 1.952824 0.898523 2.832868 0.179268 3.39517 -4.074013 0.496754 2.603749 10.670423 -2.303996 3.704683 -5.645245 -0.091988 -0.055304 -3.721552 -0.562799 -0.087637 -14.221532 7.7e-05 -2.3e-05 6e-06 -0.013517 -0.040016 0.038587 0.705283 -3.764747 -10.583887 -0.740101 3.690854 -10.59266 -13.769264 0.507271 14.824205 -64.791168 12.142405 -3.296438 0.686788 -49.764004 -0.212751 9.766254 -7.903448 0.902035 -5.882108 9.861289 0.702591 -10.936875 -0.360574 7.156208 0.0 8.774828 -0.0 -16.488565 18.305407 5.980219 -1.844033 2.498504 -2.507278 -10.163603 4.678946 4.621109 -20.976027 -3e-06 2e-06 -21.226292 2.451698 -3.594001 1e-06 -6e-06 -1e-06 -1.362681 2.2408 -0.746323 -21.334919 0.58491 3.008324 -13.821217 -2e-06 2e-06 -23.887178 -0.249077 -0.839483 -60.541836 2.5723 -1.183229 -0.294024 1.679688 0.833256 -14.21821 0.093215 1.300581 -34.212051 -0.287563 0.96717 -20.033215 0.964537 1.212843 -0.0 -0.0 0.0 -3.44039 0.788235 0.501656 -15.928189 -3.16731 2.999708 -6.338828 -1e-06 1e-06 -18.123453 3.648185 -4.905672 -4e-06 1e-06 -2e-06 -6.401969 20.292805 8.51808 26.1245 57.095005 -7.945967 0.815859 54.878914 0.414408 -32.352619 -11.972411 -4.515286 2.243542 -5.255038 -3.18016 14.282896 -0.826596 6.952504 -1e-06 -12.690607 -1e-06 16.268675 -17.714985 3.774497 1.665666 -1.955922 -2.878299 4.7278 -4.170588 4.993925 11.020532 1e-06 1e-06 12.109056 -3.735715 -2.866783 -1e-06 1e-06 -0.0 1.291986 -1.928549 -1.498089 14.800132 0.567466 3.865608 14.242576 -1.341738 -6.660658 19.631969 0.143924 -0.648246 51.092197 -1.143156 -5.970364 0.35303 -1.511151 -0.031939 20.222801 3.684309 2.31663 18.787281 4e-06 -2e-06 10.751633 -0.479869 1.397905 -0.0 -2e-06 1e-06 3.273807 0.305947 -0.580111 21.486822 11.830377 2.266133 8.162931 2e-06 -0.0 18.39909 -3.798985 -4.940577 3e-06 2e-06 -3e-06 -9.596015 7.983904 -6.718987 0.061852 0.914777 2.865163 8.148671 -5.90342 -5.033711 1.63126 -1.706667 0.642681 -0.0 -0.0 2e-06 9.00295 -6.563668 -14.859488 0.114941 -0.609347 11.185987 -4.589612 -7.214907 -5.265894 -1.422219 1.024679 -0.613385 0.0 0.0 -1e-06
0.0 0.0 0.0 0.0 -0.0 0.0 99.216721 99.630943 111.667084 -146.617538 88.357292 -139.317383 1.961525 0.860746 2.715571 0.180253 3.38977 -4.09315 0.611856 2.622287 10.640821 -2.297947 3.638501 -5.582506 -0.031608 0.314596 -3.690318 -0.668592 -0.150671 -14.066032 7.7e-05 -2.2e-05 6e-06 -0.008677 -0.003803 0.041394 0.721684 -3.734156 -10.580859 -0.746882 3.734637 -10.590029 -13.749262 0.526098 14.743608 -64.684776 11.870198 -3.090187 0.724952 -49.16927 -0.124539 9.855518 -7.884314 0.651983 -5.882113 9.861293 0.702591 -10.936883 -0.360574 7.15621 0.0 8.774833 0.0 -16.566202 18.433731 5.934447 -1.844036 2.498506 -2.507279 -10.163611 4.678949 4.621111 -20.976044 -4e-06 1e-06 -21.226305 2.451698 -3.594003 3e-06 -6e-06 -0.0 -1.362683 2.2408 -0.746324 -21.334934 0.58491 3.008323 -13.821228 -3e-06 0.0 -23.887196 -0.249081 -0.839485 -60.496292 2.659627 -1.248778 -0.294026 1.679689 0.833257 -14.218224 0.093215 1.30058 -34.212082 -0.287565 0.967169 -20.033236 0.964537 1.212843 1e-06 -0.0 -0.0 -3.440393 0.788234 0.501656 -15.928203 -3.167313 2.999707 -6.338833 -1e-06 0.0 -18.123466 3.648185 -4.905676 -4e-06 0.0 -2e-06 -6.212956 20.249338 8.633161 27.165014 56.839737 -7.535028 1.146211 55.608616 0.763343 -32.588795 -11.322997 -4.781197 2.243543 -5.255041 -3.180162 14.282897 -0.826598 6.952508 1e-06 -12.690609 -0.0 16.563242 -17.811037 3.790326 1.665667 -1.955923 -2.878299 4.727803 -4.170589 4.993927 11.020531 -0.0 -0.0 12.109056 -3.73572 -2.866787 -1e-06 1e-06 -0.0 1.291987 -1.928551 -1.498089 14.800136 0.567467 3.865611 14.242579 -1.341739 -6.660663 19.631973 0.143923 -0.648245 51.57666 -1.325811 -5.871975 0.35303 -1.511151 -0.031941 20.222801 3.684307 2.316633 18.787283 2e-06 -1e-06 10.751634 -0.479872 1.397906 -0.0 1e-06 -0.0 3.273808 0.305947 -0.580112 21.486822 11.830377 2.266137 8.16293 -0.0 3e-06 18.399092 -3.798988 -4.940577 3e-06 3e-06 -2e-06 -9.550171 7.881763 -6.327198 0.038622 0.903243 2.835948 8.193566 -5.320565 -5.180488 1.64588 -1.697807 0.693735 0.0 -0.0 2e-06 8.926045 -6.419842 -14.726117 0.10284 -0.633354 11.688929 -4.556337 -7.528885 -5.522724 -1.422784 1.058088 -0.479552 -0.0 -0.0 -1e-06
0.0 0.0 0.0 0.0 -0.0 0.0 99.046143 99.936501 111.396957 -145.306412 88.245316 -138.353317 1.968239 0.804427 2.58113 0.184025 3.352352 -4.129309 0.808085 2.506314 10.608779 -2.151011 3.595475 -5.25837 0.003711 0.655142 -3.705965 -1.024201 -0.124706 -13.909452 7.7e-05 -2.3e-05 6e-06 0.008489 0.069308 0.036129 0.749711 -3.667481 -10.573105 -0.740641 3.815675 -10.584364 -13.694545 0.661617 14.61194 -64.854706 11.861688 -3.149522 0.586124 -48.779007 0.121543 10.625915 -7.474753 -0.381344 -5.88211 9.86129 0.702591 -10.93688 -0.360575 7.15621 1e-06 8.77483 0.0 -16.543751 18.406961 5.909771 -1.844034 2.498506 -2.507279 -10.163609 4.678948 4.621111 -20.97604 -4e-06 2e-06 -21.226305 2.451698 -3.594002 2e-06 -6e-06 -0.0 -1.362684 2.240799 -0.746324 -21.33493 0.584911 3.008325 -13.821225 -3e-06 2e-06 -23.887192 -0.24908 -0.839484 -60.457603 2.697518 -1.239674 -0.294025 1.679688 0.833257 -14.218219 0.093214 1.300581 -34.212074 -0.287564 0.967171 -20.033226 0.964537 1.212844 0.0 -0.0 0.0 -3.440392 0.788234 0.501656 -15.928201 -3.167311 2.999709 -6.338831 -2e-06 1e-06 -18.123463 3.648185 -4.905674 -3e-06 1e-06 -2e-06 -6.442055 20.256485 8.245227 29.104364 56.186371 -6.168554 1.118452 56.59193 0.675533 -33.717663 -8.990269 -1.602241 2.243543 -5.255041 -3.180163 14.282904 -0.826599 6.95251 -1e-06 -12.690612 2e-06 16.828291 -17.806559 3.626311 1.665668 -1.955923 -2.878304 4.727803 -4.170591 4.993929 11.020536 -0.0 -2e-06 12.109064 -3.735717 -2.866788 -0.0 1e-06 -2e-06 1.291988 -1.92855 -1.498091 14.800142 0.567467 3.865612 14.242584 -1.341737 -6.660666 19.631987 0.143926 -0.648245 51.77813 -1.308197 -5.862448 0.353029 -1.511152 -0.031941 20.222809 3.684311 2.316631 18.787291 3e-06 -2e-06 10.75164 -0.479871 1.397907 1e-06 0.0 -1e-06 3.27381 0.305947 -0.58011 21.486834 11.83038 2.266136 8.162937 1e-06 -1e-06 18.399099 -3.798989 -4.940578 2e-06 2e-06 -1e-06 -9.464435 7.883796 -5.78396 0.007128 0.908947 2.536704 8.199321 -4.818507 -5.250147 1.654113 -1.688409 0.74365 -0.0 0.0 2e-06 8.8525 -6.804183 -12.980209 0.095461 -0.607764 8.684348 -4.558251 -7.050259 -3.832394 -1.435142 1.06814 -0.245639 0.0 -0.0 -1e-06
0.0 0.0 0.0 0.0 -0.0 0.0 99.07489 100.058556 111.247231 -130.426178 88.625275 -123.670738 1.932282 0.885298 2.433721 0.154975 3.262593 -4.135762 1.037382 2.63106 10.532546 -2.262698 3.482407 -5.203667 0.088283 0.585257 -3.578421 -0.819074 0.131403 -14.442928 7.7e-05 -2.3e-05 6e-06 -0.011296 0.015983 0.084081 0.726822 -3.715482 -10.501638 -0.757013 3.756377 -10.50877 -13.714148 0.844158 14.424376 -65.134514 12.151649 -3.289076 0.964247 -48.810413 -0.123681 9.913906 -7.17542 -0.564582 -5.882109 9.861289 0.70259 -10.936876 -0.360575 7.156208 -1e-06 8.774828 -1e-06 -16.61512 18.638313 5.876481 -1.844034 2.498505 -2.507278 -10.163604 4.678947 4.621109 -20.976032 -4e-06 1e-06 -21.226295 2.451698 -3.594002 1e-06 -6e-06 -0.0 -1.362681 2.240799 -0.746323 -21.334925 0.58491 3.008323 -13.82122 -3e-06 2e-06 -23.88718 -0.249079 -0.839483 -60.568378 2.724044 -1.371568 -0.294026 1.679688 0.833256 -14.218216 0.093215 1.30058 -34.212067 -0.287564 0.96717 -20.033222 0.964536 1.212844 -1e-06 0.0 1e-06 -3.440389 0.788234 0.501655 -15.928194 -3.167311 2.999708 -6.338829 -1e-06 1e-06 -18.123457 3.648184 -4.905673 -4e-06 1e-06 -2e-06 -6.9658 20.30925 8.188855 31.07023 55.90638 -5.392552 1.414813 57.494102 1.460736 -34.817863 -9.107026 -1.71957 2.243541 -5.255035 -3.180157 14.282887 -0.826593 6.952503 -3e-06 -12.6906 2e-06 16.633434 -18.186581 3.973919 1.665666 -1.955922 -2.878298 4.727798 -4.170585 4.993922 11.020524 3e-06 -1e-06 12.10905 -3.735714 -2.866781 0.0 -0.0 1e-06 1.291986 -1.928549 -1.498089 14.800125 0.567468 3.865608 14.24257 -1.341738 -6.660656 19.631966 0.143927 -0.648246 52.403652 -1.419471 -5.704478 0.353029 -1.51115 -0.031941 20.222788 3.684307 2.31663 18.78727 5e-06 -1e-06 10.751627 -0.479869 1.397905 1e-06 -1e-06 -1e-06 3.273806 0.305947 -0.58011 21.486809 11.830371 2.266132 8.162928 1e-06 -1e-06 18.39908 -3.798982 -4.940574 3e-06 2e-06 -1e-06 -9.639418 7.699814 -5.476665 0.022465 1.023119 2.264863 8.399059 -3.574637 -5.39114 1.635285 -1.752865 0.557313 0.0 -0.0 2e-06 8.729804 -6.038779 -12.359949 0.041319 -0.629651 7.950549 -4.477647 -6.893309 -3.413896 -1.405541 1.076297 -0.282334 -0.0 -0.0 -1e-06
0.0 0.0 0.0 0.0 -0.0 0.0 99.093735 100.057747 111.070427 -110.949608 88.842758 -104.471642 1.935806 0.857617 2.304281 0.187029 3.245838 -4.188607 1.139461 2.736337 10.575553 -2.331608 3.461359 -5.118833 -0.011515 0.555169 -3.539208 -0.546551 0.140706 -14.778798 7.7e-05 -2.3e-05 5e-06 -0.030498 -0.044718 0.111952 0.699386 -3.770206 -10.475993 -0.767438 3.688001 -10.481999 -13.858292 0.970138 14.310272 -64.968338 12.378733 -2.87742 1.581357 -49.101368 -0.498148 9.194532 -6.844601 -1.430379 -5.88211 9.861288 0.702589 -10.936877 -0.360576 7.156208 1e-06 8.774828 -1e-06 -16.694809 18.848003 5.927847 -1.844033 2.498505 -2.507279 -10.163605 4.678946 4.621109 -20.976034 -6e-06 1e-06 -21.226299 2.451695 -3.594002 0.0 -6e-06 -0.0 -1.362681 2.240798 -0.746324 -21.334925 0.584908 3.008323 -13.821221 -4e-06 2e-06 -23.887182 -0.249081 -0.839482 -60.812134 2.782627 -1.455776 -0.294024 1.679688 0.833256 -14.218215 0.093213 1.30058 -34.212067 -0.287567 0.96717 -20.033222 0.964535 1.212845 0.0 -0.0 -0.0 -3.440391 0.788233 0.501655 -15.928194 -3.167311 2.999708 -6.338829 -1e-06 1e-06 -18.123457 3.648182 -4.905673 -3e-06 1e-06 -2e-06 -7.613453 20.355076 7.921096 33.136482 55.457115 -4.856998 2.151508 58.509674 2.439382 -35.043053 -9.178053 -2.333328 2.243543 -5.255037 -3.180158 14.282897 -0.826597 6.952508 -1e-06 -12.690609 3e-06 16.560381 -18.369274 4.097338 1.665667 -1.955922 -2.8783 4.727801 -4.17059 4.993927 11.02053 0.0 1e-06 12.109056 -3.735719 -2.866785 0.0 0.0 -1e-06 1.291986 -1.92855 -1.49809 14.800136 0.567467 3.865612 14.242579 -1.341737 -6.660659 19.631973 0.143925 -0.648245 52.603443 -1.537447 -5.647208 0.353028 -1.511151 -0.031941 20.222801 3.684308 2.316632 18.787283 2e-06 1e-06 10.751633 -0.47987 1.397907 2e-06 0.0 -1e-06 3.273808 0.305947 -0.580111 21.486818 11.830377 2.266137 8.162932 1e-06 1e-06 18.39909 -3.798988 -4.940576 2e-06 -1e-06 -0.0 -9.768334 8.003147 -5.308204 0.039371 1.066793 2.444146 8.303282 -2.722005 -5.601015 1.640379 -1.748232 0.444995 0.0 -0.0 2e-06 8.561866 -5.38994 -12.070094 0.006385 -0.668461 7.997037 -4.329247 -6.686698 -3.270584 -1.382577 1.111667 -0.402962 -0.0 -0.0 -1e-06
0.0 0.0 0.0 0.0 -0.0 0.0 99.110855 100.03083 110.929123 -97.972397 88.853462 -91.799332 1.959354 0.834163 2.199287 0.207779 3.196041 -4.227735 1.245948 2.727757 10.661514 -2.408495 3.492959 -5.014981 -0.106819 0.630009 -3.525205 -0.334548 0.134186 -14.944735 7.7e-05 -2.3e-05 6e-06 -0.037163 -0.064653 0.119577 0.687075 -3.78699 -10.474686 -0.767933 3.664165 -10.477876 -14.012081 0.990692 14.215442 -64.579315 12.546008 -2.370693 2.090482 -49.45715 -0.717065 8.900266 -6.491302 -2.533153 -5.882114 9.861292 0.70259 -10.936881 -0.360575 7.156212 1e-06 8.774832 -1e-06 -16.690512 18.987177 5.975477 -1.844036 2.498507 -2.50728 -10.163609 4.678948 4.621112 -20.97604 -4e-06 2e-06 -21.226307 2.451698 -3.594002 1e-06 -6e-06 -0.0 -1.36268 2.2408 -0.746324 -21.334932 0.584911 3.008326 -13.821227 -3e-06 2e-06 -23.887192 -0.249079 -0.839483 -60.87463 2.859022 -1.554585 -0.294025 1.679689 0.833257 -14.218221 0.093214 1.300581 -34.212078 -0.287564 0.967171 -20.033232 0.964537 1.212843 -1e-06 0.0 -0.0 -3.440392 0.788234 0.501656 -15.928201 -3.167312 2.999709 -6.338832 1e-06 1e-06 -18.123463 3.648184 -4.905674 -4e-06 1e-06 -2e-06 -8.298476 20.40617 7.578999 34.76606 54.936459 -4.713212 3.025871 59.30648 3.397026 -35.156086 -8.806002 -2.316251 2.243543 -5.25504 -3.180159 14.282896 -0.826596 6.952508 -1e-06 -12.69061 1e-06 16.42486 -18.445086 4.158954 1.665666 -1.955923 -2.878303 4.727802 -4.170588 4.993927 11.020534 1e-06 -1e-06 12.109056 -3.735717 -2.866786 2e-06 0.0 -1e-06 1.291986 -1.92855 -1.498089 14.800132 0.567469 3.865609 14.242577 -1.341737 -6.660662 19.631973 0.143926 -0.648245 52.562958 -1.636297 -5.625077 0.353028 -1.511152 -0.031941 20.222801 3.684312 2.31663 18.787283 5e-06 -1e-06 10.751631 -0.479869 1.397907 0.0 1e-06 -0.0 3.273807 0.305946 -0.58011 21.486824 11.830381 2.266135 8.16293 2e-06 -1e-06 18.39909 -3.798988 -4.940577 3e-06 0.0 -0.0 -9.799522 8.395251 -5.202157 0.061263 1.06937 2.813844 8.168448 -2.145465 -5.912495 1.651546 -1.697019 0.311662 0.0 0.0 2e-06 8.464375 -5.061843 -11.793331 -0.023808 -0.704374 8.119458 -4.110361 -6.470757 -3.130481 -1.367757 1.125394 -0.486935 -0.0 -0.0 -1e-06
0.0 0.0 0.0 0.0 -0.0 0.0 99.150627 100.028336 110.862747 -96.757927 88.783401 -90.875999 1.993108 0.813664 2.100953 0.212556 3.142847 -4.265209 1.357272 2.623701 10.748784 -2.465869 3.545681 -4.880538 -0.178512 0.725875 -3.505475 -0.201169 0.159979 -15.033907 7.7e-05 -2.3e-05 6e-06 -0.037212 -0.065838 0.11828 0.682203 -3.786657 -10.476973 -0.762661 3.660972 -10.477649 -14.088741 0.93388 14.072531 -64.065048 12.760981 -1.804551 2.502266 -49.903557 -0.908931 8.864736 -6.089772 -3.702392 -5.88211 9.86129 0.702591 -10.936875 -0.360575 7.156207 0.0 8.77483 -0.0 -16.640514 19.058935 6.022226 -1.844035 2.498506 -2.507279 -10.163604 4.678947 4.62111 -20.976032 -4e-06 1e-06 -21.226295 2.451698 -3.594002 0.0 -6e-06 -0.0 -1.362681 2.240799 -0.746323 -21.334921 0.58491 3.008323 -13.821218 -3e-06 1e-06 -23.887177 -0.249079 -0.839484 -60.813431 2.929029 -1.617508 -0.294024 1.679688 0.833257 -14.218214 0.093216 1.30058 -34.212059 -0.287565 0.967169 -20.033218 0.964536 1.212843 0.0 -0.0 -0.0 -3.440391 0.788233 0.501655 -15.928189 -3.16731 2.999707 -6.338828 -1e-06 1e-06 -18.123447 3.648185 -4.905672 -4e-06 1e-06 -2e-06 -9.087581 20.478907 7.153175 36.16465 54.412384 -4.618012 3.744174 59.839745 4.087672 -35.65057 -8.16792 -1.348606 2.243543 -5.255039 -3.180158 14.282889 -0.826598 6.952497 3e-06 -12.690607 -2e-06 16.224581 -18.462072 4.189117 1.665666 -1.955922 -2.8783 4.727798 -4.170591 4.993923 11.020526 -1e-06 -2e-06 12.109054 -3.735717 -2.866787 -1e-06 -0.0 -1e-06 1.291986 -1.92855 -1.498091 14.800127 0.567465 3.865603 14.242574 -1.341739 -6.660662 19.631968 0.143924 -0.64825 52.368977 -1.689685 -5.613287 0.353029 -1.511152 -0.03194 20.222788 3.684306 2.316626 18.787271 4e-06 -8e-06 10.751626 -0.47987 1.397902 2e-06 1e-06 -1e-06 3.273808 0.305945 -0.58011 21.486807 11.830371 2.266132 8.162927 -1e-06 -3e-06 18.399082 -3.798988 -4.940581 4e-06 2e-06 -1e-06 -9.738541 8.805821 -5.109691 0.075117 1.054583 3.209064 8.008086 -1.804857 -6.208714 1.662398 -1.644568 0.195928 0.0 -0.0 2e-06 8.456817 -4.975726 -11.445141 -0.045168 -0.719931 8.07763 -3.856079 -6.286304 -2.923476 -1.360452 1.113038 -0.565384 0.0 -0.0 -1e-06
0.0 0.0 0.0 0.0 -0.0 0.0 99.20446 100.039482 110.847839 -99.377296 88.719002 -93.759506 2.024073 0.801164 2.004612 0.220043 3.091184 -4.305673 1.439294 2.50919 10.825914 -2.506325 3.611679 -4.731517 -0.225964 0.787517 -3.472551 -0.155441 0.205636 -15.143706 7.7e-05 -2.2e-05 5e-06 -0.035126 -0.065083 0.118518 0.678615 -3.789084 -10.472705 -0.754507 3.664717 -10.471025 -14.129842 0.852345 13.938057 -63.486439 12.963026 -1.423759 2.659636 -50.457886 -1.008786 8.926497 -5.646098 -4.697694 -5.882107 9.861285 0.702591 -10.936872 -0.360575 7.156204 1e-06 8.774825 -0.0 -16.567711 19.079226 6.05423 -1.844035 2.498504 -2.507278 -10.163603 4.678946 4.621108 -20.97603 -3e-06 -1e-06 -21.226295 2.451696 -3.594002 1e-06 -6e-06 -0.0 -1.36268 2.240798 -0.746324 -21.334915 0.584909 3.00832 -13.821215 -3e-06 -0.0 -23.887175 -0.249081 -0.839486 -60.680325 2.986317 -1.664216 -0.294026 1.679688 0.833256 -14.218212 0.093215 1.300578 -34.212055 -0.287565 0.967166 -20.033218 0.964534 1.212842 -0.0 -0.0 0.0 -3.440387 0.788233 0.501655 -15.928189 -3.167309 2.999705 -6.338828 -0.0 0.0 -18.123453 3.64818 -4.905673 -3e-06 0.0 -2e-06 -10.010867 20.612925 6.626241 37.549698 53.933025 -4.46935 4.175307 60.128422 4.478436 -36.627586 -7.305919 0.39458 2.243541 -5.255035 -3.180158 14.28289 -0.826595 6.952505 -3e-06 -12.690601 -1e-06 16.087534 -18.437384 4.162675 1.665665 -1.955922 -2.878301 4.727798 -4.170586 4.993926 11.020523 2e-06 1e-06 12.109052 -3.735713 -2.866786 2e-06 1e-06 0.0 1.291986 -1.928548 -1.498089 14.800125 0.567468 3.865608 14.242568 -1.341736 -6.660657 19.631964 0.143927 -0.648243 52.134312 -1.703378 -5.616564 0.353029 -1.511151 -0.03194 20.222788 3.684309 2.316631 18.787271 4e-06 -0.0 10.751629 -0.479868 1.397907 0.0 -0.0 0.0 3.273806 0.305947 -0.58011 21.486813 11.830374 2.266134 8.162925 1e-06 3e-06 18.399078 -3.798985 -4.940573 4e-06 1e-06 -0.0 -9.65817 9.169757 -5.008522 0.08619 1.031784 3.531703 7.817812 -1.549255 -6.457021 1.668029 -1.623424 0.101687 0.0 -0.0 2e-06 8.468096 -4.992196 -11.109325 -0.055234 -0.715122 7.994515 -3.647134 -6.146561 -2.769739 -1.357977 1.08475 -0.626013 -0.0 -0.0 -1e-06
0.0 0.0 0.0 0.0 -0.0 0.0 99.261177 100.047096 110.865425 -101.782555 88.646935 -96.387352 2.063932 0.794777 1.907597 0.239006 3.053231 -4.352262 1.497983 2.398945 10.891333 -2.554787 3.690753 -4.584976 -0.264495 0.768705 -3.445817 -0.136237 0.299047 -15.283588 7.7e-05 -2.2e-05 5e-06 -0.035119 -0.076954 0.122848 0.67443 -3.805933 -10.46633 -0.750046 3.657952 -10.461157 -14.196427 0.770668 13.817767 -62.897224 13.155842 -1.357387 2.60538 -51.059799 -1.006478 8.949077 -5.258245 -5.517144 -5.882111 9.861293 0.702592 -10.93688 -0.360575 7.156211 -0.0 8.774832 -0.0 -16.479601 19.058386 6.076373 -1.844035 2.498506 -2.507279 -10.163607 4.67895 4.621113 -20.97604 -2e-06 3e-06 -21.226305 2.451701 -3.594002 1e-06 -6e-06 -0.0 -1.362682 2.2408 -0.746324 -21.33493 0.584911 3.008326 -13.821223 -1e-06 2e-06 -23.887184 -0.249077 -0.839484 -60.52224 3.01997 -1.708298 -0.294025 1.679689 0.833256 -14.218221 0.093215 1.300582 -34.212082 -0.287562 0.967172 -20.033232 0.964539 1.212845 0.0 1e-06 0.0 -3.44039 0.788233 0.501656 -15.928196 -3.167312 2.99971 -6.338831 -1e-06 1e-06 -18.123459 3.648189 -4.905674 -3e-06 1e-06 -2e-06 -11.004617 20.822369 6.029653 38.865551 53.51741 -4.343958 4.308671 60.236717 4.618668 -38.000042 -6.171277 2.794084 2.243546 -5.255046 -3.180163 14.282912 -0.826597 6.952516 1e-06 -12.69062 -2e-06 15.973921 -18.396778 4.097468 1.66567 -1.955925 -2.878304 4.727806 -4.170594 4.993932 11.020544 -1e-06 -0.0 12.109072 -3.735724 -2.86679 0.0 1e-06 2e-06 1.291988 -1.928554 -1.498092 14.800149 0.567466 3.865613 14.242599 -1.341741 -6.660673 19.632 0.143922 -0.648251 51.879318 -1.69266 -5.657291 0.35303 -1.511153 -0.03194 20.22282 3.684311 2.316633 18.787302 1e-06 -3e-06 10.751643 -0.479873 1.397907 -0.0 -0.0 -0.0 3.273811 0.305945 -0.580111 21.486847 11.830387 2.26614 8.162941 1e-06 -1e-06 18.399115 -3.798989 -4.940586 4e-06 2e-06 -1e-06 -9.560053 9.490428 -4.900631 0.09413 1.011437 3.754632 7.663737 -1.338384 -6.652718 1.666404 -1.629399 0.041303 -0.0 -0.0 2e-06 8.501337 -4.993672 -10.851282 -0.061329 -0.698585 7.960623 -3.488033 -6.07678 -2.67015 -1.358049 1.048751 -0.677884 0.0 -0.0 -1e-06
0.0 0.0 0.0 0.0 -0.0 0.0 99.310738 100.039818 110.896896 -102.163216 88.581833 -96.94973 2.10832 0.793956 1.812061 0.26244 3.037318 -4.401194 1.551456 2.30647 10.93801 -2.623495 3.76409 -4.44677 -0.281737 0.724499 -3.435053 -0.095278 0.425341 -15.464015 7.7e-05 -2.2e-05 5e-06 -0.036579 -0.099456 0.126883 0.669863 -3.833225 -10.466123 -0.748102 3.640503 -10.45538 -14.286682 0.705609 13.726933 -62.354301 13.358414 -1.521264 2.487838 -51.64159 -0.977738 8.891535 -4.914566 -6.358989 -5.88211 9.86129 0.702589 -10.936877 -0.360576 7.156205 1e-06 8.774828 -1e-06 -16.418606 19.016842 6.09757 -1.844033 2.498506 -2.507279 -10.163604 4.678946 4.621109 -20.976038 -5e-06 -2e-06 -21.226297 2.451694 -3.594005 2e-06 -6e-06 -0.0 -1.362683 2.2408 -0.746324 -21.334927 0.584909 3.00832 -13.821223 -4e-06 -1e-06 -23.887186 -0.249084 -0.839486 -60.422054 3.023228 -1.734925 -0.294026 1.679688 0.833257 -14.218219 0.093215 1.300578 -34.212074 -0.28757 0.967165 -20.033222 0.964533 1.212841 -0.0 0.0 -1e-06 -3.44039 0.788233 0.501655 -15.928198 -3.167312 2.999705 -6.33883 -3e-06 -0.0 -18.123459 3.648183 -4.905677 -3e-06 1e-06 -2e-06 -11.977683 21.086308 5.396321 40.039688 53.158234 -4.266326 4.223933 60.262478 4.588883 -39.526703 -4.864301 5.435538 2.243544 -5.25504 -3.18016 14.282901 -0.826596 6.95251 1e-06 -12.69061 -1e-06 15.888296 -18.349974 4.006059 1.665668 -1.955923 -2.878303 4.727803 -4.170588 4.993926 11.020535 1e-06 -2e-06 12.10906 -3.735718 -2.866786 0.0 1e-06 1e-06 1.291987 -1.928551 -1.49809 14.800139 0.567467 3.865614 14.242582 -1.34174 -6.660662 19.631985 0.143923 -0.648247 51.631691 -1.670055 -5.702117 0.353029 -1.511153 -0.031941 20.222805 3.684309 2.316636 18.787287 3e-06 0.0 10.751634 -0.479871 1.397908 1e-06 -0.0 1e-06 3.273809 0.305947 -0.58011 21.48683 11.830378 2.266139 8.162934 -1e-06 1e-06 18.399097 -3.798989 -4.940577 3e-06 -0.0 0.0 -9.460593 9.742699 -4.785485 0.101487 1.00162 3.876157 7.538987 -1.122009 -6.783957 1.66041 -1.646538 0.004652 0.0 -0.0 2e-06 8.545518 -4.979586 -10.655389 -0.062711 -0.676285 7.958972 -3.389118 -6.010402 -2.588912 -1.358426 1.006687 -0.704261 0.0 0.0 -1e-06
0.0 0.0 0.0 0.0 -0.0 0.0 99.369225 100.032631 110.937325 -101.447388 88.507996 -96.393303 2.16919 0.793006 1.722045 0.290861 3.034093 -4.443609 1.618446 2.229907 10.946559 -2.710032 3.826369 -4.318143 -0.284551 0.696847 -3.442899 -0.023929 0.538632 -15.654182 7.7e-05 -2.2e-05 5e-06 -0.036603 -0.117255 0.129424 0.66677 -3.855468 -10.473665 -0.744697 3.627387 -10.457397 -14.402918 0.656379 13.624562 -61.931114 13.605844 -1.971935 2.258186 -52.083439 -0.868931 8.811127 -4.635221 -7.185216 -5.882108 9.861292 0.702591 -10.936873 -0.360574 7.156208 0.0 8.77483 -0.0 -16.405588 18.946362 6.079803 -1.844034 2.498507 -2.50728 -10.163604 4.678948 4.621111 -20.976032 -4e-06 -2e-06 -21.226297 2.451696 -3.594005 1e-06 -6e-06 -0.0 -1.362681 2.240799 -0.746324 -21.334923 0.584912 3.008322 -13.82122 -1e-06 -0.0 -23.887182 -0.249081 -0.839486 -60.408543 3.003229 -1.762969 -0.294025 1.679689 0.833257 -14.218215 0.093216 1.300579 -34.212067 -0.287565 0.967167 -20.033218 0.964536 1.212842 0.0 1e-06 0.0 -3.44039 0.788234 0.501655 -15.928192 -3.16731 2.999707 -6.338829 -1e-06 0.0 -18.123453 3.648183 -4.905676 -3e-06 1e-06 -2e-06 -12.859242 21.395546 4.799037 41.104893 52.777287 -4.16184 3.975765 60.342644 4.433742 -41.083847 -3.378583 8.323524 2.243542 -5.255039 -3.18016 14.282896 -0.826597 6.952509 -2e-06 -12.690607 0.0 15.797575 -18.327219 3.919531 1.665666 -1.955923 -2.878299 4.7278 -4.170588 4.993927 11.020529 3e-06 1e-06 12.109055 -3.735715 -2.866785 0.0 1e-06 -1e-06 1.291986 -1.92855 -1.498089 14.800132 0.567467 3.865612 14.242575 -1.341739 -6.660658 19.631973 0.143923 -0.648242 51.411476 -1.638647 -5.747213 0.35303 -1.51115 -0.03194 20.222799 3.68431 2.316635 18.787279 2e-06 2e-06 10.751632 -0.479866 1.397908 2e-06 -0.0 0.0 3.273808 0.305946 -0.58011 21.48682 11.830373 2.266138 8.162932 1e-06 0.0 18.399092 -3.798985 -4.940573 4e-06 0.0 -1e-06 -9.34774 9.933948 -4.634853 0.105879 0.989509 3.88799 7.450864 -0.887791 -6.857484 1.654219 -1.662442 -0.023815 -0.0 0.0 2e-06 8.607199 -4.990343 -10.487302 -0.058442 -0.656152 7.960312 -3.27224 -5.927252 -2.493262 -1.359709 0.971965 -0.728188 0.0 0.0 -1e-06
0.0 0.0 0.0 0.0 -0.0 0.0 99.426453 100.041878 110.978676 -100.800018 88.432648 -95.879829 2.230298 0.79046 1.628625 0.311904 3.038167 -4.473549 1.695343 2.154139 10.915576 -2.78767 3.863952 -4.213752 -0.252027 0.671459 -3.465597 0.039178 0.614614 -15.759574 7.7e-05 -2.3e-05 6e-06 -0.034447 -0.121568 0.127767 0.665394 -3.862302 -10.482467 -0.738708 3.625818 -10.461461 -14.512764 0.609107 13.494854 -61.662476 13.920231 -2.596358 1.97774 -52.34549 -0.750064 8.74707 -4.443917 -7.875873 -5.882107 9.861288 0.702591 -10.936873 -0.360575 7.156206 1e-06 8.774826 -0.0 -16.41605 18.867388 6.05761 -1.844033 2.498504 -2.507278 -10.163603 4.678945 4.621109 -20.97603 -4e-06 2e-06 -21.226292 2.451697 -3.594 2e-06 -6e-06 -1e-06 -1.362683 2.240799 -0.746324 -21.334919 0.584909 3.008324 -13.821217 -2e-06 2e-06 -23.887178 -0.249079 -0.839483 -60.435024 2.975538 -1.75147 -0.294025 1.679688 0.833256 -14.218213 0.093215 1.30058 -34.212059 -0.287565 0.967169 -20.033224 0.964535 1.212844 1e-06 1e-06 0.0 -3.440391 0.788234 0.501656 -15.928189 -3.167312 2.999707 -6.338829 -1e-06 1e-06 -18.123453 3.648183 -4.905672 -3e-06 1e-06 -2e-06 -13.597486 21.684694 4.241321 42.080807 52.351257 -4.013491 3.716047 60.484249 4.248008 -42.386879 -1.711771 11.258898 2.243544 -5.255041 -3.180161 14.282901 -0.826597 6.952507 0.0 -12.690613 -3e-06 15.659751 -18.335676 3.842143 1.665668 -1.955924 -2.878302 4.727802 -4.17059 4.993926 11.020535 2e-06 -2e-06 12.109063 -3.73572 -2.86679 0.0 1e-06 -1e-06 1.291988 -1.928552 -1.49809 14.80014 0.567466 3.865611 14.242585 -1.341739 -6.660666 19.631985 0.143923 -0.648249 51.180267 -1.58936 -5.806525 0.353029 -1.511152 -0.031941 20.222805 3.68431 2.316631 18.787289 5e-06 -4e-06 10.751637 -0.479868 1.397906 3e-06 2e-06 0.0 3.27381 0.305946 -0.580113 21.486832 11.830383 2.266136 8.162933 0.0 -2e-06 18.399099 -3.798988 -4.940586 4e-06 -2e-06 -1e-06 -9.233363 10.014675 -4.443677 0.105832 0.983216 3.775101 7.400608 -0.632488 -6.838436 1.648423 -1.672483 -0.066486 0.0 -0.0 2e-06 8.660265 -5.032918 -10.401904 -0.051742 -0.646334 8.030171 -3.088735 -5.824342 -2.403653 -1.36233 0.949469 -0.74059 0.0 -0.0 -1e-06
0.0 0.0 0.0 0.0 -0.0 0.0 99.48999 100.05751 111.030457 -100.362274 88.370331 -95.554527 2.278039 0.795557 1.528163 0.330471 3.030487 -4.499918 1.761164 2.079554 10.876909 -2.810252 3.864151 -4.1586 -0.20513 0.640077 -3.487438 0.081361 0.682728 -15.821131 7.7e-05 -2.3e-05 6e-06 -0.032677 -0.121715 0.121425 0.664657 -3.862957 -10.494377 -0.734087 3.626646 -10.470019 -14.575753 0.563877 13.382808 -61.566868 14.241973 -3.336965 1.669674 -52.44825 -0.620017 8.735182 -4.251851 -8.471542 -5.88211 9.86129 0.702589 -10.936877 -0.360575 7.156205 1e-06 8.774828 -1e-06 -16.43745 18.799179 6.047203 -1.844035 2.498505 -2.507279 -10.163606 4.678947 4.621109 -20.976038 -5e-06 -1e-06 -21.226299 2.451696 -3.594004 2e-06 -5e-06 -0.0 -1.362681 2.240799 -0.746324 -21.334925 0.584908 3.00832 -13.821221 -3e-06 -1e-06 -23.887182 -0.249083 -0.839486 -60.484749 2.940387 -1.697572 -0.294025 1.679688 0.833256 -14.218216 0.093214 1.300578 -34.212067 -0.287567 0.967165 -20.033226 0.964533 1.212842 0.0 -0.0 -0.0 -3.44039 0.788234 0.501655 -15.928192 -3.167312 2.999705 -6.33883 -1e-06 -0.0 -18.123457 3.648181 -4.905676 -3e-06 0.0 -2e-06 -14.194018 21.900898 3.73459 43.018265 51.929878 -3.823104 3.485894 60.702496 4.083165 -43.253067 -0.078235 13.956063 2.243544 -5.255042 -3.180161 14.282905 -0.826595 6.952514 -1e-06 -12.690616 -2e-06 15.531186 -18.348358 3.771219 1.665668 -1.955925 -2.878304 4.727803 -4.170591 4.99393 11.020538 3e-06 -1e-06 12.109063 -3.73572 -2.866787 0.0 -0.0 0.0 1.291985 -1.92855 -1.498092 14.800142 0.567469 3.865613 14.242584 -1.341737 -6.660665 19.631985 0.143925 -0.648245 50.97443 -1.53021 -5.849975 0.35303 -1.511152 -0.03194 20.222813 3.684314 2.316634 18.787291 4e-06 1e-06 10.751638 -0.479869 1.397908 0.0 2e-06 0.0 3.27381 0.305945 -0.580113 21.486834 11.830383 2.26614 8.162935 -2e-06 -1e-06 18.399103 -3.798989 -4.940581 4e-06 -2e-06 -0.0 -9.127821 10.007832 -4.234376 0.101944 0.980978 3.585648 7.364289 -0.394972 -6.755816 1.644822 -1.678008 -0.124293 -0.0 -0.0 2e-06 8.695764 -5.129175 -10.394783 -0.044859 -0.646451 8.188281 -2.864326 -5.663873 -2.36613 -1.365759 0.934037 -0.758386 0.0 0.0 -1e-06
0.0 0.0 0.0 0.0 -0.0 0.0 99.562431 100.068924 111.093056 -101.369278 88.302223 -96.65686 2.314301 0.804328 1.418268 0.341124 3.018866 -4.53719 1.83125 1.995731 10.847009 -2.783286 3.848552 -4.121817 -0.162958 0.591596 -3.510867 0.111924 0.705737 -15.8816 7.7e-05 -2.2e-05 5e-06 -0.031176 -0.121861 0.114867 0.663912 -3.861651 -10.50805 -0.730095 3.625604 -10.481972 -14.581408 0.49137 13.2615 -61.615566 14.570187 -4.129864 1.378595 -52.458492 -0.508697 8.745006 -4.038136 -9.026287 -5.882108 9.861289 0.70259 -10.936873 -0.360575 7.156204 0.0 8.774828 -1e-06 -16.456499 18.741447 6.043785 -1.844032 2.498506 -2.507277 -10.163601 4.678946 4.621108 -20.976027 -5e-06 -1e-06 -21.226292 2.451695 -3.594002 2e-06 -6e-06 -0.0 -1.36268 2.240798 -0.746323 -21.334917 0.584909 3.008321 -13.821216 -3e-06 1e-06 -23.887173 -0.249081 -0.839484 -60.550217 2.904285 -1.620753 -0.294027 1.679687 0.833256 -14.218211 0.093215 1.300578 -34.212063 -0.287567 0.967166 -20.033218 0.964535 1.212841 2e-06 0.0 0.0 -3.44039 0.788236 0.501656 -15.928189 -3.16731 2.999704 -6.338828 -0.0 0.0 -18.123451 3.648182 -4.905674 -3e-06 1e-06 -2e-06 -14.671584 22.047403 3.302314 43.881714 51.513927 -3.641344 3.366353 60.979034 3.998715 -43.714317 1.403737 16.313068 2.243542 -5.255039 -3.180159 14.282896 -0.826595 6.952508 -2e-06 -12.690604 -1e-06 15.457811 -18.360018 3.704479 1.665665 -1.955922 -2.878299 4.7278 -4.170587 4.993925 11.020528 2e-06 -1e-06 12.109053 -3.735715 -2.866785 0.0 -0.0 0.0 1.291986 -1.92855 -1.498091 14.800131 0.567469 3.865611 14.242575 -1.341736 -6.660656 19.631969 0.143924 -0.648243 50.802666 -1.471168 -5.891765 0.353028 -1.51115 -0.03194 20.222799 3.684308 2.316633 18.787281 3e-06 1e-06 10.751631 -0.479871 1.397908 1e-06 1e-06 0.0 3.273807 0.305947 -0.58011 21.486818 11.830374 2.266138 8.162928 1e-06 -1e-06 18.399086 -3.798984 -4.940574 4e-06 0.0 -1e-06 -9.019184 9.933887 -4.043605 0.093563 0.984509 3.408475 7.330132 -0.187986 -6.676389 1.641465 -1.680101 -0.172061 -0.0 -0.0 2e-06 8.731293 -5.307431 -10.418484 -0.040662 -0.650867 8.36804 -2.64043 -5.450362 -2.35243 -1.368737 0.926376 -0.781575 0.0 0.0 -1e-06
0.0 0.0 0.0 0.0 -0.0 0.0 99.648712 100.081635 111.160728 -103.265327 88.226456 -98.639832 2.343974 0.806104 1.302966 0.349224 3.006058 -4.58795 1.907628 1.919149 10.826855 -2.740971 3.821398 -4.089514 -0.138171 0.539325 -3.536443 0.158415 0.692021 -15.910047 7.7e-05 -2.3e-05 6e-06 -0.029514 -0.118163 0.110618 0.661428 -3.856755 -10.516294 -0.724164 3.628563 -10.491575 -14.574074 0.416215 13.137991 -61.737186 14.881155 -4.86881 1.187113 -52.432209 -0.442565 8.739142 -3.827184 -9.543972 -5.882105 9.861288 0.702591 -10.936869 -0.360576 7.156203 0.0 8.774828 -1e-06 -16.471096 18.701441 6.037865 -1.844032 2.498504 -2.507278 -10.163598 4.678945 4.621108 -20.976021 -5e-06 0.0 -21.226286 2.451696 -3.594001 1e-06 -6e-06 -0.0 -1.362681 2.240798 -0.746323 -21.334909 0.584909 3.008321 -13.821212 -2e-06 1e-06 -23.887167 -0.24908 -0.839484 -60.615108 2.857011 -1.565818 -0.294024 1.679689 0.833257 -14.218207 0.093214 1.300579 -34.212048 -0.287567 0.967168 -20.033211 0.964534 1.212842 3e-06 0.0 -0.0 -3.440388 0.788234 0.501655 -15.928183 -3.167312 2.999705 -6.338825 -1e-06 1e-06 -18.123444 3.648184 -4.905671 -3e-06 1e-06 -2e-06 -15.042416 22.152893 2.943749 44.644562 51.085823 -3.427306 3.252228 61.325214 3.889821 -43.882938 2.679171 18.317965 2.243544 -5.255037 -3.180157 14.282893 -0.826595 6.952499 -1e-06 -12.690603 -1e-06 15.426389 -18.339823 3.62495 1.665667 -1.955922 -2.878299 4.7278 -4.170588 4.993923 11.020527 2e-06 -2e-06 12.109054 -3.735717 -2.866786 1e-06 -1e-06 -0.0 1.291986 -1.928549 -1.498089 14.800127 0.567467 3.865607 14.242574 -1.341738 -6.660659 19.631969 0.143927 -0.648248 50.653431 -1.411921 -5.933776 0.353029 -1.511151 -0.031939 20.222788 3.684307 2.316628 18.787275 3e-06 -4e-06 10.751625 -0.479869 1.397905 -0.0 2e-06 1e-06 3.273806 0.305947 -0.580111 21.486811 11.830368 2.266132 8.162928 -1e-06 -1e-06 18.399086 -3.798987 -4.940578 3e-06 -3e-06 -2e-06 -8.898464 9.83488 -3.873559 0.083125 0.982618 3.259485 7.306433 -0.009692 -6.60359 1.636304 -1.694138 -0.220269 0.0 -0.0 2e-06 8.762599 -5.514146 -10.466269 -0.037338 -0.655863 8.576773 -2.435699 -5.232664 -2.379153 -1.371696 0.92023 -0.816014 -0.0 0.0 -1e-06
0.0 0.0 0.0 0.0 -0.0 0.0 99.745995 100.090012 111.226128 -105.778725 88.135017 -101.238838 2.374356 0.793591 1.189528 0.36202 2.999159 -4.649446 1.984974 1.856872 10.815275 -2.697572 3.812116 -4.04209 -0.12887 0.418905 -3.557449 0.181716 0.648677 -15.894839 7.7e-05 -2.2e-05 6e-06 -0.029217 -0.119516 0.105685 0.655956 -3.858217 -10.520989 -0.718141 3.627573 -10.498874 -14.564407 0.334723 13.030945 -61.899593 15.16787 -5.595812 1.030648 -52.413105 -0.351692 8.700811 -3.642897 -9.933804 -5.882109 9.86129 0.70259 -10.936878 -0.360575 7.156209 1e-06 8.774829 -1e-06 -16.476851 18.680338 6.02865 -1.844035 2.498505 -2.507279 -10.163606 4.678946 4.62111 -20.976038 -3e-06 1e-06 -21.226299 2.451698 -3.594002 1e-06 -6e-06 -0.0 -1.362682 2.240801 -0.746323 -21.334929 0.584908 3.008323 -13.821221 -1e-06 1e-06 -23.887184 -0.249081 -0.839484 -60.654568 2.80375 -1.533911 -0.294026 1.679687 0.833256 -14.218217 0.093215 1.300579 -34.21207 -0.287566 0.967169 -20.033226 0.964535 1.212843 1e-06 -0.0 0.0 -3.440391 0.788233 0.501656 -15.928198 -3.167312 2.999707 -6.33883 -1e-06 1e-06 -18.123457 3.648183 -4.905673 -3e-06 1e-06 -2e-06 -15.319486 22.200247 2.640702 45.392979 50.698689 -3.051663 2.932648 61.732037 3.579162 -43.798065 3.683576 20.068289 2.243542 -5.255037 -3.180158 14.282892 -0.826593 6.952507 -4e-06 -12.690607 0.0 15.430037 -18.292551 3.514461 1.665667 -1.955921 -2.878299 4.727798 -4.170588 4.993925 11.020528 5e-06 -1e-06 12.109053 -3.735715 -2.866786 1e-06 1e-06 1e-06 1.291985 -1.928548 -1.498091 14.800131 0.567469 3.86561 14.242573 -1.341733 -6.660661 19.631971 0.143929 -0.648243 50.530205 -1.359287 -5.988112 0.353031 -1.511151 -0.031941 20.222792 3.684312 2.316628 18.787273 6e-06 -0.0 10.751629 -0.479865 1.397907 0.0 -0.0 1e-06 3.273807 0.305947 -0.58011 21.486814 11.83038 2.266135 8.162926 3e-06 1e-06 18.399082 -3.798986 -4.940576 3e-06 0.0 -1e-06 -8.76491 9.711007 -3.727192 0.077881 0.975073 3.16005 7.299542 0.163965 -6.550581 1.631464 -1.704234 -0.27102 -0.0 -1e-06 2e-06 8.803747 -5.745334 -10.490216 -0.03241 -0.660436 8.737625 -2.306459 -4.995037 -2.407722 -1.375001 0.915162 -0.867502 -0.0 -0.0 -1e-06
0.0 0.0 0.0 0.0 -0.0 0.0 99.838104 100.093353 111.290466 -107.1334 88.034866 -102.661438 2.411217 0.775046 1.077029 0.379777 3.006142 -4.716208 2.075414 1.808686 10.803946 -2.674165 3.809346 -3.97814 -0.140453 0.283388 -3.570689 0.174599 0.599987 -15.855923 7.7e-05 -2.2e-05 7e-06 -0.029924 -0.122929 0.099064 0.651445 -3.860733 -10.52567 -0.715176 3.623569 -10.505195 -14.582845 0.253153 12.93891 -62.109116 15.444084 -6.448138 0.845775 -52.435101 -0.189831 8.677255 -3.454071 -10.282774 -5.882107 9.861288 0.702591 -10.936875 -0.360575 7.156209 1e-06 8.774828 -1e-06 -16.467312 18.657572 6.008712 -1.844034 2.498505 -2.507279 -10.163603 4.678945 4.62111 -20.976027 -4e-06 3e-06 -21.226288 2.451696 -3.593999 1e-06 -6e-06 -0.0 -1.36268 2.240798 -0.746324 -21.334917 0.58491 3.008326 -13.821217 -3e-06 3e-06 -23.887175 -0.249079 -0.839481 -60.634178 2.731473 -1.523919 -0.294024 1.679687 0.833256 -14.218212 0.093214 1.300583 -34.212059 -0.287563 0.967175 -20.033218 0.964539 1.212846 1e-06 1e-06 0.0 -3.44039 0.788232 0.501656 -15.928192 -3.16731 2.999709 -6.338828 -1e-06 1e-06 -18.123453 3.648182 -4.905671 -3e-06 0.0 -2e-06 -15.55755 22.219753 2.351117 46.246368 50.374664 -2.4841 2.29942 62.153889 2.986619 -43.50106 4.469123 21.548756 2.243542 -5.255039 -3.180158 14.282896 -0.826596 6.952503 1e-06 -12.690605 -2e-06 15.425808 -18.235439 3.406586 1.665667 -1.955922 -2.878298 4.727801 -4.170588 4.993922 11.020531 2e-06 -2e-06 12.109058 -3.735718 -2.866785 0.0 1e-06 1e-06 1.291986 -1.92855 -1.498091 14.800136 0.567468 3.865608 14.24258 -1.341739 -6.660662 19.631975 0.143924 -0.648248 50.446739 -1.31565 -6.047423 0.353031 -1.511154 -0.031939 20.222801 3.684308 2.316631 18.787285 4e-06 -2e-06 10.751633 -0.479869 1.397905 1e-06 1e-06 -0.0 3.273808 0.305947 -0.58011 21.486824 11.830376 2.266134 8.16293 0.0 -2e-06 18.399096 -3.798985 -4.940581 3e-06 -1e-06 -2e-06 -8.62805 9.601269 -3.605579 0.080087 0.960697 3.064121 7.30846 0.322885 -6.504036 1.628317 -1.707543 -0.294143 0.0 -0.0 2e-06 8.868979 -5.998339 -10.593389 -0.026804 -0.66419 9.025018 -2.215033 -4.726519 -2.508844 -1.377712 0.913585 -0.922327 -0.0 0.0 -1e-06
0.0 0.0 0.0 0.0 -0.0 0.0 99.907867 100.083717 111.341705 -106.533607 87.962311 -102.121346 2.435779 0.767965 0.970726 0.400285 3.018171 -4.770663 2.183209 1.774665 10.794104 -2.700471 3.805715 -3.926864 -0.140744 0.211469 -3.571713 0.120259 0.54845 -15.825613 7.7e-05 -2.2e-05 7e-06 -0.030969 -0.129522 0.094698 0.648829 -3.86651 -10.528204 -0.714765 3.616285 -10.508738 -14.595964 0.217231 12.852524 -62.376198 15.671409 -7.275931 0.694597 -52.503582 -0.025239 8.671598 -3.243346 -10.553528 -5.882108 9.861288 0.702591 -10.936875 -0.360573 7.156204 1e-06 8.774829 -0.0 -16.461506 18.619974 5.982833 -1.844033 2.498505 -2.507277 -10.163604 4.678947 4.621107 -20.97603 -3e-06 -1e-06 -21.226295 2.451696 -3.594003 1e-06 -6e-06 -0.0 -1.362681 2.240799 -0.746323 -21.334923 0.58491 3.008319 -13.821218 -3e-06 -1e-06 -23.88718 -0.249081 -0.839486 -60.586205 2.656048 -1.537303 -0.294024 1.679687 0.833256 -14.218212 0.093215 1.300578 -34.212063 -0.287565 0.967164 -20.03322 0.964534 1.212841 2e-06 0.0 0.0 -3.44039 0.788234 0.501656 -15.928192 -3.167309 2.999704 -6.338829 -1e-06 -0.0 -18.123457 3.648182 -4.905674 -3e-06 0.0 -2e-06 -15.808285 22.254541 2.075271 47.202908 50.128708 -1.94873 1.63182 62.548618 2.393608 -43.150898 5.18268 22.723362 2.243542 -5.255036 -3.180158 14.282893 -0.826595 6.952506 -1e-06 -12.690601 -1e-06 15.420725 -18.198748 3.335492 1.665666 -1.955921 -2.878299 4.727801 -4.170586 4.993925 11.020529 3e-06 -1e-06 12.109056 -3.735715 -2.866781 0.0 -0.0 2e-06 1.291984 -1.92855 -1.498089 14.800132 0.567467 3.865611 14.242576 -1.341737 -6.660655 19.631971 0.143923 -0.64824 50.413059 -1.293709 -6.097995 0.35303 -1.511151 -0.031942 20.222799 3.68431 2.316635 18.787279 4e-06 0.0 10.751631 -0.479869 1.397908 0.0 1e-06 0.0 3.273808 0.305948 -0.58011 21.486822 11.830374 2.26614 8.16293 -0.0 2e-06 18.399088 -3.798983 -4.940573 3e-06 -2e-06 -1e-06 -8.522614 9.507695 -3.501255 0.083742 0.948517 2.973955 7.349823 0.510423 -6.476207 1.626635 -1.712604 -0.287078 0.0 0.0 2e-06 8.942838 -6.257971 -10.539948 -0.022924 -0.667767 9.019608 -2.16839 -4.405658 -2.489627 -1.377722 0.90557 -0.94981 0.0 0.0 -1e-06
0.0 0.0 0.0 0.0 -0.0 0.0 99.945435 100.062157 111.370071 -104.4366 87.917564 -100.078194 2.456747 0.774728 0.8809 0.419162 3.032032 -4.807155 2.305868 1.764226 10.764232 -2.796689 3.825175 -3.876217 -0.128829 0.138176 -3.580937 0.023542 0.461332 -15.798602 7.7e-05 -2.3e-05 6e-06 -0.033021 -0.136533 0.087564 0.64475 -3.874462 -10.535791 -0.714871 3.610243 -10.519186 -14.591707 0.189239 12.777361 -62.675373 15.852333 -8.011986 0.536295 -52.617741 0.112992 8.640515 -3.063558 -10.66202 -5.882108 9.861288 0.702591 -10.936873 -0.360574 7.156207 0.0 8.77483 -0.0 -16.429932 18.562027 5.967844 -1.844033 2.498504 -2.507279 -10.1636 4.678947 4.621109 -20.976028 -4e-06 -0.0 -21.226292 2.451696 -3.594002 3e-06 -6e-06 -1e-06 -1.36268 2.240798 -0.746324 -21.334917 0.58491 3.008322 -13.821217 -4e-06 1e-06 -23.887177 -0.249079 -0.839484 -60.496822 2.606429 -1.533833 -0.294026 1.679688 0.833256 -14.218212 0.093214 1.30058 -34.212059 -0.287565 0.967167 -20.033218 0.964536 1.212842 0.0 1e-06 0.0 -3.440389 0.788233 0.501655 -15.928189 -3.16731 2.999706 -6.338828 -0.0 1e-06 -18.123451 3.648183 -4.905674 -3e-06 2e-06 -2e-06 -16.061346 22.316807 1.796483 48.18874 49.939518 -1.504437 1.07347 62.893723 1.853204 -42.765152 5.932652 23.846327 2.243544 -5.25504 -3.18016 14.282904 -0.826597 6.952506 1e-06 -12.690609 -0.0 15.422487 -18.181204 3.274806 1.665667 -1.955923 -2.8783 4.727803 -4.17059 4.993926 11.020536 2e-06 -2e-06 12.10906 -3.73572 -2.866785 1e-06 -0.0 1e-06 1.291987 -1.928551 -1.498091 14.800139 0.567467 3.865608 14.242584 -1.34174 -6.66066 19.631985 0.143921 -0.648247 50.358486 -1.286706 -6.167046 0.353028 -1.51115 -0.031941 20.222805 3.684307 2.316633 18.787289 3e-06 -1e-06 10.751637 -0.479871 1.397905 1e-06 2e-06 -0.0 3.273809 0.305948 -0.580112 21.486832 11.830378 2.266137 8.162933 -1e-06 -1e-06 18.399099 -3.798989 -4.94058 4e-06 -1e-06 -1e-06 -8.457262 9.410676 -3.422813 0.092088 0.936045 2.912831 7.424818 0.757587 -6.4828 1.624422 -1.714354 -0.305632 -0.0 0.0 2e-06 9.011094 -6.484377 -10.366751 -0.016606 -0.66309 8.792174 -2.157819 -4.069855 -2.379627 -1.377787 0.897726 -0.95504 0.0 0.0 -1e-06
0.0 0.0 0.0 0.0 -0.0 0.0 99.960449 100.041985 111.390686 -102.119217 87.860825 -97.805008 2.492178 0.782761 0.800661 0.446167 3.051692 -4.836996 2.434665 1.753009 10.71828 -2.939529 3.852825 -3.803051 -0.141871 0.039602 -3.588824 -0.061236 0.347668 -15.75753 7.7e-05 -2.2e-05 6e-06 -0.033718 -0.134712 0.080984 0.644102 -3.874417 -10.54151 -0.715617 3.614014 -10.529949 -14.584123 0.149707 12.693571 -62.956196 16.016636 -8.655088 0.295372 -52.784832 0.27359 8.644915 -2.946538 -10.621797 -5.882106 9.861284 0.70259 -10.93687 -0.360574 7.156204 0.0 8.774825 -1e-06 -16.393637 18.509785 5.947118 -1.844031 2.498505 -2.507277 -10.163598 4.678944 4.621108 -20.976021 -4e-06 0.0 -21.226286 2.451695 -3.594001 3e-06 -6e-06 -0.0 -1.36268 2.240798 -0.746323 -21.334913 0.584909 3.008321 -13.821213 -3e-06 1e-06 -23.887167 -0.24908 -0.839485 -60.370403 2.586262 -1.536655 -0.294026 1.679688 0.833256 -14.218207 0.093216 1.300578 -34.212048 -0.287567 0.967167 -20.033211 0.964535 1.212842 0.0 2e-06 0.0 -3.440389 0.788233 0.501654 -15.928185 -3.16731 2.999706 -6.338826 -1e-06 1e-06 -18.123446 3.64818 -4.905673 -3e-06 1e-06 -2e-06 -16.254635 22.391569 1.591939 49.110073 49.82753 -1.121513 0.51686 63.179134 1.271537 -42.382492 6.807375 24.936977 2.243542 -5.255038 -3.18016 14.282898 -0.826593 6.952507 1e-06 -12.690603 -2e-06 15.408251 -18.139982 3.193431 1.665667 -1.955923 -2.878299 4.727801 -4.170586 4.993925 11.020528 3e-06 -1e-06 12.109055 -3.735716 -2.866784 0.0 -2e-06 -1e-06 1.291987 -1.928551 -1.498092 14.800134 0.567468 3.865611 14.242577 -1.341738 -6.660661 19.631973 0.143925 -0.648245 50.261833 -1.280362 -6.236834 0.353031 -1.511151 -0.03194 20.222801 3.684309 2.316634 18.787283 4e-06 -1e-06 10.751633 -0.47987 1.397907 1e-06 0.0 -1e-06 3.273808 0.305947 -0.58011 21.486824 11.830373 2.26614 8.16293 2e-06 -0.0 18.39909 -3.798985 -4.940578 4e-06 -2e-06 -1e-06 -8.384498 9.350159 -3.381536 0.105327 0.919479 2.902014 7.513294 0.952648 -6.498608 1.621881 -1.718933 -0.355594 0.0 -0.0 2e-06 9.087024 -6.641916 -10.219235 -0.009709 -0.649601 8.577287 -2.186886 -3.790664 -2.250395 -1.378205 0.888278 -0.949058 0.0 0.0 -1e-06
0.0 0.0 0.0 0.0 -0.0 0.0 99.963379 100.029312 111.413193 -100.460312 87.814476 -96.192749 2.5091 0.786846 0.730111 0.476664 3.067974 -4.859975 2.554069 1.726084 10.653699 -3.059629 3.886421 -3.70487 -0.184675 -0.056709 -3.60361 -0.115951 0.210047 -15.713326 7.7e-05 -2.2e-05 6e-06 -0.033106 -0.127844 0.08082 0.648722 -3.868285 -10.539834 -0.718789 3.621955 -10.532645 -14.544487 0.089671 12.60255 -63.194687 16.161686 -9.063629 0.073422 -52.969059 0.418368 8.66282 -2.826296 -10.52821 -5.882106 9.861284 0.702589 -10.936873 -0.360575 7.156206 -1e-06 8.774824 -1e-06 -16.374067 18.475599 5.934809 -1.844034 2.498505 -2.50728 -10.163604 4.678945 4.621109 -20.976032 -3e-06 1e-06 -21.226295 2.451696 -3.594 3e-06 -6e-06 -0.0 -1.362681 2.240798 -0.746323 -21.334921 0.584911 3.008322 -13.821218 -3e-06 1e-06 -23.88718 -0.249078 -0.839485 -60.284786 2.578065 -1.528491 -0.294024 1.679687 0.833255 -14.218214 0.093217 1.30058 -34.212063 -0.287564 0.967168 -20.033224 0.964534 1.212843 0.0 1e-06 1e-06 -3.440389 0.788234 0.501656 -15.928191 -3.167308 2.999707 -6.338828 -2e-06 1e-06 -18.123453 3.648183 -4.905672 -3e-06 1e-06 -2e-06 -16.322859 22.472235 1.492647 49.914242 49.781349 -0.848499 0.060308 63.388268 0.841706 -42.02737 7.650874 25.933754 2.24354 -5.255033 -3.180158 14.282885 -0.826594 6.952501 -3e-06 -12.690598 0.0 15.420976 -18.091167 3.111721 1.665665 -1.955922 -2.878298 4.727795 -4.170584 4.993922 11.02052 5e-06 -2e-06 12.109047 -3.735713 -2.866784 0.0 -0.0 2e-06 1.291983 -1.928548 -1.49809 14.80012 0.567469 3.865607 14.242564 -1.341735 -6.660655 19.631958 0.143928 -0.648244 50.200012 -1.271315 -6.283428 0.353026 -1.51115 -0.031939 20.222784 3.684308 2.31663 18.787266 6e-06 -1e-06 10.751625 -0.479867 1.397906 1e-06 2e-06 -0.0 3.273805 0.305947 -0.58011 21.486801 11.830368 2.266133 8.162924 1e-06 -1e-06 18.399076 -3.798982 -4.940575 3e-06 -1e-06 -0.0 -8.320279 9.305763 -3.366107 0.117574 0.90806 2.931089 7.597902 1.082286 -6.47743 1.619326 -1.72266 -0.436216 -0.0 -0.0 2e-06 9.140697 -6.767668 -10.119243 -0.004264 -0.642964 8.443675 -2.263 -3.575454 -2.143424 -1.378095 0.881429 -0.949038 -0.0 0.0 -1e-06
0.0 0.0 0.0 0.0 -0.0 0.0 99.984818 100.019646 111.434319 -100.12326 87.794777 -95.924339 2.503912 0.786498 0.669722 0.502805 3.070855 -4.882743 2.650711 1.67747 10.588667 -3.123655 3.928905 -3.59773 -0.242959 -0.159039 -3.625558 -0.142544 0.084974 -15.6579 7.7e-05 -2.3e-05 5e-06 -0.03376 -0.130046 0.086305 0.652885 -3.867557 -10.527019 -0.723962 3.617064 -10.523384 -14.486082 0.021878 12.527802 -63.345402 16.255236 -9.214366 -0.04393 -53.132881 0.51207 8.590155 -2.653649 -10.423167 -5.882114 9.861293 0.702589 -10.936881 -0.360573 7.156207 0.0 8.774831 -0.0 -16.406384 18.46137 5.919092 -1.844036 2.498507 -2.507279 -10.16361 4.678952 4.621109 -20.976044 -4e-06 -2e-06 -21.226311 2.451697 -3.594006 3e-06 -6e-06 -0.0 -1.362683 2.2408 -0.746324 -21.33493 0.584911 3.00832 -13.821227 -2e-06 -1e-06 -23.887194 -0.249081 -0.839489 -60.289211 2.567127 -1.511372 -0.294027 1.679688 0.833257 -14.218223 0.093217 1.300577 -34.212078 -0.287566 0.967163 -20.033232 0.964534 1.212839 -1e-06 1e-06 -0.0 -3.440392 0.788235 0.501656 -15.928201 -3.167311 2.999705 -6.338833 -0.0 -1e-06 -18.123466 3.648185 -4.905678 -3e-06 1e-06 -2e-06 -16.311047 22.579857 1.394769 50.62064 49.657284 -0.625277 -0.361131 63.575386 0.540919 -41.673157 8.219274 26.682657 2.243543 -5.255038 -3.180161 14.282905 -0.826595 6.952511 -1e-06 -12.69061 -2e-06 15.476056 -18.016199 3.05598 1.665668 -1.955923 -2.878304 4.727804 -4.170588 4.993928 11.020536 4e-06 -1e-06 12.109062 -3.735718 -2.866785 0.0 0.0 -1e-06 1.291986 -1.928551 -1.49809 14.800142 0.567468 3.86561 14.242584 -1.341737 -6.660664 19.631985 0.143924 -0.648244 50.203335 -1.258897 -6.269036 0.353029 -1.51115 -0.031939 20.222815 3.684311 2.316635 18.787289 5e-06 2e-06 10.751637 -0.47987 1.397907 1e-06 1e-06 0.0 3.27381 0.305947 -0.580111 21.486834 11.830381 2.266138 8.162937 -1e-06 -0.0 18.399103 -3.798986 -4.940578 3e-06 -2e-06 -0.0 -8.281426 9.242801 -3.337247 0.120677 0.908972 2.975747 7.668865 1.17828 -6.433756 1.61902 -1.736995 -0.510923 -0.0 0.0 2e-06 9.163589 -6.883068 -9.993132 -0.003082 -0.648329 8.320824 -2.384825 -3.408909 -2.061364 -1.376694 0.871614 -0.912843 -0.0 -0.0 -1e-06
0.0 0.0 0.0 0.0 -0.0 0.0 100.013222 100.007332 111.446022 -99.679573 87.796104 -95.589027 2.499417 0.797239 0.622484 0.520562 3.056775 -4.905288 2.728665 1.62504 10.531363 -3.160728 3.983995 -3.504222 -0.285645 -0.269892 -3.637563 -0.144588 -0.01923 -15.578905 7.7e-05 -2.2e-05 6e-06 -0.035502 -0.141258 0.090872 0.65435 -3.875244 -10.512248 -0.728726 3.602625 -10.510563 -14.429667 -0.041074 12.493604 -63.453129 16.238007 -9.196339 -0.026528 -53.159584 0.537677 8.521187 -2.486135 -10.337147 -5.882112 9.861292 0.702592 -10.93688 -0.360574 7.156211 1e-06 8.774831 0.0 -16.455072 18.456461 5.905731 -1.844032 2.498505 -2.507279 -10.163605 4.678949 4.621113 -20.976038 -4e-06 3e-06 -21.226301 2.4517 -3.594001 3e-06 -6e-06 -1e-06 -1.362684 2.240799 -0.746324 -21.33493 0.584912 3.008325 -13.821225 -1e-06 2e-06 -23.88719 -0.249077 -0.839484 -60.360924 2.566305 -1.538952 -0.294025 1.679689 0.833255 -14.218218 0.093214 1.30058 -34.212074 -0.287564 0.96717 -20.03323 0.964538 1.212843 0.0 1e-06 0.0 -3.44039 0.788234 0.501657 -15.928201 -3.16731 2.999709 -6.338832 -0.0 1e-06 -18.123463 3.648186 -4.905674 -3e-06 1e-06 -1e-06 -16.270208 22.708218 1.24866 51.237411 49.407879 -0.417791 -0.649292 63.764153 0.366011 -41.315876 8.579817 26.99966 2.243543 -5.255039 -3.180159 14.282888 -0.826593 6.9525 -1e-06 -12.690605 1e-06 15.554338 -17.94681 3.010659 1.665667 -1.955922 -2.878298 4.7278 -4.170588 4.993922 11.020528 4e-06 -3e-06 12.109053 -3.735714 -2.866786 -0.0 0.0 0.0 1.291985 -1.928548 -1.49809 14.800129 0.56747 3.865606 14.242576 -1.341735 -6.660661 19.631969 0.143926 -0.648245 50.207054 -1.24447 -6.230936 0.353031 -1.51115 -0.031941 20.222792 3.68431 2.31663 18.787273 6e-06 -1e-06 10.751629 -0.479869 1.397906 0.0 2e-06 0.0 3.273806 0.305947 -0.580112 21.486818 11.830376 2.266132 8.162927 1e-06 -1e-06 18.399086 -3.798985 -4.940577 3e-06 -3e-06 -1e-06 -8.257285 9.147167 -3.246457 0.110825 0.906972 3.005316 7.738917 1.335778 -6.431644 1.621375 -1.759848 -0.5365 0.0 0.0 2e-06 9.162376 -6.969615 -9.769968 -0.004562 -0.659332 8.130096 -2.512536 -3.22839 -1.998226 -1.376107 0.867283 -0.852506 0.0 0.0 -1e-06
0.0 0.0 0.0 0.0 -0.0 0.0 100.046204 99.990181 111.460831 -99.426483 87.810722 -95.45356 2.505832 0.797805 0.578997 0.522191 3.033891 -4.922469 2.804382 1.60106 10.468495 -3.192968 4.026397 -3.443751 -0.321317 -0.404618 -3.633654 -0.126801 -0.146164 -15.496016 7.7e-05 -2.3e-05 6e-06 -0.034732 -0.138042 0.087205 0.655294 -3.869441 -10.505051 -0.728219 3.603492 -10.505378 -14.411593 -0.105153 12.448161 -63.508896 16.185837 -9.168911 -0.030493 -53.040157 0.5614 8.485764 -2.397875 -10.273549 -5.882112 9.861294 0.702591 -10.936882 -0.360575 7.156212 0.0 8.774833 -1e-06 -16.459202 18.428528 5.911493 -1.844034 2.498506 -2.50728 -10.163611 4.678949 4.621113 -20.976046 -4e-06 2e-06 -21.226311 2.4517 -3.594002 1e-06 -6e-06 -0.0 -1.362683 2.2408 -0.746325 -21.334934 0.58491 3.008325 -13.821228 -3e-06 2e-06 -23.887192 -0.249078 -0.839484 -60.405838 2.576499 -1.552039 -0.294027 1.679689 0.833258 -14.218225 0.093217 1.300582 -34.212086 -0.287563 0.96717 -20.033236 0.964538 1.212844 0.0 2e-06 0.0 -3.440392 0.788235 0.501656 -15.928203 -3.167312 2.99971 -6.338833 -2e-06 1e-06 -18.123465 3.648186 -4.905675 -3e-06 1e-06 -2e-06 -16.214975 22.793245 1.123558 51.656658 49.125999 -0.204082 -0.901961 63.914547 0.154317 -40.821072 8.91411 27.094563 2.243545 -5.255044 -3.180162 14.282909 -0.826595 6.952511 -0.0 -12.690615 -3e-06 15.597322 -17.897034 2.953349 1.665667 -1.955926 -2.878304 4.727806 -4.170588 4.993929 11.020539 2e-06 -3e-06 12.109064 -3.735719 -2.866789 0.0 -0.0 1e-06 1.291988 -1.928555 -1.498091 14.800148 0.56747 3.865614 14.242586 -1.341739 -6.660666 19.63199 0.143927 -0.648245 50.127766 -1.210875 -6.214208 0.35303 -1.511153 -0.03194 20.222818 3.684314 2.316636 18.787296 6e-06 1e-06 10.751643 -0.479867 1.397908 0.0 3e-06 0.0 3.273809 0.305946 -0.580112 21.486839 11.830383 2.26614 8.162937 1e-06 -1e-06 18.399105 -3.798987 -4.940581 3e-06 -2e-06 -0.0 -8.24496 9.066287 -3.132833 0.100202 0.906982 3.033984 7.763993 1.46716 -6.484678 1.622568 -1.775086 -0.538076 0.0 0.0 2e-06 9.135155 -7.000223 -9.484103 -0.003806 -0.66369 7.856131 -2.573081 -3.061726 -1.945383 -1.377447 0.858992 -0.832456 -0.0 -0.0 -1e-06
0.0 0.0 0.0 0.0 -0.0 0.0 100.065933 99.970947 111.470566 -98.274849 87.830299 -94.401085 2.528846 0.792192 0.53459 0.525246 3.022314 -4.93727 2.873696 1.593289 10.409824 -3.235182 4.037859 -3.433306 -0.36269 -0.526194 -3.631401 -0.078887 -0.29438 -15.415189 7.7e-05 -2.3e-05 5e-06 -0.034442 -0.134694 0.078968 0.653475 -3.862482 -10.499301 -0.725949 3.603235 -10.500995 -14.429231 -0.157648 12.344485 -63.559097 16.150957 -9.132897 -0.054501 -52.805267 0.589975 8.530495 -2.353494 -10.29902 -5.882114 9.861296 0.702592 -10.936881 -0.360574 7.15621 0.0 8.774835 -0.0 -16.432541 18.394455 5.937249 -1.844035 2.498507 -2.507279 -10.16361 4.678951 4.621112 -20.976042 -2e-06 -0.0 -21.226307 2.451699 -3.594004 2e-06 -5e-06 -0.0 -1.362681 2.2408 -0.746324 -21.334938 0.584912 3.008321 -13.821228 -3e-06 -0.0 -23.887194 -0.24908 -0.839487 -60.417076 2.581985 -1.523713 -0.294025 1.67969 0.833256 -14.218224 0.093216 1.300579 -34.212086 -0.287565 0.967165 -20.033236 0.964534 1.212841 0.0 1e-06 1e-06 -3.440392 0.788234 0.501655 -15.928203 -3.167311 2.999707 -6.338833 -2e-06 -0.0 -18.123466 3.648185 -4.905677 -3e-06 1e-06 -2e-06 -16.170399 22.84828 1.044493 51.946907 48.864716 0.072441 -1.230938 64.04776 -0.151132 -40.287201 9.192258 27.079037 2.243545 -5.255041 -3.180161 14.282902 -0.826595 6.95251 1e-06 -12.690612 -2e-06 15.618121 -17.856968 2.904706 1.665669 -1.955924 -2.878302 4.727801 -4.170589 4.993928 11.020535 2e-06 -2e-06 12.10906 -3.735718 -2.866788 -0.0 2e-06 -1e-06 1.291988 -1.92855 -1.498094 14.800139 0.567466 3.865612 14.242585 -1.341736 -6.660665 19.631985 0.143924 -0.648247 50.04348 -1.176521 -6.214974 0.35303 -1.511151 -0.031939 20.222803 3.684311 2.316633 18.787289 3e-06 -2e-06 10.751636 -0.479871 1.397907 0.0 1e-06 0.0 3.27381 0.305949 -0.580111 21.486832 11.830379 2.266137 8.162935 1e-06 -1e-06 18.399097 -3.798988 -4.94058 3e-06 0.0 -0.0 -8.240088 9.041377 -3.047246 0.099511 0.909362 3.077861 7.762953 1.562479 -6.538353 1.622198 -1.77667 -0.530665 -0.0 0.0 2e-06 9.101072 -6.963068 -9.195751 -0.003976 -0.66174 7.541062 -2.607435 -2.924966 -1.863209 -1.379499 0.850798 -0.836687 -0.0 -0.0 -1e-06
0.0 0.0 0.0 0.0 -0.0 0.0 100.067612 99.952606 111.470543 -96.661041 87.852058 -92.866135 2.556746 0.793238 0.489393 0.534242 3.030452 -4.946665 2.938983 1.554719 10.354122 -3.286765 4.042368 -3.468481 -0.404273 -0.610966 -3.631644 -0.02345 -0.426648 -15.356608 7.7e-05 -2.3e-05 6e-06 -0.03493 -0.134047 0.072087 0.650151 -3.858806 -10.497815 -0.723701 3.600717 -10.500181 -14.480602 -0.187824 12.231742 -63.611191 16.089668 -9.034064 -0.048563 -52.476925 0.597367 8.647722 -2.335857 -10.389815 -5.88211 9.86129 0.702591 -10.936877 -0.360574 7.156208 0.0 8.774828 -1e-06 -16.406704 18.356966 5.963028 -1.844033 2.498505 -2.507278 -10.163606 4.678948 4.62111 -20.976038 -3e-06 3e-06 -21.226297 2.451699 -3.594 2e-06 -6e-06 -1e-06 -1.362682 2.240799 -0.746324 -21.334927 0.584913 3.008323 -13.821221 -1e-06 2e-06 -23.887184 -0.249078 -0.839484 -60.412445 2.578035 -1.481444 -0.294027 1.679688 0.833257 -14.218219 0.093216 1.300581 -34.212074 -0.287564 0.967171 -20.03323 0.964537 1.212842 0.0 1e-06 0.0 -3.440391 0.788234 0.501655 -15.928194 -3.16731 2.999707 -6.33883 -1e-06 1e-06 -18.123459 3.648186 -4.905673 -3e-06 2e-06 -2e-06 -16.146585 22.877693 0.989706 52.292145 48.582718 0.354005 -1.402526 64.202232 -0.317185 -39.836761 9.474469 26.896072 2.243542 -5.255042 -3.180161 14.282907 -0.826593 6.952513 -2e-06 -12.690617 0.0 15.608965 -17.822096 2.885776 1.665667 -1.955924 -2.878304 4.727803 -4.170589 4.993931 11.020538 5e-06 -1e-06 12.109064 -3.735718 -2.866786 1e-06 1e-06 2e-06 1.291986 -1.928553 -1.498093 14.800146 0.567471 3.865613 14.242586 -1.341735 -6.660663 19.631987 0.143925 -0.648242 49.964111 -1.150587 -6.219955 0.353028 -1.511153 -0.031938 20.222815 3.684313 2.316637 18.787291 6e-06 4e-06 10.751641 -0.479871 1.397909 1e-06 -0.0 0.0 3.273811 0.305948 -0.580112 21.486839 11.83039 2.26614 8.162936 2e-06 1e-06 18.399101 -3.798988 -4.940576 3e-06 -1e-06 -0.0 -8.240746 9.059429 -2.977704 0.103275 0.914017 3.109919 7.756349 1.659007 -6.572225 1.621591 -1.774208 -0.546419 0.0 0.0 2e-06 9.063781 -6.905442 -8.918416 -0.004859 -0.661891 7.209268 -2.60368 -2.795391 -1.748192 -1.381337 0.844067 -0.853569 -0.0 0.0 -1e-06
0.0 0.0 0.0 0.0 -0.0 0.0 100.043449 99.938599 111.464981 -94.461029 87.87542 -90.726814 2.594299 0.80989 0.450182 0.549715 3.029909 -4.958292 3.005239 1.491804 10.319326 -3.354554 4.033669 -3.565464 -0.42643 -0.651797 -3.624496 -0.005663 -0.50024 -15.333508 7.7e-05 -2.3e-05 6e-06 -0.036355 -0.139127 0.070246 0.645083 -3.861841 -10.497161 -0.721631 3.593559 -10.501819 -14.556078 -0.183318 12.141544 -63.699986 15.989178 -8.935048 -0.086889 -52.140648 0.627901 8.769146 -2.339392 -10.511177 -5.882106 9.861288 0.702591 -10.936874 -0.360576 7.156205 1e-06 8.774828 -1e-06 -16.395275 18.31399 5.960748 -1.844033 2.498505 -2.507278 -10.163603 4.678945 4.621109 -20.976028 -6e-06 0.0 -21.226292 2.451695 -3.594002 2e-06 -5e-06 -1e-06 -1.362682 2.2408 -0.746322 -21.334917 0.584908 3.008321 -13.821217 -3e-06 1e-06 -23.887177 -0.249082 -0.839484 -60.372009 2.558267 -1.449815 -0.294024 1.679688 0.833256 -14.218212 0.093213 1.300578 -34.212051 -0.287568 0.967169 -20.033215 0.964533 1.212844 0.0 1e-06 0.0 -3.440389 0.788233 0.501655 -15.928189 -3.167312 2.999706 -6.338827 -4e-06 0.0 -18.123451 3.648183 -4.905673 -3e-06 -0.0 -2e-06 -16.143822 22.889845 0.946099 52.797108 48.250557 0.705957 -1.492649 64.438316 -0.414713 -39.576519 9.774575 26.598888 2.243541 -5.25504 -3.18016 14.282896 -0.826597 6.952507 -0.0 -12.690609 -1e-06 15.594898 -17.785368 2.889619 1.665668 -1.955922 -2.878301 4.7278 -4.170588 4.993925 11.020529 3e-06 -2e-06 12.109056 -3.73572 -2.866786 1e-06 2e-06 1e-06 1.291986 -1.92855 -1.498089 14.800132 0.567469 3.865611 14.242577 -1.341739 -6.660662 19.631973 0.14392 -0.648246 49.908813 -1.128634 -6.213768 0.353031 -1.511151 -0.031941 20.222797 3.684311 2.316632 18.787279 3e-06 0.0 10.751632 -0.47987 1.397907 1e-06 -0.0 0.0 3.273808 0.305946 -0.58011 21.48682 11.830376 2.266137 8.16293 -1e-06 -0.0 18.39909 -3.798987 -4.940578 3e-06 -1e-06 -1e-06 -8.255635 9.103793 -2.929726 0.10485 0.920794 3.136867 7.750659 1.781532 -6.590114 1.619086 -1.782864 -0.575397 0.0 -0.0 2e-06 9.022112 -6.85535 -8.73672 -0.003825 -0.663186 7.024393 -2.55057 -2.66372 -1.694167 -1.383765 0.837152 -0.871665 -0.0 0.0 -1e-06
0.0 0.0 0.0 0.0 -0.0 0.0 100.004662 99.934448 111.473846 -93.023056 87.888168 -89.320236 2.633646 0.824751 0.408367 0.572091 3.006303 -4.980223 3.084434 1.421456 10.299622 -3.435186 4.018316 -3.691263 -0.430394 -0.686601 -3.616009 -0.020905 -0.537395 -15.295281 7.7e-05 -2.3e-05 6e-06 -0.038321 -0.144569 0.069705 0.640269 -3.865696 -10.499587 -0.720885 3.586489 -10.506339 -14.598205 -0.194654 12.075192 -63.892929 15.860816 -8.85367 -0.161033 -51.811081 0.657019 8.887326 -2.382987 -10.692009 -5.882115 9.861301 0.702593 -10.936886 -0.360574 7.15621 -0.0 8.774839 -0.0 -16.382895 18.261795 5.942526 -1.844036 2.498508 -2.50728 -10.163614 4.678954 4.621112 -20.976057 -4e-06 -2e-06 -21.226322 2.4517 -3.594008 3e-06 -6e-06 -0.0 -1.362683 2.240801 -0.746324 -21.334944 0.584911 3.008322 -13.821234 -2e-06 -0.0 -23.887205 -0.249082 -0.839488 -60.292416 2.535414 -1.426563 -0.294024 1.67969 0.833257 -14.218229 0.093216 1.300579 -34.212105 -0.287567 0.967165 -20.033243 0.964536 1.212841 -0.0 1e-06 -0.0 -3.440395 0.788235 0.501656 -15.928206 -3.167314 2.999707 -6.338835 -2e-06 -0.0 -18.123472 3.648188 -4.90568 -3e-06 1e-06 -1e-06 -16.081881 22.816753 0.973876 53.499866 47.854275 1.225439 -1.596141 64.78228 -0.514187 -39.382896 10.109838 26.458141 2.243544 -5.255042 -3.180162 14.282908 -0.826596 6.952511 2e-06 -12.690615 -3e-06 15.560375 -17.749853 2.894832 1.66567 -1.955924 -2.878301 4.727805 -4.17059 4.993929 11.020539 3e-06 -1e-06 12.109065 -3.735721 -2.866788 1e-06 1e-06 0.0 1.291987 -1.928552 -1.498091 14.800146 0.567468 3.865612 14.242591 -1.34174 -6.660667 19.63199 0.143923 -0.648248 49.829426 -1.103315 -6.206391 0.35303 -1.511153 -0.03194 20.222818 3.684309 2.316636 18.7873 2e-06 -0.0 10.751643 -0.479874 1.397906 1e-06 1e-06 0.0 3.273811 0.305945 -0.58011 21.486839 11.830382 2.26614 8.162938 -2e-06 -1e-06 18.399109 -3.798988 -4.940583 3e-06 0.0 -2e-06 -8.278067 9.121316 -2.907027 0.106662 0.925902 3.130725 7.748781 1.921721 -6.568698 1.616596 -1.785188 -0.600848 0.0 -0.0 2e-06 8.979786 -6.841861 -8.659128 0.000679 -0.660606 6.917506 -2.475445 -2.546934 -1.624506 -1.386602 0.830226 -0.88975 -0.0 -0.0 -1e-06
0.0 0.0 0.0 0.0 -0.0 0.0 99.964401 99.940773 111.497055 -92.425217 87.880028 -88.724136 2.671916 0.830358 0.361751 0.59779 2.963175 -5.003017 3.19497 1.357511 10.288702 -3.515587 3.991932 -3.845887 -0.417862 -0.691389 -3.604563 -0.067817 -0.548043 -15.217875 7.7e-05 -2.2e-05 6e-06 -0.040545 -0.151838 0.070162 0.637938 -3.871553 -10.503016 -0.723191 3.577603 -10.510447 -14.582779 -0.230077 12.020967 -64.212852 15.701027 -8.821645 -0.261451 -51.487537 0.698916 9.005893 -2.425995 -10.890768 -5.882108 9.861289 0.702589 -10.936873 -0.360576 7.156204 1e-06 8.774828 -1e-06 -16.36993 18.204208 5.912605 -1.844034 2.498505 -2.507278 -10.163603 4.678947 4.621107 -20.976034 -6e-06 -2e-06 -21.226295 2.451695 -3.594003 2e-06 -6e-06 -0.0 -1.362684 2.240798 -0.746324 -21.334925 0.584908 3.008318 -13.821219 -4e-06 -0.0 -23.88718 -0.249083 -0.839486 -60.19622 2.511133 -1.397347 -0.294026 1.679689 0.833256 -14.218217 0.093213 1.300578 -34.212067 -0.287568 0.967165 -20.033222 0.964533 1.212843 1e-06 1e-06 1e-06 -3.440391 0.788232 0.501655 -15.928191 -3.167311 2.999705 -6.338829 -2e-06 -0.0 -18.123453 3.648181 -4.905674 -3e-06 1e-06 -2e-06 -15.911125 22.658407 1.059028 54.370918 47.2938 1.94487 -1.737594 65.303703 -0.631554 -39.144421 10.464465 26.291126 2.243545 -5.255042 -3.180161 14.282904 -0.826595 6.952509 -2e-06 -12.690616 0.0 15.518378 -17.716234 2.927452 1.665666 -1.955923 -2.878303 4.727802 -4.17059 4.993928 11.020535 5e-06 -2e-06 12.10906 -3.735718 -2.866789 1e-06 1e-06 2e-06 1.291986 -1.928552 -1.49809 14.800139 0.567469 3.865611 14.242583 -1.341738 -6.660665 19.631985 0.143928 -0.648247 49.74334 -1.075283 -6.186418 0.353029 -1.511152 -0.03194 20.222805 3.684314 2.316633 18.787289 6e-06 -0.0 10.751637 -0.479868 1.397908 1e-06 0.0 -0.0 3.27381 0.305948 -0.580114 21.486832 11.830384 2.266135 8.162932 1e-06 -1e-06 18.399097 -3.798987 -4.940581 2e-06 -1e-06 -1e-06 -8.283599 9.119084 -2.91 0.10936 0.933578 3.095814 7.731915 2.057365 -6.550283 1.614245 -1.778834 -0.607612 0.0 -0.0 2e-06 8.943985 -6.831297 -8.675685 0.002671 -0.656273 6.859416 -2.388065 -2.455452 -1.516516 -1.387728 0.823741 -0.883911 -0.0 -0.0 -1e-06
0.0 0.0 0.0 0.0 -0.0 0.0 99.927177 99.948051 111.515717 -93.126274 87.849327 -89.408134 2.706639 0.829455 0.311355 0.624131 2.905533 -5.024912 3.324608 1.276242 10.281018 -3.583035 3.984736 -3.995015 -0.380788 -0.693537 -3.600034 -0.15866 -0.516816 -15.096502 7.7e-05 -2.2e-05 6e-06 -0.042628 -0.157602 0.069711 0.637802 -3.876831 -10.510923 -0.727282 3.570995 -10.519255 -14.501732 -0.328017 11.959891 -64.66021 15.523939 -8.797246 -0.333853 -51.154137 0.730718 9.164413 -2.455954 -11.116526 -5.882107 9.86129 0.702592 -10.936873 -0.360575 7.156203 1e-06 8.77483 -1e-06 -16.355551 18.144682 5.898447 -1.844034 2.498505 -2.507277 -10.163604 4.678948 4.621107 -20.976034 -4e-06 -1e-06 -21.226295 2.451696 -3.594003 3e-06 -5e-06 -0.0 -1.362682 2.240798 -0.746324 -21.334921 0.584907 3.00832 -13.821218 -4e-06 0.0 -23.887178 -0.249082 -0.839485 -60.129025 2.491505 -1.348661 -0.294026 1.679689 0.833257 -14.218214 0.093216 1.300578 -34.212059 -0.287567 0.967165 -20.033218 0.964533 1.212842 1e-06 1e-06 0.0 -3.440391 0.788234 0.501655 -15.928192 -3.16731 2.999704 -6.338829 -3e-06 -0.0 -18.123453 3.648183 -4.905674 -3e-06 -0.0 -1e-06 -15.549192 22.401703 1.256048 55.388969 46.485077 2.839549 -1.838826 66.084816 -0.722819 -38.832886 10.880547 25.944357 2.243544 -5.255039 -3.180161 14.282895 -0.826597 6.952505 -1e-06 -12.690605 -1e-06 15.431044 -17.700998 2.989964 1.665669 -1.955923 -2.8783 4.727801 -4.170588 4.993923 11.020532 2e-06 -3e-06 12.109056 -3.735717 -2.866785 0.0 1e-06 1e-06 1.291986 -1.92855 -1.498091 14.800132 0.567465 3.865606 14.242577 -1.341738 -6.660661 19.631973 0.143925 -0.648246 49.62183 -1.057742 -6.17382 0.353029 -1.511152 -0.031941 20.222797 3.684308 2.316629 18.787279 4e-06 -3e-06 10.751633 -0.479869 1.397905 1e-06 -0.0 0.0 3.273809 0.305946 -0.580109 21.486818 11.830373 2.266133 8.162931 -1e-06 -1e-06 18.399092 -3.798986 -4.940581 2e-06 -1e-06 -0.0 -8.267157 9.082559 -2.929608 0.109995 0.938798 3.055971 7.697285 2.200962 -6.551969 1.612024 -1.769133 -0.595755 0.0 -0.0 2e-06 8.923282 -6.840519 -8.715565 0.000635 -0.654637 6.796734 -2.315631 -2.394222 -1.398742 -1.386907 0.818181 -0.85594 0.0 -0.0 -1e-06
0.0 0.0 0.0 0.0 -0.0 0.0 99.891144 99.953781 111.52681 -94.637497 87.802422 -90.89257 2.726806 0.826411 0.259828 0.656589 2.814935 -5.047856 3.458283 1.173576 10.286322 -3.619982 4.001672 -4.136428 -0.355252 -0.696035 -3.596822 -0.262035 -0.429074 -14.926723 7.7e-05 -2.3e-05 6e-06 -0.044965 -0.166068 0.071281 0.637512 -3.885908 -10.516901 -0.731733 3.562785 -10.527004 -14.396162 -0.456672 11.900982 -65.17292 15.297027 -8.796492 -0.38622 -50.778927 0.741479 9.37824 -2.476728 -11.367195 -5.882108 9.861288 0.70259 -10.936875 -0.360574 7.156202 -0.0 8.774828 -0.0 -16.349325 18.122126 5.897246 -1.844034 2.498504 -2.507278 -10.163602 4.678946 4.621105 -20.97603 -5e-06 -3e-06 -21.226295 2.451694 -3.594005 2e-06 -6e-06 -1e-06 -1.362683 2.240799 -0.746323 -21.334921 0.584909 3.008317 -13.821218 -2e-06 -1e-06 -23.887178 -0.249082 -0.839487 -60.094124 2.488765 -1.324888 -0.294027 1.679689 0.833257 -14.218214 0.093216 1.300577 -34.212063 -0.287566 0.967161 -20.03322 0.964533 1.21284 1e-06 1e-06 0.0 -3.440391 0.788234 0.501656 -15.928189 -3.167308 2.999703 -6.338828 -0.0 -1e-06 -18.123453 3.648185 -4.905676 -3e-06 2e-06 -1e-06 -14.987691 22.080229 1.583977 56.533268 45.350105 3.885522 -1.950158 67.185097 -0.82906 -38.508083 11.370226 25.21052 2.243542 -5.255037 -3.180158 14.282896 -0.826595 6.952507 2e-06 -12.690603 -1e-06 15.304209 -17.662531 3.057873 1.665667 -1.955923 -2.878299 4.727802 -4.170587 4.993923 11.020529 -0.0 -2e-06 12.109056 -3.735718 -2.866785 0.0 3e-06 0.0 1.291986 -1.92855 -1.498089 14.800132 0.567467 3.865609 14.242576 -1.341736 -6.660658 19.631971 0.143924 -0.648244 49.461868 -1.060707 -6.170663 0.35303 -1.511152 -0.031942 20.222797 3.684306 2.316633 18.787279 3e-06 -0.0 10.751632 -0.47987 1.397907 1e-06 0.0 -1e-06 3.273808 0.305944 -0.580111 21.486818 11.830373 2.266135 8.162929 -0.0 0.0 18.399088 -3.798985 -4.940577 3e-06 0.0 -2e-06 -8.228134 9.032731 -2.955129 0.112224 0.935331 3.026915 7.648874 2.302963 -6.587661 1.611038 -1.764694 -0.563021 -0.0 0.0 2e-06 8.916532 -6.872854 -8.772721 0.000762 -0.651644 6.755436 -2.260955 -2.380723 -1.329616 -1.386026 0.817036 -0.804104 -0.0 0.0 -1e-06
0.0 0.0 0.0 0.0 -0.0 0.0 99.85643 99.970856 111.528351 -96.394302 87.747795 -92.624283 2.733402 0.811793 0.210507 0.680739 2.683167 -5.070673 3.584079 1.069003 10.30914 -3.625604 4.049618 -4.271539 -0.34792 -0.684349 -3.600752 -0.372598 -0.319482 -14.710223 7.7e-05 -2.2e-05 6e-06 -0.044283 -0.165203 0.073271 0.639651 -3.885967 -10.5179 -0.732468 3.564188 -10.530155 -14.30059 -0.599669 11.856156 -65.690941 14.984336 -8.752574 -0.364398 -50.330578 0.660156 9.623189 -2.520246 -11.674803 -5.882108 9.861287 0.70259 -10.936874 -0.360574 7.156209 0.0 8.774826 -1e-06 -16.329391 18.114243 5.906901 -1.844031 2.498504 -2.507279 -10.163603 4.678945 4.621108 -20.976028 -5e-06 2e-06 -21.226292 2.451695 -3.594001 3e-06 -6e-06 -0.0 -1.362681 2.240799 -0.746323 -21.334919 0.58491 3.008324 -13.821218 -3e-06 2e-06 -23.887177 -0.249079 -0.839483 -60.05888 2.50306 -1.325487 -0.294025 1.679688 0.833255 -14.218213 0.093214 1.300581 -34.212059 -0.287566 0.967172 -20.033218 0.964538 1.212845 1e-06 1e-06 0.0 -3.440389 0.788234 0.501656 -15.928189 -3.16731 2.999708 -6.338827 -2e-06 1e-06 -18.123447 3.648184 -4.905672 -3e-06 1e-06 -2e-06 -14.19173 21.723686 2.072876 57.754364 43.765305 5.005498 -1.952401 68.614647 -0.858067 -38.104836 11.874632 23.922977 2.243541 -5.255041 -3.180157 14.282896 -0.826593 6.952508 -3e-06 -12.690608 -3e-06 15.152572 -17.582167 3.125731 1.665664 -1.955922 -2.8783 4.727801 -4.170588 4.993926 11.020528 5e-06 -0.0 12.109053 -3.735715 -2.866782 1e-06 2e-06 2e-06 1.291986 -1.92855 -1.498092 14.800134 0.567473 3.865611 14.242575 -1.341734 -6.660656 19.631973 0.143925 -0.64824 49.229168 -1.078048 -6.17417 0.35303 -1.511153 -0.03194 20.222797 3.684313 2.316636 18.787279 4e-06 3e-06 10.751633 -0.47987 1.397908 1e-06 0.0 -0.0 3.273808 0.305947 -0.58011 21.486824 11.830379 2.266139 8.16293 2e-06 1e-06 18.399088 -3.798984 -4.940573 3e-06 0.0 -1e-06 -8.172247 8.941499 -2.989267 0.117304 0.935173 3.031318 7.622073 2.405354 -6.625533 1.611145 -1.759824 -0.543067 -0.0 0.0 2e-06 8.887443 -6.898356 -8.874958 0.005672 -0.642404 6.782694 -2.178748 -2.409497 -1.293143 -1.385407 0.820387 -0.757548 0.0 0.0 -1e-06
0.0 0.0 0.0 0.0 -0.0 0.0 99.835518 100.00029 111.536423 -97.977303 87.684975 -94.189285 2.731106 0.790683 0.159715 0.688002 2.537709 -5.086573 3.706766 0.961555 10.345641 -3.622094 4.114648 -4.426389 -0.33757 -0.669244 -3.601198 -0.477276 -0.16485 -14.491104 7.7e-05 -2.2e-05 5e-06 -0.042851 -0.158747 0.077402 0.643276 -3.881862 -10.516738 -0.733086 3.572876 -10.529773 -14.226333 -0.724224 11.841031 -66.190483 14.527435 -8.666293 -0.268265 -49.76059 0.528034 9.898132 -2.58852 -12.09249 -5.882111 9.861291 0.70259 -10.936879 -0.360575 7.156206 0.0 8.77483 -1e-06 -16.297766 18.107273 5.936083 -1.844035 2.498505 -2.507277 -10.163608 4.678949 4.621109 -20.97604 -5e-06 -1e-06 -21.226303 2.451698 -3.594005 2e-06 -5e-06 -0.0 -1.362684 2.2408 -0.746325 -21.334929 0.584911 3.008321 -13.821223 -2e-06 0.0 -23.887188 -0.249081 -0.839487 -60.059841 2.519783 -1.327103 -0.294025 1.679687 0.833256 -14.21822 0.093215 1.300579 -34.212074 -0.287565 0.967166 -20.033226 0.964534 1.212843 0.0 2e-06 0.0 -3.44039 0.788236 0.501656 -15.9282 -3.16731 2.999704 -6.338831 -1e-06 0.0 -18.123461 3.648182 -4.905676 -3e-06 1e-06 -2e-06 -13.207482 21.344522 2.734969 59.002468 41.621773 6.053609 -1.539115 70.288071 -0.544721 -37.673634 12.358793 21.949684 2.243542 -5.25504 -3.180161 14.282896 -0.826596 6.952507 0.0 -12.690609 -4e-06 15.023443 -17.496828 3.198537 1.665667 -1.955924 -2.878302 4.727801 -4.170588 4.993925 11.02053 1e-06 -2e-06 12.109056 -3.735717 -2.866786 -0.0 1e-06 -2e-06 1.291986 -1.92855 -1.498088 14.800132 0.567468 3.865608 14.242577 -1.34174 -6.660662 19.631973 0.143924 -0.648244 48.962414 -1.085674 -6.157022 0.353029 -1.51115 -0.031941 20.222799 3.68431 2.316632 18.787283 4e-06 -2e-06 10.751633 -0.479868 1.397905 1e-06 1e-06 -0.0 3.273808 0.305946 -0.58011 21.48682 11.830379 2.266137 8.16293 -0.0 0.0 18.399092 -3.798987 -4.940577 3e-06 -1e-06 -1e-06 -8.101403 8.801574 -3.016156 0.117246 0.934637 3.049085 7.635063 2.512262 -6.671574 1.614721 -1.753034 -0.544186 -0.0 0.0 2e-06 8.843846 -6.864182 -8.975747 0.012156 -0.631642 6.821568 -2.099405 -2.499493 -1.273492 -1.383751 0.828126 -0.733046 -0.0 0.0 -1e-06
0.0 0.0 0.0 0.0 -0.0 0.0 99.839767 100.025856 111.540756 -98.273315 87.637848 -94.465866 2.717256 0.765648 0.099655 0.678994 2.390885 -5.089798 3.815104 0.874158 10.400522 -3.639421 4.186177 -4.602219 -0.3255 -0.623898 -3.617813 -0.56366 -0.011582 -14.258357 7.7e-05 -2.2e-05 5e-06 -0.042058 -0.149097 0.078543 0.645589 -3.874277 -10.5138 -0.733448 3.58445 -10.528457 -14.208971 -0.843774 11.874892 -66.639656 13.91837 -8.51407 -0.092389 -49.063221 0.370205 10.165658 -2.660065 -12.655309 -5.882112 9.861292 0.702591 -10.93688 -0.360574 7.156211 -0.0 8.77483 -0.0 -16.253313 18.0669 5.974013 -1.844033 2.498507 -2.50728 -10.163607 4.678948 4.621112 -20.97604 -1e-06 2e-06 -21.226303 2.451702 -3.594002 2e-06 -6e-06 -0.0 -1.362684 2.240798 -0.746323 -21.334929 0.584913 3.008325 -13.821223 -2e-06 2e-06 -23.887188 -0.249077 -0.839484 -60.063339 2.511225 -1.300279 -0.294025 1.679687 0.833256 -14.218219 0.093217 1.300581 -34.212074 -0.28756 0.96717 -20.03323 0.964537 1.212843 0.0 1e-06 0.0 -3.440391 0.788234 0.501656 -15.928196 -3.167311 2.999708 -6.33883 -1e-06 1e-06 -18.123459 3.648184 -4.905674 -3e-06 1e-06 -1e-06 -12.103419 20.938353 3.538392 60.252209 38.948902 7.099477 -0.913051 72.040451 -0.028829 -37.298038 12.756901 19.542894 2.243542 -5.255038 -3.18016 14.282896 -0.826594 6.952507 -2e-06 -12.690603 -1e-06 14.926737 -17.437529 3.28458 1.665666 -1.955922 -2.878299 4.7278 -4.170588 4.993925 11.02053 3e-06 1e-06 12.109056 -3.735717 -2.86678 -0.0 1e-06 -2e-06 1.291985 -1.92855 -1.49809 14.800136 0.56747 3.86561 14.242575 -1.341736 -6.660657 19.631971 0.143927 -0.648245 48.751957 -1.099018 -6.130167 0.353029 -1.511152 -0.031941 20.222801 3.684309 2.316635 18.787281 4e-06 3e-06 10.751633 -0.479869 1.397908 2e-06 0.0 -0.0 3.273807 0.305948 -0.58011 21.486822 11.830376 2.266138 8.162931 3e-06 -0.0 18.399088 -3.798985 -4.940571 3e-06 -3e-06 0.0 -8.045904 8.636926 -3.040036 0.11344 0.943109 3.051656 7.665793 2.630322 -6.682559 1.620675 -1.753658 -0.561712 0.0 -0.0 2e-06 8.80816 -6.754272 -8.967711 0.020278 -0.627413 6.707209 -2.060774 -2.635236 -1.210107 -1.38348 0.833877 -0.711715 -0.0 0.0 -1e-06
0.0 0.0 0.0 0.0 -0.0 0.0 99.874077 100.042259 111.541428 -97.462868 87.584183 -93.660095 2.708941 0.754391 0.040209 0.668348 2.242208 -5.072241 3.901997 0.775061 10.488619 -3.675509 4.26125 -4.788797 -0.304572 -0.524111 -3.634548 -0.634964 0.122811 -13.998222 7.7e-05 -2.3e-05 5e-06 -0.040027 -0.137012 0.080991 0.650031 -3.864565 -10.507126 -0.733405 3.598588 -10.522444 -14.211922 -0.965153 11.94416 -67.040497 13.134629 -8.260863 0.129884 -48.22076 0.200098 10.380903 -2.787522 -13.306316 -5.882112 9.861292 0.702589 -10.93688 -0.360574 7.156208 1e-06 8.774831 -1e-06 -16.220724 18.017889 6.003168 -1.844036 2.498507 -2.507279 -10.16361 4.678948 4.621109 -20.97604 -3e-06 -2e-06 -21.226307 2.451696 -3.594006 2e-06 -5e-06 0.0 -1.362684 2.240801 -0.746323 -21.33493 0.584909 3.008321 -13.821225 -3e-06 -0.0 -23.887192 -0.249081 -0.839486 -60.129147 2.494743 -1.264277 -0.294026 1.679689 0.833256 -14.218222 0.093216 1.300578 -34.212082 -0.287566 0.967164 -20.033232 0.964534 1.212842 1e-06 1e-06 0.0 -3.440391 0.788235 0.501656 -15.928201 -3.16731 2.999706 -6.338831 -2e-06 -0.0 -18.123461 3.648186 -4.905677 -3e-06 1e-06 -1e-06 -10.947021 20.502832 4.423845 61.438801 35.791714 8.156806 -0.074223 73.818886 0.734432 -37.160801 13.1683 16.917099 2.243542 -5.255041 -3.180161 14.282902 -0.826594 6.952511 -1e-06 -12.690609 -1e-06 14.934613 -17.454672 3.368702 1.665667 -1.955924 -2.8783 4.727803 -4.170588 4.993928 11.020534 3e-06 2e-06 12.109059 -3.735717 -2.866784 0.0 0.0 -1e-06 1.291987 -1.92855 -1.498091 14.80014 0.567469 3.865614 14.242581 -1.341737 -6.660661 19.631977 0.143925 -0.648245 48.705002 -1.11579 -6.109361 0.353029 -1.511152 -0.03194 20.222805 3.684313 2.316633 18.787289 5e-06 1e-06 10.751636 -0.479868 1.397909 2e-06 -0.0 0.0 3.27381 0.305947 -0.580109 21.486832 11.830384 2.266139 8.162933 1e-06 0.0 18.399097 -3.798989 -4.940575 4e-06 -1e-06 0.0 -7.982042 8.474331 -3.031294 0.104838 0.963729 3.043 7.709937 2.773965 -6.731611 1.626793 -1.764369 -0.577955 -0.0 -0.0 2e-06 8.796329 -6.547443 -8.851274 0.023704 -0.646821 6.48105 -2.012367 -2.822104 -1.106498 -1.384477 0.844615 -0.686826 -0.0 -0.0 -1e-06
0.0 0.0 0.0 0.0 -0.0 0.0 99.918358 100.045799 111.555687 -96.565109 87.538124 -92.794716 2.694596 0.757343 -0.013683 0.656104 2.098184 -5.041091 3.955671 0.608898 10.61549 -3.719152 4.310097 -4.955832 -0.241197 -0.337889 -3.626348 -0.702747 0.216513 -13.745179 7.7e-05 -2.3e-05 6e-06 -0.035955 -0.124211 0.086979 0.658327 -3.855661 -10.498186 -0.733281 3.615343 -10.513246 -14.186353 -1.075851 12.022905 -67.433235 12.19743 -7.946889 0.439869 -47.293591 -0.019932 10.456729 -2.896622 -13.784379 -5.882108 9.861287 0.702589 -10.936873 -0.360575 7.156203 1e-06 8.774826 -0.0 -16.205713 18.04558 6.03229 -1.844034 2.498504 -2.507278 -10.163602 4.678947 4.621106 -20.976027 -5e-06 -1e-06 -21.226292 2.451697 -3.594002 3e-06 -6e-06 1e-06 -1.362684 2.240799 -0.746323 -21.334917 0.58491 3.008318 -13.821217 -2e-06 0.0 -23.887175 -0.24908 -0.839487 -60.273735 2.499906 -1.264272 -0.294026 1.679688 0.833256 -14.218208 0.093215 1.300578 -34.212051 -0.287566 0.967164 -20.033215 0.964533 1.212841 2e-06 1e-06 -0.0 -3.44039 0.788233 0.501655 -15.928185 -3.167309 2.999704 -6.338827 -1e-06 0.0 -18.123447 3.648183 -4.905673 -2e-06 1e-06 -2e-06 -9.815336 20.01317 5.296141 62.554726 32.297382 9.16818 1.36122 75.537033 2.034412 -37.316471 13.750181 14.169599 2.243541 -5.255036 -3.180157 14.282893 -0.826594 6.952505 -2e-06 -12.690599 -1e-06 15.082956 -17.62245 3.441899 1.665664 -1.955922 -2.8783 4.7278 -4.170587 4.993922 11.020526 2e-06 0.0 12.109052 -3.735716 -2.866781 0.0 1e-06 0.0 1.291986 -1.928548 -1.498089 14.800125 0.567467 3.865607 14.24257 -1.341737 -6.660656 19.631968 0.143925 -0.648243 48.896385 -1.138231 -6.124652 0.35303 -1.511149 -0.031941 20.222792 3.684306 2.316632 18.787275 6e-06 1e-06 10.751631 -0.47987 1.397907 -0.0 -1e-06 0.0 3.273806 0.305946 -0.58011 21.486814 11.830371 2.266133 8.162929 1e-06 -1e-06 18.399084 -3.798984 -4.940573 2e-06 -1e-06 -1e-06 -7.926486 8.278989 -2.965742 0.09006 0.982855 2.992608 7.755555 3.020425 -6.848946 1.637399 -1.784037 -0.558507 0.0 0.0 2e-06 8.793365 -6.285025 -8.655816 0.024223 -0.684168 6.181168 -1.934577 -2.995722 -1.015435 -1.387442 0.858379 -0.666614 -0.0 0.0 -1e-06
0.0 0.0 0.0 0.0 -0.0 0.0 99.94487 100.032425 111.583412 -97.129379 87.504486 -93.402046 2.652812 0.750468 -0.066985 0.642145 1.980582 -5.027015 3.970527 0.372646 10.793202 -3.741277 4.333629 -5.154595 -0.151661 -0.128343 -3.59288 -0.754991 0.238549 -13.517089 7.7e-05 -2.3e-05 6e-06 -0.035045 -0.126888 0.090346 0.668175 -3.862111 -10.487283 -0.741242 3.617213 -10.498914 -14.153183 -1.131523 12.093758 -67.750839 11.168497 -7.473962 0.968041 -46.471386 -0.340088 10.421499 -2.833817 -13.989976 -5.882109 9.861286 0.70259 -10.936875 -0.360573 7.156204 0.0 8.774826 0.0 -16.200165 18.245779 6.098469 -1.844035 2.498505 -2.507277 -10.163604 4.678948 4.621109 -20.976034 -3e-06 1e-06 -21.226295 2.451698 -3.594001 2e-06 -5e-06 -1e-06 -1.362682 2.240799 -0.746325 -21.334921 0.58491 3.008322 -13.821218 -2e-06 1e-06 -23.887178 -0.249079 -0.839485 -60.50032 2.604861 -1.325102 -0.294026 1.679688 0.833256 -14.218214 0.093215 1.30058 -34.212063 -0.287564 0.967168 -20.033224 0.964536 1.212842 1e-06 2e-06 0.0 -3.440389 0.788233 0.501655 -15.928191 -3.167308 2.999705 -6.338829 -2e-06 0.0 -18.123455 3.648184 -4.905673 -3e-06 -0.0 -2e-06 -8.785847 19.462326 6.209323 63.513302 28.855204 10.094651 3.188016 77.016411 3.561361 -37.789612 14.662863 11.485533 2.243542 -5.255038 -3.180159 14.282894 -0.826597 6.952502 -0.0 -12.690602 -4e-06 15.376291 -17.957167 3.502257 1.665667 -1.955924 -2.878299 4.727801 -4.170588 4.993924 11.020528 2e-06 -2e-06 12.109055 -3.735717 -2.866788 -1e-06 1e-06 1e-06 1.291986 -1.928552 -1.498089 14.800132 0.567469 3.865607 14.242576 -1.341737 -6.66066 19.631971 0.143924 -0.648246 49.377831 -1.22445 -6.19969 0.35303 -1.511151 -0.031942 20.222795 3.684308 2.31663 18.787277 3e-06 -3e-06 10.751629 -0.479868 1.397904 0.0 1e-06 -1e-06 3.273807 0.305946 -0.580111 21.486816 11.830374 2.266136 8.162929 0.0 -1e-06 18.399088 -3.798985 -4.940576 5e-06 2e-06 -1e-06 -7.874581 8.042101 -2.859812 0.064113 0.978449 2.915504 7.830435 3.417176 -7.031125 1.657719 -1.810874 -0.434903 0.0 -0.0 2e-06 8.788453 -5.985772 -8.474322 0.018258 -0.705367 5.952929 -1.897381 -3.156643 -1.002452 -1.3939 0.866201 -0.614999 0.0 0.0 -1e-06
0.0 0.0 0.0 0.0 -0.0 0.0 99.986679 99.993164 111.594566 -99.532593 87.460403 -95.874718 2.589968 0.687649 -0.101677 0.627313 1.860022 -5.003469 3.970969 0.12351 10.98737 -3.794215 4.276702 -5.322172 0.019889 0.175563 -3.561184 -0.833718 0.166768 -13.237949 7.7e-05 -2.3e-05 5e-06 -0.034963 -0.118934 0.084477 0.673328 -3.856298 -10.463604 -0.746296 3.628743 -10.468456 -14.202975 -1.125216 12.122155 -67.870323 10.176511 -6.943646 1.471458 -45.930702 -0.615965 10.427403 -2.558604 -13.91251 -5.882105 9.861286 0.702591 -10.936872 -0.360575 7.156206 1e-06 8.774826 -1e-06 -16.189447 18.504112 6.190108 -1.844032 2.498504 -2.507278 -10.163601 4.678946 4.621109 -20.976027 -5e-06 2e-06 -21.226288 2.451697 -3.594 1e-06 -5e-06 -0.0 -1.362682 2.240799 -0.746323 -21.334917 0.58491 3.008322 -13.821217 -2e-06 2e-06 -23.887177 -0.249079 -0.839483 -60.703281 2.805316 -1.403008 -0.294024 1.679686 0.833255 -14.218207 0.093214 1.300581 -34.212048 -0.287565 0.967171 -20.033211 0.964535 1.212844 -0.0 2e-06 -0.0 -3.440389 0.788233 0.501656 -15.928189 -3.167309 2.999707 -6.338827 -2e-06 1e-06 -18.123451 3.648184 -4.905671 -3e-06 1e-06 -2e-06 -7.772908 18.753965 7.140604 64.306221 25.428497 11.354702 3.93072 78.172523 4.00636 -38.572021 15.807589 8.961085 2.243542 -5.255039 -3.180159 14.282896 -0.826594 6.952507 -1e-06 -12.69061 -2e-06 15.870115 -18.390318 3.509657 1.665667 -1.955924 -2.8783 4.727801 -4.170589 4.993926 11.020531 4e-06 -1e-06 12.109056 -3.735719 -2.866787 2e-06 -0.0 0.0 1.291986 -1.928551 -1.498089 14.800134 0.56747 3.865609 14.242577 -1.341736 -6.660661 19.631973 0.143927 -0.648244 50.212551 -1.411087 -6.357962 0.353029 -1.511151 -0.031939 20.222801 3.684312 2.316632 18.787283 6e-06 -2e-06 10.751633 -0.479869 1.397905 -1e-06 1e-06 -0.0 3.273808 0.305946 -0.58011 21.48682 11.83038 2.266134 8.16293 3e-06 1e-06 18.39909 -3.798983 -4.940577 5e-06 1e-06 -1e-06 -7.796705 7.884516 -2.684694 0.027161 0.956346 2.819851 7.947865 3.738539 -7.160858 1.688336 -1.816487 -0.333419 0.0 -0.0 2e-06 8.798166 -5.59515 -8.24464 0.017204 -0.718753 5.773756 -2.019111 -3.433179 -0.998755 -1.39987 0.874021 -0.6015 0.0 0.0 -1e-06
