HIERARCHY
ROOT Root
{
  OFFSET 0.0 0.0 0.0
  CHANNELS 6 Xposition Yposition Zposition Zrotation Yrotation Xrotation
  JOINT Hips
  {
    OFFSET 0.0 100.0 0.0
    CHANNELS 6 Xposition Yposition Zposition Zrotation Yrotation Xrotation
    JOINT Spine1
    {
      OFFSET -0.013727 5.003763 -0.053727
      CHANNELS 3 Zrotation Yrotation Xrotation
      JOINT Spine2
      {
        OFFSET -0.0 7.125301 -0.029825
        CHANNELS 3 Zrotation Yrotation Xrotation
        JOINT Chest
        {
          OFFSET -1e-06 7.550063 -0.815971
          CHANNELS 3 Zrotation Yrotation Xrotation
          JOINT Neck1
          {
            OFFSET -0.181677 26.311295 -0.553348
            CHANNELS 3 Zrotation Yrotation Xrotation
            JOINT Neck2
            {
              OFFSET -3e-06 7.709397 2.302585
              CHANNELS 3 Zrotation Yrotation Xrotation
              JOINT Head
              {
                OFFSET -5e-06 6.128916 1.953709
                CHANNELS 3 Zrotation Yrotation Xrotation
                JOINT HeadEnd
                {
                  OFFSET 0.003598 16.065403 -1.835379
                  CHANNELS 3 Zrotation Yrotation Xrotation
                }
                JOINT Jaw
                {
                  OFFSET 0.002637 0.475592 3.094941
                  CHANNELS 3 Zrotation Yrotation Xrotation
                }
                JOINT LeftEye
                {
                  OFFSET 3.206381 5.380205 7.586883
                  CHANNELS 3 Zrotation Yrotation Xrotation
                }
                JOINT RightEye
                {
                  OFFSET -3.22244 5.361869 7.558234
                  CHANNELS 3 Zrotation Yrotation Xrotation
                }
              }
            }
          }
          JOINT LeftShoulder
          {
            OFFSET 1.621652 23.237164 5.113413
            CHANNELS 3 Zrotation Yrotation Xrotation
            JOINT LeftArm
            {
              OFFSET 14.919846 2e-06 -5.502326
              CHANNELS 3 Zrotation Yrotation Xrotation
              JOINT LeftForeArm
              {
                OFFSET 28.739307 0.0 -0.002588
                CHANNELS 3 Zrotation Yrotation Xrotation
                JOINT LeftHand
                {
                  OFFSET 27.093981 -1e-06 0.002609
                  CHANNELS 3 Zrotation Yrotation Xrotation
                  JOINT LeftHandThumb1
                  {
                    OFFSET 2.276482 -1.392045 3.191413
                    CHANNELS 3 Zrotation Yrotation Xrotation
                    JOINT LeftHandThumb2
                    {
                      OFFSET 4.012836 -1.828127 1.641654
                      CHANNELS 3 Zrotation Yrotation Xrotation
                      JOINT LeftHandThumb3
                      {
                        OFFSET 2.798515 0.0 -3e-06
                        CHANNELS 3 Zrotation Yrotation Xrotation
                        JOINT LeftHandThumbEnd
                        {
                          OFFSET 3.180793 -4e-06 4e-06
                          CHANNELS 3 Zrotation Yrotation Xrotation
                        }
                      }
                    }
                  }
                  JOINT LeftHandIndex1
                  {
                    OFFSET 3.247555 -0.531998 2.296169
                    CHANNELS 3 Zrotation Yrotation Xrotation
                    JOINT LeftHandIndex2
                    {
                      OFFSET 6.364578 0.01206 0.1786
                      CHANNELS 3 Zrotation Yrotation Xrotation
                      JOINT LeftHandIndex3
                      {
                        OFFSET 3.662364 0.0 0.0
                        CHANNELS 3 Zrotation Yrotation Xrotation
                        JOINT LeftHandIndex4
                        {
                          OFFSET 2.329242 4e-06 4e-06
                          CHANNELS 3 Zrotation Yrotation Xrotation
                          JOINT LeftHandIndexEnd
                          {
                            OFFSET 2.759615 -0.180537 -0.113024
                            CHANNELS 3 Zrotation Yrotation Xrotation
                          }
                        }
                      }
                    }
                  }
                  JOINT LeftHandMiddle1
                  {
                    OFFSET 3.163495 0.240981 1.000332
                    CHANNELS 3 Zrotation Yrotation Xrotation
                    JOINT LeftHandMiddle2
                    {
                      OFFSET 6.19078 -0.259278 -1.002548
                      CHANNELS 3 Zrotation Yrotation Xrotation
                      JOINT LeftHandMiddle3
                      {
                        OFFSET 4.35652 -4e-06 -1e-06
                        CHANNELS 3 Zrotation Yrotation Xrotation
                        JOINT LeftHandMiddle4
                        {
                          OFFSET 2.996877 -8e-06 0.0
                          CHANNELS 3 Zrotation Yrotation Xrotation
                          JOINT LeftHandMiddleEnd
                          {
                            OFFSET 2.304287 -0.294569 -0.031741
                            CHANNELS 3 Zrotation Yrotation Xrotation
                          }
                        }
                      }
                    }
                  }
                  JOINT LeftHandRing1
                  {
                    OFFSET 2.882643 -0.053652 -0.322543
                    CHANNELS 3 Zrotation Yrotation Xrotation
                    JOINT LeftHandRing2
                    {
                      OFFSET 5.854541 -0.486202 -1.373841
                      CHANNELS 3 Zrotation Yrotation Xrotation
                      JOINT LeftHandRing3
                      {
                        OFFSET 4.350578 0.0 3e-06
                        CHANNELS 3 Zrotation Yrotation Xrotation
                        JOINT LeftHandRing4
                        {
                          OFFSET 2.651321 7e-06 2e-06
                          CHANNELS 3 Zrotation Yrotation Xrotation
                          JOINT LeftHandRingEnd
                          {
                            OFFSET 1.936105 0.077687 -7.1e-05
                            CHANNELS 3 Zrotation Yrotation Xrotation
                          }
                        }
                      }
                    }
                  }
                  JOINT LeftHandPinky1
                  {
                    OFFSET 2.8655 -0.310005 -1.600378
                    CHANNELS 3 Zrotation Yrotation Xrotation
                    JOINT LeftHandPinky2
                    {
                      OFFSET 5.087849 -1.331141 -1.77123
                      CHANNELS 3 Zrotation Yrotation Xrotation
                      JOINT LeftHandPinky3
                      {
                        OFFSET 3.070974 4e-06 0.0
                        CHANNELS 3 Zrotation Yrotation Xrotation
                        JOINT LeftHandPinky4
                        {
                          OFFSET 1.549672 0.0 1e-06
                          CHANNELS 3 Zrotation Yrotation Xrotation
                          JOINT LeftHandPinkyEnd
                          {
                            OFFSET 1.944893 -0.157802 0.057219
                            CHANNELS 3 Zrotation Yrotation Xrotation
                          }
                        }
                      }
                    }
                  }
                }
              }
            }
          }
          JOINT RightShoulder
          {
            OFFSET -1.380118 23.180309 5.214158
            CHANNELS 3 Zrotation Yrotation Xrotation
            JOINT RightArm
            {
              OFFSET -15.037196 1.2e-05 -5.545604
              CHANNELS 3 Zrotation Yrotation Xrotation
              JOINT RightForeArm
              {
                OFFSET -28.736639 2e-06 -0.002597
                CHANNELS 3 Zrotation Yrotation Xrotation
                JOINT RightHand
                {
                  OFFSET -27.133619 -0.0 0.002613
                  CHANNELS 3 Zrotation Yrotation Xrotation
                  JOINT RightHandThumb1
                  {
                    OFFSET -2.274032 -1.383988 3.163127
                    CHANNELS 3 Zrotation Yrotation Xrotation
                    JOINT RightHandThumb2
                    {
                      OFFSET -4.011429 -1.827466 1.640914
                      CHANNELS 3 Zrotation Yrotation Xrotation
                      JOINT RightHandThumb3
                      {
                        OFFSET -2.794935 -4e-06 -3e-06
                        CHANNELS 3 Zrotation Yrotation Xrotation
                        JOINT RightHandThumbEnd
                        {
                          OFFSET -3.183852 4e-06 1e-06
                          CHANNELS 3 Zrotation Yrotation Xrotation
                        }
                      }
                    }
                  }
                  JOINT RightHandIndex1
                  {
                    OFFSET -3.253266 -0.520057 2.282866
                    CHANNELS 3 Zrotation Yrotation Xrotation
                    JOINT RightHandIndex2
                    {
                      OFFSET -6.341917 0.012471 0.178266
                      CHANNELS 3 Zrotation Yrotation Xrotation
                      JOINT RightHandIndex3
                      {
                        OFFSET -3.654871 -8e-06 -0.0
                        CHANNELS 3 Zrotation Yrotation Xrotation
                        JOINT RightHandIndex4
                        {
                          OFFSET -2.327586 0.0 1e-06
                          CHANNELS 3 Zrotation Yrotation Xrotation
                          JOINT RightHandIndexEnd
                          {
                            OFFSET -2.76179 -0.180656 -0.113078
                            CHANNELS 3 Zrotation Yrotation Xrotation
                          }
                        }
                      }
                    }
                  }
                  JOINT RightHandMiddle1
                  {
                    OFFSET -3.168106 0.246593 1.00103
                    CHANNELS 3 Zrotation Yrotation Xrotation
                    JOINT RightHandMiddle2
                    {
                      OFFSET -6.180828 -0.258836 -1.000895
                      CHANNELS 3 Zrotation Yrotation Xrotation
                      JOINT RightHandMiddle3
                      {
                        OFFSET -4.348901 0.0 -0.0
                        CHANNELS 3 Zrotation Yrotation Xrotation
                        JOINT RightHandMiddle4
                        {
                          OFFSET -3.00024 -4e-06 -2e-06
                          CHANNELS 3 Zrotation Yrotation Xrotation
                          JOINT RightHandMiddleEnd
                          {
                            OFFSET -2.30252 -0.29437 -0.031706
                            CHANNELS 3 Zrotation Yrotation Xrotation
                          }
                        }
                      }
                    }
                  }
                  JOINT RightHandRing1
                  {
                    OFFSET -2.88569 -0.067952 -0.308858
                    CHANNELS 3 Zrotation Yrotation Xrotation
                    JOINT RightHandRing2
                    {
                      OFFSET -5.854198 -0.48613 -1.373731
                      CHANNELS 3 Zrotation Yrotation Xrotation
                      JOINT RightHandRing3
                      {
                        OFFSET -4.33881 -4e-06 -0.0
                        CHANNELS 3 Zrotation Yrotation Xrotation
                        JOINT RightHandRing4
                        {
                          OFFSET -2.654903 -4e-06 4e-06
                          CHANNELS 3 Zrotation Yrotation Xrotation
                          JOINT RightHandRingEnd
                          {
                            OFFSET -1.933568 0.077527 -5.2e-05
                            CHANNELS 3 Zrotation Yrotation Xrotation
                          }
                        }
                      }
                    }
                  }
                  JOINT RightHandPinky1
                  {
                    OFFSET -2.866425 -0.342796 -1.584145
                    CHANNELS 3 Zrotation Yrotation Xrotation
                    JOINT RightHandPinky2
                    {
                      OFFSET -5.091371 -1.332055 -1.772385
                      CHANNELS 3 Zrotation Yrotation Xrotation
                      JOINT RightHandPinky3
                      {
                        OFFSET -3.062664 -4e-06 1e-06
                        CHANNELS 3 Zrotation Yrotation Xrotation
                        JOINT RightHandPinky4
                        {
                          OFFSET -1.546529 4e-06 -2e-06
                          CHANNELS 3 Zrotation Yrotation Xrotation
                          JOINT RightHandPinkyEnd
                          {
                            OFFSET -1.945119 -0.157718 0.057211
                            CHANNELS 3 Zrotation Yrotation Xrotation
                          }
                        }
                      }
                    }
                  }
                }
              }
            }
          }
        }
      }
    }
    JOINT LeftLeg
    {
      OFFSET 10.043214 -8.434526 2.595655
      CHANNELS 3 Zrotation Yrotation Xrotation
      JOINT LeftShin
      {
        OFFSET -1e-06 -43.221752 -0.802913
        CHANNELS 3 Zrotation Yrotation Xrotation
        JOINT LeftFoot
        {
          OFFSET 1e-06 -42.155094 -3.481523
          CHANNELS 3 Zrotation Yrotation Xrotation
          JOINT LeftToeBase
          {
            OFFSET 0.0 -5.059472 13.231529
            CHANNELS 3 Zrotation Yrotation Xrotation
            JOINT LeftToeEnd
            {
              OFFSET -0.009607 -1.647619 6.513017
              CHANNELS 3 Zrotation Yrotation Xrotation
            }
          }
        }
      }
    }
    JOINT RightLeg
    {
      OFFSET -10.047278 -8.29526 2.620317
      CHANNELS 3 Zrotation Yrotation Xrotation
      JOINT RightShin
      {
        OFFSET 1e-06 -43.362206 -0.805556
        CHANNELS 3 Zrotation Yrotation Xrotation
        JOINT RightFoot
        {
          OFFSET 2e-06 -42.117393 -3.478398
          CHANNELS 3 Zrotation Yrotation Xrotation
          JOINT RightToeBase
          {
            OFFSET -0.0 -5.079609 13.284196
            CHANNELS 3 Zrotation Yrotation Xrotation
            JOINT RightToeEnd
            {
              OFFSET 0.009532 -1.634378 6.460591
              CHANNELS 3 Zrotation Yrotation Xrotation
            }
          }
        }
      }
    }
  }
}
MOTION
Frames: 90
Frame Time: 0.03333333333333333
0.0 0.0 0.0 0.0 -0.0 0.0 -1.994374 100.581345 1.445269 0.820096 -0.310919 2.739536 0.862918 0.284876 -4.881948 -0.306696 0.789805 -6.253999 -0.133802 -0.410421 14.520411 2.651181 1.764725 1.027128 -0.308483 1.467813 -3.473567 -2.518337 1.923883 -3.189978 7.7e-05 -2.3e-05 6e-06 0.012008 -0.130011 0.029321 0.799603 -3.845143 -10.609698 -0.776332 3.602479 -10.569135 -20.598804 -5.234147 14.525174 -45.221443 -0.776648 28.310228 1.137719 -46.249935 -0.251187 0.950329 12.605475 -18.858784 -5.882111 9.861291 0.702591 -10.936878 -0.360574 7.156211 0.0 8.77483 -1e-06 -16.821955 18.089838 5.7764 -1.844033 2.498506 -2.507279 -10.163605 4.678948 4.621111 -20.976038 -2e-06 0.0 -21.226301 2.451699 -3.594004 1e-06 -6e-06 -1e-06 -1.362683 2.240799 -0.746324 -21.334929 0.584911 3.008322 -13.821223 -2e-06 2e-06 -23.887186 -0.24908 -0.839486 -60.445274 2.516685 -1.256582 -0.294025 1.679688 0.833255 -14.218218 0.093217 1.300581 -34.21207 -0.287563 0.967167 -20.033226 0.964537 1.212842 -0.0 -1e-06 -1e-06 -3.440391 0.788234 0.501657 -15.928196 -3.167309 2.999709 -6.338832 -1e-06 2e-06 -18.123461 3.648185 -4.905674 -3e-06 1e-06 -1e-06 31.801823 10.728971 17.585146 39.333706 -3.642117 18.37043 -0.17935 46.65303 0.348658 -16.333941 -6.077139 7.847101 2.243542 -5.255038 -3.180159 14.282903 -0.826595 6.95251 -3e-06 -12.69061 0.0 16.283396 -17.868292 2.748995 1.665669 -1.955923 -2.878302 4.727803 -4.170588 4.993928 11.020535 3e-06 -0.0 12.109059 -3.735717 -2.866785 0.0 0.0 -0.0 1.291985 -1.92855 -1.498091 14.80014 0.56747 3.865612 14.242582 -1.341734 -6.660661 19.631985 0.143927 -0.648242 50.603374 -0.488053 -6.144807 0.35303 -1.51115 -0.031939 20.222807 3.684313 2.316634 18.787289 5e-06 3e-06 10.751637 -0.479868 1.397908 0.0 0.0 -1e-06 3.27381 0.305947 -0.580113 21.486834 11.83038 2.266135 8.162935 3e-06 -3e-06 18.399099 -3.798986 -4.940575 2e-06 -1e-06 -1e-06 2.606978 17.98572 -2.200436 0.015942 0.002755 1.690387 -2.969769 8.524172 -0.819606 1.614617 -1.915604 -0.287409 0.0 0.0 2e-06 -7.084166 -18.318668 -4.140931 0.034254 -0.194588 1.698935 10.789522 5.150148 2.182798 -1.435829 0.848545 -0.721852 0.0 -0.0 -1e-06 
0.0 0.0 0.0 0.0 -0.0 0.0 -1.704995 100.556305 1.523418 1.207416 -0.189003 2.612206 0.78498 0.270501 -4.731232 -0.284039 0.825092 -6.213592 -0.010113 -0.473576 14.500533 2.476053 1.864378 1.504908 -0.327032 1.325652 -3.497902 -2.770915 1.855043 -3.44826 7.7e-05 -2.3e-05 6e-06 0.01212 -0.126717 0.020077 0.777845 -3.844605 -10.608518 -0.753785 3.607169 -10.571924 -20.611311 -5.083 14.607485 -44.865616 -0.280644 28.13308 0.911102 -48.025932 -0.163702 0.535028 12.52715 -18.040968 -5.882106 9.861285 0.70259 -10.936871 -0.360575 7.156205 0.0 8.774824 -2e-06 -16.780516 17.949612 5.754175 -1.844032 2.498505 -2.507278 -10.1636 4.678945 4.62111 -20.976023 -3e-06 4e-06 -21.226286 2.451698 -3.593999 1e-06 -6e-06 -1e-06 -1.362681 2.240798 -0.746325 -21.334913 0.58491 3.008322 -13.821213 -2e-06 3e-06 -23.887169 -0.249078 -0.839484 -60.45697 2.474264 -1.176224 -0.294024 1.679687 0.833256 -14.218208 0.093215 1.30058 -34.212048 -0.287562 0.967172 -20.033211 0.964539 1.212843 -0.0 -0.0 -1e-06 -3.440388 0.788233 0.501657 -15.928185 -3.167308 2.999707 -6.338825 -1e-06 1e-06 -18.123444 3.648185 -4.90567 -3e-06 0.0 -1e-06 31.619211 10.610476 17.564054 39.29681 -4.045747 17.938862 -0.184359 48.409359 0.313834 -16.469873 -6.02709 8.112445 2.243542 -5.255038 -3.180159 14.282896 -0.826598 6.952504 0.0 -12.690609 -1e-06 16.340841 -17.860527 2.759904 1.665668 -1.955922 -2.878298 4.727801 -4.170589 4.993925 11.020528 -0.0 -1e-06 12.109056 -3.735719 -2.866785 -0.0 0.0 -1e-06 1.291986 -1.928552 -1.498092 14.800131 0.567466 3.865611 14.242573 -1.34174 -6.66066 19.631969 0.143922 -0.648245 50.785805 -0.521677 -6.103518 0.353028 -1.51115 -0.031939 20.222797 3.684307 2.316632 18.787279 1e-06 0.0 10.751631 -0.47987 1.397908 0.0 1e-06 1e-06 3.273808 0.305946 -0.580111 21.486818 11.830376 2.266136 8.16293 1e-06 -2e-06 18.399088 -3.798989 -4.940578 2e-06 -0.0 -0.0 1.893858 17.490849 -1.984929 0.000898 -0.082162 1.705362 -2.777154 8.782827 -0.891648 1.620805 -1.919502 -0.439665 0.0 0.0 2e-06 -7.943964 -18.159769 -4.02851 0.027141 -0.194445 2.092356 11.061963 4.95101 1.909235 -1.441829 0.844104 -0.896593 0.0 -0.0 -1e-06 
0.0 0.0 0.0 0.0 -0.0 0.0 -0.938711 100.473175 1.78066 1.859455 0.004865 2.326232 0.593703 0.257077 -4.519406 -0.281751 0.826247 -6.163028 0.178454 -0.496974 14.5577 2.163023 2.011789 2.100506 -0.34581 1.140219 -3.552701 -3.11428 1.747087 -3.703702 7.7e-05 -2.3e-05 6e-06 0.017538 -0.112907 0.020054 0.753838 -3.834492 -10.610774 -0.718765 3.622787 -10.577935 -20.645967 -4.945024 14.777835 -44.415932 0.173591 28.207525 0.891282 -50.261505 -0.150787 -0.280597 12.63512 -16.666462 -5.88211 9.861289 0.70259 -10.936877 -0.360573 7.156211 0.0 8.774828 1e-06 -16.755022 17.963436 5.770352 -1.844033 2.498506 -2.507278 -10.163605 4.678948 4.621111 -20.976038 -1e-06 3e-06 -21.226301 2.4517 -3.594002 1e-06 -6e-06 0.0 -1.362683 2.240799 -0.746324 -21.334927 0.584912 3.008323 -13.821221 -2e-06 1e-06 -23.887182 -0.249076 -0.839483 -60.5326 2.510136 -1.197715 -0.294025 1.679688 0.833256 -14.218217 0.093217 1.300581 -34.21207 -0.287561 0.967169 -20.033226 0.964538 1.212843 -1e-06 -2e-06 -0.0 -3.44039 0.788234 0.501656 -15.928194 -3.167309 2.999709 -6.33883 -1e-06 0.0 -18.123459 3.648185 -4.905672 -3e-06 0.0 -3e-06 31.48011 10.48476 17.626123 39.021763 -4.545678 17.416803 -0.22556 50.88908 0.216893 -16.72736 -5.917076 8.3387 2.243541 -5.255037 -3.180159 14.28289 -0.826595 6.952506 -4e-06 -12.690608 3e-06 16.348547 -17.883707 2.76944 1.665665 -1.955922 -2.878298 4.727798 -4.170588 4.993928 11.020524 3e-06 -2e-06 12.109052 -3.735717 -2.866784 0.0 0.0 -1e-06 1.291984 -1.928549 -1.498088 14.800129 0.567469 3.865609 14.242572 -1.341735 -6.660656 19.631968 0.143928 -0.648246 50.791874 -0.543333 -6.106136 0.353028 -1.511149 -0.031941 20.222794 3.68431 2.316631 18.787271 4e-06 2e-06 10.751629 -0.479869 1.397907 -0.0 1e-06 -0.0 3.273808 0.305947 -0.580111 21.486818 11.830378 2.266131 8.162927 3e-06 -2e-06 18.39908 -3.798986 -4.940575 3e-06 -0.0 -0.0 0.799752 16.739487 -1.596631 -0.004765 -0.140684 1.819696 -2.251975 9.184478 -1.200928 1.634369 -1.935666 -0.471254 0.0 -1e-06 2e-06 -9.320377 -17.746149 -4.084823 0.024682 -0.19146 3.352872 11.433906 4.53161 1.049828 -1.444754 0.838215 -0.942608 0.0 -0.0 -1e-06 
0.0 0.0 0.0 0.0 -0.0 0.0 -0.067597 100.273727 1.968502 2.817184 0.065704 1.890009 0.165942 0.263816 -4.235395 -0.312297 0.796631 -6.097899 0.399798 -0.441789 14.669076 1.744749 2.23538 2.780702 -0.356298 1.109008 -3.5841 -3.461787 1.693924 -4.0956 7.7e-05 -2.3e-05 6e-06 0.023403 -0.110769 0.027772 0.738029 -3.834341 -10.608707 -0.691605 3.625616 -10.581921 -20.592697 -4.655295 14.841858 -43.984001 0.492842 28.519812 1.028513 -52.586487 -0.169818 -1.125374 12.887356 -14.879253 -5.882108 9.861287 0.70259 -10.936874 -0.360575 7.156204 0.0 8.774827 -1e-06 -16.689384 18.026056 5.829886 -1.844033 2.498504 -2.507277 -10.163603 4.678946 4.621109 -20.97603 -3e-06 1e-06 -21.226292 2.451699 -3.594 2e-06 -6e-06 -1e-06 -1.362683 2.240799 -0.746323 -21.334919 0.584909 3.008322 -13.821217 -2e-06 -0.0 -23.887175 -0.249078 -0.839485 -60.599064 2.554065 -1.226604 -0.294025 1.679688 0.833254 -14.218214 0.093216 1.300581 -34.212059 -0.287563 0.967168 -20.033218 0.964537 1.21284 -1e-06 -1e-06 0.0 -3.440389 0.788234 0.501654 -15.928191 -3.16731 2.999707 -6.338828 -1e-06 -0.0 -18.123457 3.648184 -4.905674 -2e-06 0.0 -1e-06 31.425407 10.401886 17.740946 38.567154 -4.953369 16.868633 -0.425736 53.840378 0.026608 -17.081964 -5.521366 8.90225 2.243542 -5.255037 -3.180156 14.282892 -0.826596 6.952499 -1e-06 -12.690603 0.0 16.273882 -17.937004 2.801651 1.665665 -1.955921 -2.878299 4.7278 -4.170588 4.993925 11.020525 2e-06 -1e-06 12.109053 -3.735718 -2.866783 0.0 0.0 -0.0 1.291986 -1.928551 -1.498088 14.800129 0.567466 3.865608 14.242574 -1.341738 -6.660655 19.631969 0.143923 -0.648247 50.713192 -0.563897 -6.10214 0.35303 -1.511149 -0.031941 20.222794 3.684307 2.316629 18.787273 3e-06 -2e-06 10.751629 -0.479869 1.397906 -0.0 1e-06 0.0 3.273807 0.305948 -0.580109 21.486813 11.830372 2.266132 8.162928 1e-06 -2e-06 18.399086 -3.798985 -4.940577 3e-06 -0.0 -0.0 -0.654811 15.96751 -1.016068 -0.00154 -0.14954 1.951614 -1.661068 9.736045 -1.747494 1.648007 -1.96032 -0.454115 0.0 -1e-06 2e-06 -11.140308 -16.90979 -5.098113 6e-05 -0.173763 6.815738 11.827898 4.076112 -0.865675 -1.445805 0.824823 -0.922334 0.0 -0.0 -1e-06 
0.0 0.0 0.0 0.0 -0.0 0.0 0.865071 99.942177 2.110896 4.211944 -0.029856 1.361089 -0.602671 0.281753 -3.863087 -0.385004 0.763856 -5.975815 0.496173 -0.290756 14.745699 1.306573 2.439871 3.552937 -0.331838 1.160052 -3.570177 -3.723981 1.778689 -4.844629 7.7e-05 -2.3e-05 6e-06 0.028154 -0.113359 0.05097 0.733756 -3.837614 -10.582677 -0.678562 3.623063 -10.565671 -20.113888 -4.257339 14.809858 -43.854523 0.603814 28.746925 1.130146 -54.847435 -0.097747 -1.729139 13.207029 -13.26452 -5.882112 9.861292 0.702591 -10.936878 -0.360574 7.156208 -0.0 8.77483 0.0 -16.519022 18.041019 5.902094 -1.844033 2.498506 -2.507279 -10.163608 4.678949 4.621111 -20.976038 -1e-06 2e-06 -21.226301 2.4517 -3.594003 1e-06 -6e-06 -1e-06 -1.362682 2.240799 -0.746323 -21.334929 0.584913 3.008325 -13.821221 -2e-06 1e-06 -23.887184 -0.249075 -0.839485 -60.477718 2.582583 -1.29867 -0.294025 1.679688 0.833256 -14.218217 0.093217 1.300581 -34.212067 -0.287558 0.967168 -20.033226 0.964541 1.212842 -0.0 -1e-06 1e-06 -3.440391 0.788234 0.501656 -15.928194 -3.167309 2.999708 -6.33883 0.0 -1e-06 -18.123457 3.648186 -4.905671 -2e-06 -0.0 -2e-06 31.160994 10.329161 17.789265 38.49897 -4.8874 16.167826 -0.679885 56.786354 -0.159792 -17.801096 -4.745268 9.968448 2.243542 -5.255039 -3.180157 14.282896 -0.826597 6.952505 -3e-06 -12.690609 -0.0 16.10816 -17.957792 2.82858 1.665667 -1.955922 -2.878298 4.727801 -4.170589 4.993927 11.020529 3e-06 -1e-06 12.109055 -3.735716 -2.866785 -1e-06 0.0 -0.0 1.291987 -1.92855 -1.498088 14.800131 0.567469 3.865608 14.242577 -1.341737 -6.660659 19.631975 0.143926 -0.648246 50.398842 -0.618384 -6.167355 0.353029 -1.51115 -0.031939 20.222799 3.684312 2.316631 18.787281 5e-06 -0.0 10.751631 -0.479868 1.397906 1e-06 2e-06 -1e-06 3.273808 0.305947 -0.580109 21.48682 11.830378 2.26613 8.16293 2e-06 -2e-06 18.399088 -3.798986 -4.940576 3e-06 -0.0 -2e-06 -2.625218 15.156717 -0.277836 0.019261 -0.110102 1.983345 -1.09829 10.44674 -2.341389 1.663778 -1.996316 -0.413215 -0.0 0.0 2e-06 -13.46553 -15.609108 -6.607496 -0.01842 -0.103201 11.322054 12.125355 3.351388 -3.312769 -1.447755 0.849369 -0.842155 0.0 -0.0 -1e-06 
0.0 0.0 0.0 0.0 -0.0 0.0 1.752613 99.515305 2.278134 5.865169 -0.36347 0.825246 -1.577813 0.30385 -3.374682 -0.460609 0.81857 -5.81638 0.303861 -0.040902 14.76868 1.045937 2.566175 4.200992 -0.305471 1.311262 -3.453483 -3.919392 1.980526 -5.854214 7.7e-05 -2.3e-05 6e-06 0.02894 -0.037303 0.083754 0.740532 -3.770724 -10.57037 -0.684451 3.708247 -10.570891 -19.145241 -3.971519 14.786385 -44.104992 0.523347 28.801573 1.381275 -56.698044 -0.246066 -1.978261 13.463341 -12.327272 -5.882111 9.861292 0.702591 -10.936878 -0.360574 7.156206 -0.0 8.774831 -2e-06 -16.367317 17.984346 5.887729 -1.844034 2.498506 -2.507279 -10.163605 4.678948 4.62111 -20.976034 -3e-06 -0.0 -21.226301 2.451698 -3.594004 1e-06 -6e-06 -1e-06 -1.362683 2.2408 -0.746323 -21.334927 0.584911 3.008321 -13.821223 -3e-06 -0.0 -23.887184 -0.249079 -0.839484 -60.303829 2.588822 -1.351212 -0.294025 1.679689 0.833256 -14.218217 0.093216 1.30058 -34.212074 -0.287562 0.967166 -20.033226 0.964538 1.212841 -1e-06 1e-06 1e-06 -3.44039 0.788234 0.501654 -15.928194 -3.16731 2.999707 -6.338829 0.0 1e-06 -18.123459 3.648183 -4.905674 -2e-06 1e-06 -1e-06 30.447119 10.252501 17.889021 39.323322 -4.099021 15.052163 -0.720958 59.512108 -0.270279 -18.96674 -3.595982 11.95534 2.243544 -5.255037 -3.180156 14.282896 -0.826599 6.952502 1e-06 -12.69061 2e-06 15.895876 -17.999033 2.8628 1.665668 -1.955923 -2.878299 4.7278 -4.170591 4.993927 11.02053 1e-06 -3e-06 12.109057 -3.73572 -2.866786 -0.0 0.0 -2e-06 1.291988 -1.92855 -1.498089 14.800132 0.567465 3.865606 14.242579 -1.34174 -6.660661 19.631973 0.143924 -0.648251 50.060787 -0.770634 -6.328303 0.35303 -1.51115 -0.031939 20.222801 3.684306 2.316629 18.787283 1e-06 -6e-06 10.751632 -0.479872 1.397902 1e-06 1e-06 -1e-06 3.273809 0.305946 -0.580112 21.486816 11.830378 2.266129 8.16293 0.0 -3e-06 18.399094 -3.798992 -4.940582 3e-06 -0.0 -1e-06 -4.861022 14.418241 0.381163 0.024202 -0.106593 2.22009 -0.558231 11.383665 -3.172497 1.669928 -2.032772 -0.256868 -0.0 -0.0 2e-06 -16.116573 -13.992276 -8.540257 0.004465 0.023939 16.363457 12.142989 2.32625 -5.529716 -1.464706 0.865425 -1.007408 -0.0 -0.0 -1e-06 
0.0 0.0 0.0 0.0 -0.0 0.0 2.519158 99.108154 2.438911 7.130472 -0.679588 0.262097 -2.35249 0.230677 -2.786354 -0.534242 0.880931 -5.624906 0.006242 0.145995 14.777405 0.741798 2.625371 4.72015 -0.243108 1.401699 -3.44679 -3.949881 2.297496 -6.789639 7.7e-05 -2.2e-05 6e-06 0.028504 -0.007735 0.097501 0.743292 -3.744595 -10.566764 -0.689022 3.741893 -10.575639 -18.113016 -3.727638 14.844431 -44.393082 0.332893 28.486744 1.493914 -58.270672 -0.288033 -1.99429 13.777756 -11.264022 -5.882105 9.861284 0.70259 -10.936872 -0.360576 7.156204 1e-06 8.774825 -1e-06 -16.236389 18.026331 5.948384 -1.844033 2.498505 -2.507278 -10.163599 4.678944 4.621108 -20.976021 -6e-06 2e-06 -21.226286 2.451695 -3.593999 1e-06 -6e-06 0.0 -1.362681 2.240798 -0.746325 -21.334913 0.584909 3.008324 -13.821213 -3e-06 1e-06 -23.887167 -0.249081 -0.83948 -60.120987 2.622654 -1.358451 -0.294024 1.679687 0.833256 -14.218208 0.093214 1.300582 -34.212048 -0.287566 0.967171 -20.033213 0.964535 1.212844 -1e-06 1e-06 -0.0 -3.440388 0.788232 0.501654 -15.928185 -3.16731 2.999708 -6.338825 -1e-06 3e-06 -18.123444 3.648181 -4.905672 -3e-06 1e-06 -2e-06 29.290775 10.200564 17.919321 40.951073 -2.819907 14.180495 -1.098732 62.191475 -0.609174 -20.002697 -2.676094 14.592148 2.243541 -5.255037 -3.180158 14.282893 -0.826594 6.952506 -3e-06 -12.690605 3e-06 15.792572 -18.085028 2.938632 1.665665 -1.955922 -2.878299 4.727798 -4.170587 4.993924 11.020524 1e-06 -1e-06 12.109051 -3.735715 -2.866781 -1e-06 -0.0 -1e-06 1.291984 -1.92855 -1.498088 14.800129 0.56747 3.865608 14.242569 -1.341735 -6.660657 19.631968 0.143927 -0.648243 49.855789 -0.844923 -6.402884 0.353029 -1.51115 -0.03194 20.222788 3.684309 2.316632 18.78727 4e-06 0.0 10.751629 -0.47987 1.397907 1e-06 2e-06 0.0 3.273808 0.305946 -0.580109 21.486814 11.830376 2.266138 8.162926 -1e-06 1e-06 18.399082 -3.798984 -4.940575 3e-06 -2e-06 -2e-06 -6.564344 13.85993 0.432825 0.032483 -0.052108 3.715245 -0.179675 12.113113 -4.491896 1.681751 -2.050258 -0.231365 0.0 0.0 2e-06 -18.212469 -12.303893 -11.105681 0.027324 0.214912 22.767302 11.668983 0.644734 -6.5088 -1.480384 0.919362 -1.347647 -0.0 -0.0 -1e-06 
0.0 0.0 0.0 0.0 -0.0 0.0 3.180738 98.784859 2.647568 7.760213 -0.983194 -0.308515 -2.77842 0.109577 -2.210951 -0.597218 0.990722 -5.362115 -0.216662 0.086711 14.851287 0.442994 2.754944 4.96512 -0.20329 1.471809 -3.541481 -3.937166 2.712614 -7.332773 7.7e-05 -2.2e-05 6e-06 0.021297 -0.046519 0.085881 0.725875 -3.773914 -10.562 -0.687146 3.693779 -10.566099 -17.572285 -3.613237 14.889387 -44.106945 0.263588 28.19561 1.899285 -59.880836 -0.542486 -2.094197 14.174093 -9.888162 -5.882107 9.861288 0.702589 -10.936871 -0.360575 7.156203 -0.0 8.774824 -1e-06 -16.260674 18.023338 5.943806 -1.844033 2.498507 -2.507278 -10.163599 4.678946 4.621107 -20.976023 -2e-06 1e-06 -21.226286 2.451698 -3.594002 1e-06 -6e-06 -0.0 -1.362681 2.240798 -0.746325 -21.334913 0.58491 3.008322 -13.821213 -1e-06 1e-06 -23.887167 -0.249079 -0.839485 -60.153107 2.584214 -1.247688 -0.294026 1.679688 0.833255 -14.21821 0.093216 1.300577 -34.212051 -0.287561 0.967167 -20.033215 0.964537 1.21284 1e-06 1e-06 1e-06 -3.440389 0.788234 0.501658 -15.928185 -3.167309 2.999707 -6.338827 -1e-06 0.0 -18.123449 3.648183 -4.905673 -3e-06 -0.0 1e-06 28.123947 10.187989 18.077024 42.640099 -1.28747 13.253854 -1.232696 65.106773 -0.82642 -20.710455 -1.588265 17.605621 2.243546 -5.255043 -3.180162 14.282907 -0.826599 6.952508 -2e-06 -12.690613 3e-06 15.950218 -18.150791 2.84607 1.665669 -1.955924 -2.878301 4.727807 -4.170593 4.993929 11.02054 2e-06 0.0 12.109066 -3.735719 -2.866787 -0.0 1e-06 -1e-06 1.291988 -1.928552 -1.498088 14.800144 0.567466 3.865609 14.242588 -1.341738 -6.660665 19.63199 0.143922 -0.648249 49.829475 -0.859974 -6.437691 0.353028 -1.511152 -0.031939 20.222818 3.684311 2.316631 18.787296 2e-06 -2e-06 10.751641 -0.479872 1.397907 1e-06 2e-06 -1e-06 3.273811 0.305947 -0.58011 21.486837 11.830381 2.266131 8.162937 1e-06 -1e-06 18.399105 -3.798987 -4.940581 3e-06 -2e-06 -0.0 -7.51565 13.387584 0.065286 0.023477 -0.044362 6.108335 0.127041 12.745806 -6.042967 1.680898 -1.990507 -0.222697 -0.0 -0.0 2e-06 -18.949287 -10.768521 -14.560884 0.091258 0.494923 30.166224 9.725591 -2.603333 -5.813084 -1.481067 0.917009 -2.191101 0.0 0.0 -1e-06 
0.0 0.0 0.0 0.0 -0.0 0.0 3.684371 98.591255 2.970586 7.891035 -1.184006 -0.707453 -2.914966 -0.013444 -1.806908 -0.651303 0.99372 -5.199864 -0.387461 0.01768 14.983431 0.082186 2.870225 5.094163 -0.172341 1.651187 -3.569802 -3.808545 2.866799 -7.512056 7.7e-05 -2.3e-05 6e-06 0.020126 -0.050466 0.079291 0.717483 -3.771387 -10.539692 -0.681636 3.683473 -10.546347 -17.716734 -3.505407 14.908186 -42.962872 0.174255 28.031889 2.307903 -61.652855 -0.906366 -2.34696 14.646481 -7.774105 -5.88211 9.861292 0.702589 -10.936878 -0.360576 7.156206 1e-06 8.774831 -1e-06 -16.271395 18.064779 5.996671 -1.844034 2.498506 -2.507278 -10.163606 4.678948 4.621107 -20.976038 -5e-06 0.0 -21.226299 2.451698 -3.594003 1e-06 -5e-06 -1e-06 -1.362683 2.240801 -0.746323 -21.334929 0.584909 3.008325 -13.821221 -3e-06 0.0 -23.887188 -0.249081 -0.839485 -60.080402 2.488505 -1.097416 -0.294025 1.679689 0.833256 -14.218216 0.093215 1.30058 -34.212067 -0.287565 0.967168 -20.033222 0.964536 1.212844 1e-06 0.0 -0.0 -3.440391 0.788234 0.501655 -15.928196 -3.167311 2.999707 -6.33883 -0.0 -1e-06 -18.123459 3.648186 -4.905674 -5e-06 1e-06 -0.0 27.220144 10.066194 18.288012 44.004784 0.181589 12.624784 -1.717537 68.463844 -1.343739 -21.024174 -0.619538 20.612383 2.243544 -5.255041 -3.180161 14.282902 -0.826599 6.952506 0.0 -12.690614 3e-06 16.101109 -18.328415 2.845069 1.665668 -1.955923 -2.878301 4.727803 -4.170591 4.993926 11.020533 2e-06 -1e-06 12.10906 -3.73572 -2.866787 -0.0 -0.0 1e-06 1.291987 -1.928551 -1.498089 14.800139 0.567465 3.865608 14.242584 -1.341739 -6.660663 19.631983 0.143924 -0.64825 49.939789 -0.898608 -6.450843 0.353031 -1.511152 -0.031939 20.222805 3.68431 2.316627 18.787287 3e-06 -6e-06 10.751636 -0.479871 1.397904 1e-06 1e-06 0.0 3.273808 0.305948 -0.58011 21.486832 11.830381 2.266131 8.162935 -2e-06 -2e-06 18.399101 -3.798988 -4.940586 3e-06 -1e-06 -0.0 -7.876965 13.129282 -0.110382 0.02696 -0.013307 7.823415 0.318601 12.846486 -7.17212 1.675567 -1.972962 -0.182582 -0.0 -0.0 2e-06 -18.460524 -10.061127 -18.326046 0.14921 0.532539 37.053886 6.339252 -5.65927 -4.77157 -1.475181 0.916939 -2.183093 -0.0 1e-06 -1e-06 
0.0 0.0 0.0 0.0 -0.0 0.0 4.033927 98.500511 3.506525 7.778869 -1.183278 -0.928673 -2.907356 -0.133569 -1.500217 -0.689919 0.940998 -5.091028 -0.579336 -0.121677 14.968351 -0.234943 2.970889 5.132253 -0.143937 1.816864 -3.57753 -3.620978 2.967605 -7.510976 7.7e-05 -2.2e-05 6e-06 0.016899 -0.032813 0.070334 0.708351 -3.750059 -10.541836 -0.679048 3.696665 -10.548817 -18.012648 -3.458162 14.746963 -41.690029 0.181716 27.923325 2.829498 -63.75248 -1.360179 -2.281393 14.983164 -5.216413 -5.88211 9.86129 0.702591 -10.936876 -0.360573 7.156208 -1e-06 8.774828 0.0 -16.182285 18.097282 6.107298 -1.844032 2.498505 -2.507276 -10.163603 4.678947 4.62111 -20.97603 1e-06 3e-06 -21.226292 2.451702 -3.594 -1e-06 -5e-06 -1e-06 -1.362681 2.240799 -0.746324 -21.334921 0.584914 3.008326 -13.821218 0.0 1e-06 -23.887178 -0.249075 -0.839482 -59.992966 2.414305 -0.897152 -0.294025 1.679688 0.833256 -14.218215 0.093217 1.300582 -34.212067 -0.287558 0.967171 -20.033222 0.964539 1.212842 1e-06 1e-06 0.0 -3.440388 0.788234 0.501655 -15.928192 -3.167308 2.99971 -6.338829 -0.0 2e-06 -18.123453 3.648188 -4.90567 -4e-06 -1e-06 -1e-06 26.340626 9.841059 18.258371 45.290367 1.221955 12.194001 -2.317452 72.154869 -2.028177 -21.291025 0.498004 23.360971 2.243542 -5.255037 -3.18016 14.282892 -0.826595 6.952501 -1e-06 -12.690605 1e-06 16.183542 -18.447821 2.875625 1.665668 -1.955922 -2.8783 4.7278 -4.170588 4.993922 11.020526 4e-06 -3e-06 12.109053 -3.735717 -2.866786 -0.0 0.0 0.0 1.291987 -1.928549 -1.498089 14.800131 0.567466 3.865606 14.242574 -1.341738 -6.660659 19.631966 0.143926 -0.648247 50.003941 -0.993452 -6.474314 0.353028 -1.511149 -0.03194 20.222797 3.684307 2.316631 18.787273 3e-06 -2e-06 10.751631 -0.479872 1.397905 1e-06 1e-06 -0.0 3.273808 0.305946 -0.580111 21.486813 11.830371 2.266134 8.162928 -0.0 -1e-06 18.399088 -3.798988 -4.940579 2e-06 -0.0 -0.0 -7.879607 12.914014 0.255283 0.012928 -0.011635 8.332345 0.388038 12.661379 -7.837723 1.66648 -1.990701 -0.142549 0.0 -0.0 2e-06 -17.223492 -10.208239 -21.627846 0.184629 0.487689 41.614151 4.610826 -6.849463 -4.754229 -1.462463 0.913266 -2.036516 0.0 0.0 -1e-06 
0.0 0.0 0.0 0.0 -0.0 0.0 4.298606 98.508965 4.208162 7.408416 -0.904734 -0.832739 -2.761229 -0.228005 -1.282068 -0.683446 0.838638 -5.034012 -0.691979 -0.310988 14.715066 -0.591572 3.109048 4.954403 -0.116633 1.916266 -3.584333 -3.390816 3.055513 -7.405637 7.7e-05 -2.2e-05 6e-06 0.012412 -0.020514 0.054207 0.702077 -3.737285 -10.563128 -0.681409 3.707394 -10.564284 -18.182003 -3.492481 14.413347 -40.654716 0.126494 27.671446 3.239003 -66.349251 -1.809142 -1.548652 14.877714 -2.575972 -5.882114 9.861297 0.702591 -10.936881 -0.360572 7.156206 -2e-06 8.774833 -0.0 -16.006895 18.225416 6.224529 -1.844035 2.498508 -2.507278 -10.16361 4.678952 4.621109 -20.976042 2e-06 -1e-06 -21.226307 2.451704 -3.594005 -1e-06 -6e-06 -1e-06 -1.362682 2.2408 -0.746323 -21.334929 0.584915 3.00832 -13.821223 -1e-06 -1e-06 -23.887184 -0.249076 -0.839486 -59.878635 2.369385 -0.808683 -0.294024 1.679688 0.833257 -14.218223 0.093219 1.30058 -34.212082 -0.287558 0.967164 -20.033232 0.964537 1.212839 0.0 -0.0 0.0 -3.440391 0.788236 0.501655 -15.928201 -3.167308 2.999707 -6.338832 1e-06 0.0 -18.123466 3.64819 -4.905679 -4e-06 1e-06 -1e-06 25.289619 9.582143 17.996553 46.571648 1.727412 11.760266 -3.075171 76.438072 -2.967408 -21.794945 1.728654 25.716501 2.243546 -5.255041 -3.180163 14.282907 -0.826599 6.952507 -2e-06 -12.690618 4e-06 16.167461 -18.509157 2.902256 1.665669 -1.955923 -2.878301 4.727805 -4.170593 4.993928 11.020543 2e-06 -2e-06 12.109068 -3.735719 -2.866788 -1e-06 -0.0 0.0 1.291988 -1.928552 -1.498089 14.800146 0.567465 3.865609 14.24259 -1.341737 -6.660665 19.631992 0.143926 -0.648249 50.05072 -1.073597 -6.472675 0.35303 -1.511152 -0.031942 20.222818 3.684311 2.316627 18.787296 6e-06 -7e-06 10.751641 -0.479868 1.397904 -0.0 -0.0 -0.0 3.27381 0.305948 -0.580112 21.486837 11.830384 2.266127 8.162938 0.0 -3e-06 18.399111 -3.798987 -4.940588 3e-06 -0.0 -1e-06 -7.633121 12.721175 0.715335 -0.008835 -0.050356 8.084152 0.291217 12.1385 -8.234489 1.660033 -1.997262 -0.106921 -0.0 -0.0 2e-06 -15.335902 -10.993933 -24.602364 0.216805 0.460468 43.280857 4.756544 -5.955584 -4.949888 -1.449431 0.924443 -2.152937 0.0 1e-06 -1e-06 
0.0 0.0 0.0 0.0 -0.0 0.0 4.462461 98.58638 5.034496 6.915872 -0.161802 -0.374108 -2.550756 -0.284424 -1.175199 -0.63582 0.682296 -5.004364 -0.754884 -0.528749 14.23145 -0.908929 3.256264 4.513667 -0.062286 1.911114 -3.588981 -3.111358 3.076805 -7.25132 7.7e-05 -2.2e-05 6e-06 0.009074 -0.014395 0.04127 0.693563 -3.735299 -10.579434 -0.679064 3.716436 -10.572544 -18.059475 -3.703319 13.993961 -39.844669 -0.143068 27.515583 3.519989 -69.523247 -2.207306 -0.346249 14.212505 -0.399873 -5.882112 9.861293 0.702591 -10.936881 -0.360573 7.15621 -0.0 8.774831 -1e-06 -15.814993 18.471394 6.354125 -1.844036 2.498507 -2.50728 -10.163611 4.67895 4.621111 -20.976048 -1e-06 1e-06 -21.226311 2.451699 -3.594005 1e-06 -5e-06 1e-06 -1.362684 2.2408 -0.746325 -21.334936 0.584913 3.008324 -13.821229 -1e-06 -1e-06 -23.887196 -0.24908 -0.839489 -59.830257 2.398587 -0.84345 -0.294026 1.679689 0.833255 -14.218224 0.093217 1.30058 -34.212082 -0.287562 0.967166 -20.033234 0.964535 1.21284 1e-06 1e-06 1e-06 -3.440392 0.788234 0.501656 -15.928201 -3.16731 2.999707 -6.338832 1e-06 -1e-06 -18.123466 3.648185 -4.905677 -4e-06 1e-06 -1e-06 24.040937 9.299093 17.560091 47.795887 1.692187 11.20225 -3.600617 81.212173 -3.767161 -22.422506 2.965798 27.475317 2.243544 -5.255041 -3.180159 14.282902 -0.826597 6.952507 -2e-06 -12.690613 2e-06 16.103296 -18.525917 2.854582 1.665668 -1.955924 -2.878301 4.727803 -4.170591 4.993928 11.020536 2e-06 -0.0 12.10906 -3.735716 -2.866786 1e-06 -1e-06 2e-06 1.291987 -1.92855 -1.498091 14.800139 0.567467 3.865612 14.242584 -1.341736 -6.660664 19.631987 0.143925 -0.648247 50.01664 -1.146718 -6.487293 0.353029 -1.511151 -0.031941 20.222805 3.684309 2.316631 18.787289 5e-06 -3e-06 10.751637 -0.479868 1.397905 -0.0 2e-06 -0.0 3.27381 0.305948 -0.580112 21.486832 11.830381 2.266132 8.162935 -1e-06 -2e-06 18.399099 -3.798988 -4.940582 2e-06 -1e-06 -1e-06 -7.08738 12.439024 1.238137 -0.03658 -0.100013 7.267026 -0.125629 11.253622 -8.406969 1.659296 -1.974799 -0.162075 -0.0 1e-06 2e-06 -13.164426 -12.224648 -26.977243 0.251726 0.451693 41.736454 5.713394 -4.133958 -4.563446 -1.443729 0.942355 -2.348643 0.0 0.0 -1e-06 
0.0 0.0 0.0 0.0 -0.0 0.0 4.512329 98.661354 5.994234 6.474097 1.087404 0.304336 -2.375705 -0.30119 -1.190724 -0.574534 0.514785 -5.000845 -0.846657 -0.793536 13.679639 -1.10061 3.34015 3.926144 -0.002017 1.873219 -3.582936 -2.737146 2.944879 -7.122144 7.7e-05 -2.3e-05 6e-06 0.006292 0.003478 0.035498 0.686396 -3.725341 -10.590929 -0.677025 3.741839 -10.574814 -17.694147 -4.063171 13.549129 -38.942547 -0.777143 27.650181 3.664292 -73.307419 -2.460468 0.875868 13.121269 1.234018 -5.882109 9.861292 0.702591 -10.936877 -0.360573 7.156205 -1e-06 8.77483 -0.0 -15.683951 18.792934 6.475947 -1.844035 2.498507 -2.507278 -10.163604 4.678949 4.621108 -20.976034 0.0 0.0 -21.226299 2.451699 -3.594004 1e-06 -6e-06 1e-06 -1.362684 2.2408 -0.746323 -21.334921 0.584911 3.008322 -13.82122 -2e-06 0.0 -23.887182 -0.249079 -0.839487 -59.967941 2.531899 -0.967017 -0.294025 1.67969 0.833256 -14.218214 0.093217 1.300579 -34.212067 -0.287563 0.967167 -20.033226 0.964537 1.212841 -0.0 1e-06 0.0 -3.440389 0.788234 0.501655 -15.928191 -3.16731 2.999706 -6.338829 1e-06 1e-06 -18.123457 3.648185 -4.905674 -4e-06 1e-06 -0.0 22.613411 9.000268 17.006622 48.899364 1.302798 10.706855 -3.896368 86.24955 -4.314166 -23.075396 4.083361 28.382271 2.243543 -5.255038 -3.180161 14.282896 -0.826596 6.952501 0.0 -12.690608 0.0 16.026455 -18.473557 2.75617 1.665667 -1.955922 -2.878299 4.7278 -4.170589 4.993927 11.020528 3e-06 -2e-06 12.109056 -3.735718 -2.866784 1e-06 -1e-06 2e-06 1.291986 -1.928549 -1.49809 14.800132 0.567466 3.865609 14.242577 -1.341738 -6.660659 19.631975 0.143926 -0.648246 49.854931 -1.213754 -6.514664 0.353028 -1.51115 -0.031939 20.222801 3.684308 2.316627 18.787281 4e-06 -4e-06 10.751633 -0.479869 1.397905 -0.0 2e-06 -0.0 3.273809 0.305946 -0.580112 21.486818 11.830376 2.26613 8.162928 -0.0 -1e-06 18.399088 -3.798987 -4.940578 2e-06 -1e-06 -1e-06 -6.479919 12.102656 1.664134 -0.060776 -0.148234 6.328266 -0.720595 9.996336 -8.50949 1.663986 -1.947582 -0.266048 -0.0 1e-06 2e-06 -11.115489 -13.72351 -28.488415 0.283001 0.438194 37.480545 6.842463 -2.174351 -3.397124 -1.445809 0.951184 -2.610946 -0.0 -0.0 -1e-06 
0.0 0.0 0.0 0.0 -0.0 0.0 4.438319 98.659584 7.123951 6.210541 2.788491 1.051918 -2.284807 -0.289647 -1.330297 -0.531941 0.356578 -5.042879 -1.041676 -1.023249 13.199946 -1.165798 3.386783 3.324374 0.01833 1.833191 -3.586228 -2.299119 2.604859 -7.007613 7.7e-05 -2.2e-05 6e-06 0.003488 0.030551 0.032928 0.680605 -3.707373 -10.607449 -0.676608 3.778385 -10.579532 -17.310804 -4.492111 13.045799 -37.636581 -1.70025 27.61554 2.519253 -77.990997 -1.507221 2.209129 11.547833 2.065336 -5.88211 9.861288 0.702589 -10.936876 -0.360574 7.156208 -0.0 8.774826 -0.0 -15.584176 19.131689 6.549758 -1.844034 2.498506 -2.507278 -10.163604 4.678946 4.621109 -20.97603 -1e-06 2e-06 -21.226297 2.451699 -3.594003 -0.0 -7e-06 -1e-06 -1.362682 2.240799 -0.746325 -21.334921 0.584912 3.008322 -13.821218 -2e-06 2e-06 -23.88718 -0.249079 -0.839486 -60.199978 2.684351 -1.093414 -0.294027 1.679689 0.833258 -14.218214 0.093214 1.30058 -34.212063 -0.287562 0.967169 -20.03322 0.964539 1.212843 0.0 1e-06 1e-06 -3.440389 0.788233 0.501656 -15.928192 -3.167308 2.999707 -6.338829 0.0 1e-06 -18.123455 3.648185 -4.905674 -4e-06 1e-06 -2e-06 21.02932 8.698559 16.346127 49.806934 0.769025 10.46829 177.736816 88.504196 177.138138 -23.799438 4.906597 28.574072 2.243542 -5.255037 -3.180158 14.282894 -0.826595 6.952504 -3e-06 -12.690605 1e-06 15.960245 -18.357761 2.62534 1.665666 -1.955922 -2.878298 4.727799 -4.170588 4.993925 11.020528 3e-06 -1e-06 12.109052 -3.735716 -2.866782 2e-06 -1e-06 -0.0 1.291986 -1.928549 -1.498091 14.800129 0.567469 3.865608 14.242574 -1.341735 -6.660659 19.631971 0.143925 -0.648244 49.668396 -1.221883 -6.514989 0.353029 -1.51115 -0.031939 20.222795 3.684309 2.31663 18.787273 5e-06 -2e-06 10.751629 -0.479867 1.397905 0.0 2e-06 -1e-06 3.273806 0.305947 -0.580109 21.48682 11.830376 2.266136 8.16293 2e-06 -3e-06 18.399084 -3.798985 -4.940576 3e-06 -1e-06 -1e-06 -6.019506 11.70355 1.820343 -0.075211 -0.177702 5.931766 -1.368869 8.373036 -8.86231 1.669908 -1.94279 -0.317806 -0.0 -0.0 2e-06 -9.538388 -15.200526 -29.050455 0.286153 0.380556 31.348814 7.923146 -0.462508 -1.567984 -1.454202 0.952624 -2.809757 -0.0 -0.0 -1e-06 
0.0 0.0 0.0 0.0 -0.0 0.0 4.24334 98.560158 8.449821 6.243429 4.916749 1.767279 -2.300747 -0.259479 -1.574305 -0.522082 0.248288 -5.108479 -1.420471 -1.148487 12.820274 -1.175573 3.410696 2.787834 -0.026594 1.717387 -3.596766 -1.854756 2.067242 -6.920765 7.7e-05 -2.2e-05 6e-06 0.002321 0.043662 0.033337 0.673469 -3.702794 -10.621058 -0.671951 3.801522 -10.582719 -17.099739 -4.869011 12.489236 -35.682106 -2.937235 27.301722 -1.544417 -83.644455 2.326658 3.943989 9.413726 2.273878 -5.882106 9.861285 0.702591 -10.936875 -0.360576 7.156209 3e-06 8.774826 1e-06 -15.500752 19.359852 6.543622 -1.844033 2.498505 -2.507279 -10.163601 4.678944 4.621113 -20.97603 -6e-06 4e-06 -21.226292 2.451694 -3.593997 -0.0 -7e-06 -1e-06 -1.362681 2.240797 -0.746323 -21.334921 0.584909 3.008326 -13.821218 -4e-06 5e-06 -23.887178 -0.24908 -0.839479 -60.564102 2.77126 -1.162758 -0.294025 1.679688 0.833256 -14.218214 0.093213 1.300581 -34.212063 -0.287566 0.967176 -20.033218 0.964539 1.212847 0.0 2e-06 0.0 -3.440391 0.788233 0.501656 -15.928189 -3.167312 2.999712 -6.338828 -1e-06 2e-06 -18.123447 3.648181 -4.905668 -3e-06 2e-06 -2e-06 19.258516 8.393207 15.58378 50.552658 0.331113 10.430196 176.94902 83.168663 176.259109 -24.770271 5.498746 28.337212 2.243541 -5.255036 -3.180157 14.282886 -0.826594 6.952503 -3e-06 -12.6906 0.0 15.867988 -18.171263 2.536963 1.665665 -1.955922 -2.878299 4.727798 -4.170586 4.993925 11.020522 3e-06 -1e-06 12.109048 -3.735715 -2.866783 1e-06 -0.0 1e-06 1.291985 -1.928549 -1.49809 14.800122 0.567468 3.865609 14.242568 -1.341735 -6.660659 19.631958 0.143927 -0.648246 49.573013 -1.151091 -6.45808 0.353029 -1.51115 -0.03194 20.222786 3.684308 2.31663 18.787268 3e-06 -0.0 10.751622 -0.47987 1.397906 1e-06 1e-06 -0.0 3.273806 0.305947 -0.580109 21.486809 11.830373 2.266133 8.162922 1e-06 0.0 18.399076 -3.798984 -4.940573 3e-06 -1e-06 -1e-06 -5.635767 11.014685 1.975963 -0.079253 -0.193251 5.845401 -2.14874 6.479648 -9.369342 1.670209 -1.941913 -0.327745 -0.0 0.0 2e-06 -8.715343 -16.565533 -28.823832 0.254654 0.246369 24.970818 8.435214 0.494328 0.648177 -1.454727 0.959549 -2.886182 -0.0 0.0 -1e-06 
0.0 0.0 0.0 0.0 -0.0 0.0 3.902766 98.347343 9.968354 6.593809 7.428457 2.411875 -2.383603 -0.222141 -1.897293 -0.564032 0.253203 -5.186088 -2.025179 -1.160978 12.543538 -1.132857 3.301663 2.324998 -0.111636 1.667061 -3.603994 -1.49281 1.342119 -6.877385 7.7e-05 -2.3e-05 6e-06 0.00406 0.06799 0.032302 0.670469 -3.683404 -10.618281 -0.665685 3.833225 -10.575536 -16.855963 -5.09908 11.859855 -33.312603 -4.668485 26.598932 -111.505981 -89.369751 112.140999 6.354293 6.670537 2.089241 -5.882107 9.861286 0.702591 -10.936871 -0.360575 7.156206 2e-06 8.774825 -1e-06 -15.502778 19.153622 6.364731 -1.844031 2.498504 -2.507278 -10.163603 4.678946 4.621109 -20.976027 -3e-06 0.0 -21.22629 2.451697 -3.594002 0.0 -7e-06 -0.0 -1.362682 2.240798 -0.746323 -21.334915 0.58491 3.008322 -13.821215 -3e-06 1e-06 -23.887171 -0.249082 -0.839485 -61.100037 2.736539 -1.150039 -0.294022 1.679687 0.833257 -14.21821 0.093215 1.30058 -34.212051 -0.287564 0.967167 -20.033215 0.964536 1.212842 -1e-06 1e-06 0.0 -3.44039 0.788234 0.501654 -15.928185 -3.167308 2.999705 -6.338825 -1e-06 1e-06 -18.123444 3.648181 -4.905674 -3e-06 1e-06 -2e-06 16.992752 8.17902 14.59323 51.286274 0.355573 10.425227 176.407669 77.862709 175.713608 -25.854727 5.612735 28.322935 2.243543 -5.255038 -3.180159 14.282896 -0.826597 6.952503 -2e-06 -12.690605 2e-06 15.733562 -17.994587 2.543508 1.665667 -1.955922 -2.878302 4.7278 -4.170588 4.993927 11.020531 2e-06 -2e-06 12.109058 -3.735717 -2.866787 -0.0 0.0 0.0 1.291986 -1.92855 -1.498089 14.800136 0.567467 3.865607 14.242581 -1.341736 -6.660661 19.631975 0.143924 -0.648248 49.549927 -1.057825 -6.34675 0.353029 -1.511151 -0.03194 20.222797 3.684308 2.316627 18.787279 4e-06 -4e-06 10.751633 -0.479869 1.397906 -1e-06 1e-06 -0.0 3.273808 0.305946 -0.580113 21.48682 11.830377 2.266132 8.16293 2e-06 -0.0 18.399092 -3.798984 -4.940578 2e-06 -0.0 -2e-06 -5.399738 9.799493 2.121484 -0.074562 -0.170109 6.188175 -2.990265 4.470776 -10.084013 1.673192 -1.959879 -0.353833 -0.0 0.0 2e-06 -8.729695 -17.969446 -28.220467 0.218077 0.106042 20.347534 8.564989 0.764732 2.693331 -1.44005 0.973447 -2.69646 0.0 0.0 -1e-06 
0.0 0.0 0.0 0.0 -0.0 0.0 3.427544 98.08194 11.672288 6.729024 10.320586 2.927 -2.310762 -0.268177 -2.255914 -0.560032 0.406775 -5.311841 -2.589366 -1.113694 12.311461 -1.138173 3.055161 2.011249 -0.245291 1.333718 -3.646243 -1.120306 0.607362 -6.804628 7.7e-05 -2.3e-05 6e-06 -0.001999 0.062026 0.010495 0.646474 -3.687056 -10.611883 -0.653261 3.825645 -10.569909 -16.163651 -5.181573 11.21303 -31.54097 -7.088424 24.918949 -175.995987 -82.985359 176.62822 9.021858 3.561625 1.641713 -5.882105 9.861283 0.702589 -10.936867 -0.360573 7.156202 -1e-06 8.774821 -1e-06 -15.551338 18.532101 6.112233 -1.844032 2.498503 -2.507279 -10.163596 4.678944 4.621106 -20.976017 -0.0 0.0 -21.226276 2.451694 -3.594002 0.0 -6e-06 0.0 -1.362681 2.240798 -0.746324 -21.334904 0.584911 3.008319 -13.821207 1e-06 1e-06 -23.887157 -0.249079 -0.839486 -61.444588 2.696589 -1.131143 -0.294025 1.679686 0.833255 -14.218204 0.093216 1.300578 -34.21204 -0.287562 0.967166 -20.033205 0.964537 1.21284 -0.0 0.0 0.0 -3.440387 0.788234 0.501656 -15.928177 -3.167308 2.999705 -6.338823 1e-06 1e-06 -18.123442 3.648184 -4.905671 -5e-06 2e-06 -1e-06 14.289652 8.234871 13.431741 51.523052 1.401199 9.870194 176.352829 72.565544 175.919998 -26.865223 4.450153 29.765747 2.243543 -5.255041 -3.180163 14.282902 -0.826594 6.952505 -1e-06 -12.690612 -3e-06 15.459143 -17.742424 2.489027 1.665667 -1.955923 -2.878302 4.727801 -4.170589 4.993927 11.020535 4e-06 -2e-06 12.10906 -3.735717 -2.866786 1e-06 1e-06 -0.0 1.291986 -1.928551 -1.498089 14.800139 0.567469 3.865611 14.242584 -1.341738 -6.660663 19.631979 0.143924 -0.648246 49.419468 -0.951704 -6.245158 0.353029 -1.511151 -0.031941 20.222805 3.684312 2.316631 18.787287 7e-06 -1e-06 10.751636 -0.479866 1.397905 0.0 -0.0 -0.0 3.27381 0.305947 -0.580111 21.48683 11.830384 2.266136 8.162935 4e-06 -1e-06 18.399096 -3.798985 -4.940578 3e-06 -0.0 -0.0 -4.702315 8.338528 1.953025 -0.073862 -0.121341 7.568472 -3.918716 2.571232 -11.258142 1.696876 -1.975085 -0.534474 0.0 -0.0 2e-06 -8.636715 -19.777384 -27.579416 0.137779 0.031746 19.450089 7.288219 0.313913 3.867515 -1.421191 0.917782 -2.297327 -0.0 -0.0 -1e-06 
0.0 0.0 0.0 0.0 -0.0 0.0 2.770827 98.009995 13.518198 6.082467 13.050533 3.179889 -1.799714 -0.261829 -2.601693 -0.478195 0.594321 -5.442425 -2.794549 -1.084653 11.934343 -1.035045 2.926584 2.074897 -0.543929 0.876426 -3.58569 -0.899035 -0.171297 -6.910979 7.7e-05 -2.4e-05 6e-06 -0.003671 0.036524 0.012674 0.62822 -3.713459 -10.5771 -0.637469 3.800443 -10.516221 -15.008709 -4.997744 10.628782 -30.771755 -10.399007 21.775303 -176.889999 -77.087723 177.332062 12.216313 0.103548 1.118658 -5.882111 9.86129 0.702593 -10.936878 -0.360572 7.15621 0.0 8.774828 1e-06 -15.935892 17.963308 5.682606 -1.844035 2.498505 -2.507279 -10.163605 4.678947 4.621112 -20.976034 0.0 3e-06 -21.226299 2.451699 -3.594001 -1e-06 -6e-06 0.0 -1.362683 2.240798 -0.746324 -21.334929 0.584912 3.008327 -13.821221 -0.0 4e-06 -23.887184 -0.249077 -0.839482 -61.382885 2.610142 -1.151577 -0.294025 1.679687 0.833258 -14.218217 0.093216 1.300581 -34.212067 -0.287559 0.967171 -20.033222 0.964539 1.212844 -0.0 1e-06 -0.0 -3.440391 0.788234 0.501657 -15.928198 -3.167309 2.99971 -6.338831 -0.0 1e-06 -18.123457 3.648186 -4.905674 -5e-06 1e-06 -2e-06 11.157806 8.720981 12.221029 51.077721 3.913413 7.321507 175.521301 67.193314 175.560089 -27.126167 1.956101 32.311249 2.243543 -5.255041 -3.180161 14.282902 -0.826594 6.952511 -3e-06 -12.690611 -3e-06 15.569878 -17.713598 2.400397 1.665666 -1.955924 -2.878303 4.727802 -4.170589 4.993929 11.020535 5e-06 -2e-06 12.109058 -3.735717 -2.866786 1e-06 1e-06 -0.0 1.291985 -1.928551 -1.498091 14.80014 0.56747 3.865612 14.242582 -1.341735 -6.660664 19.631979 0.143928 -0.648245 49.521954 -0.794369 -6.165105 0.353028 -1.511151 -0.03194 20.222805 3.684315 2.316634 18.787289 7e-06 1e-06 10.751637 -0.479868 1.397909 1e-06 -0.0 0.0 3.273809 0.305947 -0.580112 21.486832 11.830384 2.266137 8.162935 4e-06 -1e-06 18.399096 -3.798984 -4.940578 3e-06 1e-06 -1e-06 -2.978831 6.760418 2.767858 -0.072481 -0.164141 7.114872 -4.894158 1.164778 -11.644961 1.707877 -2.026714 -0.610186 0.0 -1e-06 2e-06 -7.848192 -21.81345 -26.847986 0.115619 0.079376 21.186087 5.513486 -0.762875 2.664759 -1.424244 0.896609 -1.948221 0.0 0.0 -1e-06 
0.0 0.0 0.0 0.0 -0.0 0.0 1.972004 98.098663 15.488437 4.785414 15.486464 3.254186 -0.985485 -0.211466 -2.913926 -0.385686 0.671324 -5.591961 -2.52815 -1.132864 11.2672 -0.869434 2.987217 2.262552 -0.794703 0.278328 -3.529317 -0.970899 -0.899936 -6.831819 7.7e-05 -2.4e-05 6e-06 -0.000444 0.041141 0.027848 0.62823 -3.704507 -10.514569 -0.630036 3.798842 -10.434599 -13.368618 -4.874425 9.889955 -31.049978 -14.443272 17.986385 -178.062531 -72.458755 178.268372 15.914745 -3.843245 0.698358 -5.882111 9.861292 0.702592 -10.936881 -0.360575 7.156216 1e-06 8.774831 -1e-06 -16.417154 17.842348 5.406498 -1.844034 2.498506 -2.507279 -10.16361 4.678948 4.621113 -20.97604 -1e-06 5e-06 -21.226303 2.451698 -3.594001 1e-06 -6e-06 -1e-06 -1.362682 2.2408 -0.746325 -21.33493 0.584911 3.008329 -13.821225 -3e-06 4e-06 -23.887192 -0.249077 -0.839481 -61.239388 2.500827 -1.206431 -0.294025 1.679688 0.833258 -14.218222 0.093216 1.300586 -34.212082 -0.287561 0.967176 -20.03323 0.964539 1.212847 1e-06 -1e-06 1e-06 -3.440392 0.788234 0.501656 -15.928203 -3.167314 2.999713 -6.338831 -1e-06 3e-06 -18.123463 3.648185 -4.905673 -5e-06 2e-06 -1e-06 7.599697 9.96382 10.5616 49.990444 7.717369 2.830642 176.201874 61.984638 176.8965 -26.611818 -1.888241 34.959064 2.243541 -5.255037 -3.180158 14.282889 -0.826594 6.952504 -3e-06 -12.690605 1e-06 16.017418 -17.700335 2.254783 1.665667 -1.955922 -2.878298 4.727799 -4.170586 4.993925 11.020526 5e-06 -1e-06 12.10905 -3.735715 -2.866783 1e-06 1e-06 -0.0 1.291985 -1.928548 -1.49809 14.800127 0.567469 3.865609 14.242569 -1.341735 -6.660659 19.631969 0.143929 -0.648244 49.815475 -0.700311 -6.144905 0.353029 -1.511151 -0.031942 20.22279 3.684312 2.316633 18.78727 3e-06 1e-06 10.751627 -0.479869 1.397908 1e-06 2e-06 -1e-06 3.273807 0.305947 -0.580111 21.486813 11.830376 2.266135 8.162928 3e-06 -1e-06 18.39908 -3.798987 -4.940573 2e-06 -0.0 0.0 -0.409878 5.429229 4.496371 -0.081405 -0.225216 4.543828 -5.871394 0.268269 -11.070504 1.71118 -2.018775 -0.713702 0.0 0.0 2e-06 -6.173518 -23.602419 -26.054174 0.118421 0.140045 22.568171 4.415392 -1.385592 1.381686 -1.414877 0.892836 -1.560176 -0.0 0.0 -1e-06 
0.0 0.0 0.0 0.0 -0.0 0.0 1.10309 98.368805 17.470232 2.972032 17.460205 3.266886 0.090798 -0.204543 -3.155587 -0.229207 0.773984 -5.737121 -1.857149 -1.343521 10.395272 -0.767954 3.072104 2.018169 -1.000395 -0.174265 -3.472846 -1.065289 -1.601951 -6.624923 7.7e-05 -2.3e-05 6e-06 0.007658 0.03054 0.021243 0.638006 -3.715298 -10.450496 -0.623492 3.791007 -10.362923 -11.95916 -4.881198 8.825857 -31.431189 -19.294546 13.924557 -179.657562 -69.466423 179.461624 19.782993 -7.867128 1.590204 -5.882113 9.861292 0.70259 -10.936883 -0.360574 7.156214 1e-06 8.77483 -1e-06 -16.541328 18.024977 5.472055 -1.844035 2.498506 -2.50728 -10.16361 4.678948 4.621113 -20.976044 -0.0 4e-06 -21.226307 2.4517 -3.594002 -1e-06 -7e-06 -0.0 -1.362683 2.240799 -0.746326 -21.334938 0.584913 3.008327 -13.821229 -1e-06 2e-06 -23.887196 -0.249077 -0.839482 -61.243664 2.386501 -1.419102 -0.294024 1.679687 0.833257 -14.218224 0.093215 1.300585 -34.21209 -0.287561 0.967173 -20.033236 0.96454 1.212848 0.0 -0.0 1e-06 -3.440392 0.788234 0.501654 -15.928203 -3.167312 2.999713 -6.338831 0.0 1e-06 -18.123465 3.648185 -4.905675 -4e-06 1e-06 -0.0 3.608201 11.919388 8.349658 48.238644 13.114596 -3.636242 178.063309 58.037388 179.101044 -26.22855 -6.028481 37.06897 2.243542 -5.255039 -3.180161 14.282902 -0.826593 6.952508 -3e-06 -12.69061 -1e-06 16.535702 -17.769167 2.1032 1.665667 -1.955921 -2.878301 4.727801 -4.170585 4.993927 11.020535 4e-06 -1e-06 12.10906 -3.735717 -2.866786 0.0 0.0 -0.0 1.291986 -1.928548 -1.49809 14.80014 0.56747 3.86561 14.242581 -1.341736 -6.660662 19.631983 0.143929 -0.648244 50.493813 -0.607136 -6.317676 0.353031 -1.511153 -0.03194 20.222807 3.684312 2.316633 18.787289 7e-06 -1e-06 10.751636 -0.479868 1.397908 1e-06 0.0 -0.0 3.273809 0.305948 -0.580113 21.486832 11.83038 2.266136 8.162935 2e-06 1e-06 18.399099 -3.798982 -4.940578 3e-06 1e-06 -1e-06 2.660592 4.70442 5.82535 -0.077026 -0.162679 1.929506 -6.474041 -0.336587 -9.718801 1.745558 -2.05006 -0.866261 -0.0 1e-06 2e-06 -3.809628 -24.91699 -24.620779 0.184242 0.079227 21.980751 3.514096 -1.256172 0.865071 -1.401551 0.969609 -0.970242 -0.0 0.0 -1e-06 
0.0 0.0 0.0 0.0 -0.0 0.0 0.188347 98.697578 19.28878 1.491209 18.785086 3.427689 1.099221 -0.131548 -3.250295 -0.092799 0.852463 -5.837834 -1.209471 -1.441711 9.56423 -0.546847 3.16955 0.989815 -1.138291 -0.803782 -3.502463 -1.265133 -1.95305 -6.455079 7.7e-05 -2.1e-05 6e-06 0.01649 0.03208 0.009034 0.654184 -3.723549 -10.454493 -0.621048 3.80017 -10.341637 -10.448842 -5.425146 7.573822 -32.021606 -24.49297 8.927526 -179.967896 -67.42952 179.439911 22.839022 -10.977633 5.770085 -5.882113 9.861293 0.702589 -10.936879 -0.360576 7.156212 -2e-06 8.774831 -3e-06 -16.162304 18.080257 5.743176 -1.844034 2.498507 -2.50728 -10.16361 4.678949 4.621112 -20.97604 0.0 3e-06 -21.226305 2.4517 -3.594005 -0.0 -7e-06 -1e-06 -1.362682 2.2408 -0.746325 -21.334929 0.584912 3.008326 -13.821222 0.0 3e-06 -23.887184 -0.249075 -0.839485 -60.387604 2.262834 -1.264932 -0.294025 1.679689 0.833256 -14.218221 0.093217 1.300583 -34.212078 -0.28756 0.96717 -20.03323 0.964539 1.212844 -1e-06 0.0 -1e-06 -3.440391 0.788234 0.501656 -15.928201 -3.167313 2.999711 -6.338831 -0.0 1e-06 -18.123463 3.648185 -4.905674 -4e-06 0.0 -1e-06 -0.505433 14.323242 5.73474 45.59634 20.070911 -12.266431 -178.900528 56.310806 -178.684937 -26.212639 -8.397643 39.555954 2.243539 -5.255036 -3.180161 14.282892 -0.826593 6.952507 -0.0 -12.690601 -3e-06 17.467091 -17.66304 1.977611 1.665666 -1.955922 -2.878299 4.727801 -4.170587 4.993925 11.020528 2e-06 2e-06 12.109052 -3.735718 -2.866783 0.0 0.0 -1e-06 1.291986 -1.928549 -1.49809 14.800132 0.567469 3.865611 14.242573 -1.34174 -6.660658 19.631969 0.143923 -0.648241 51.321457 -0.62937 -6.267987 0.353027 -1.511149 -0.031941 20.222794 3.684309 2.316636 18.787273 1e-06 3e-06 10.751631 -0.47987 1.397908 0.0 1e-06 0.0 3.273806 0.305949 -0.58011 21.486818 11.83037 2.266143 8.16293 1e-06 2e-06 18.399086 -3.798986 -4.940573 3e-06 1e-06 -1e-06 5.219359 4.847209 5.210659 -0.08261 -0.256006 3.01858 -6.986783 -1.062972 -8.913872 1.749861 -1.991152 -1.476914 -0.0 1e-06 2e-06 -1.460521 -26.124107 -23.369549 0.169301 0.073479 20.670456 2.869388 -1.288797 0.042755 -1.405425 0.959067 -0.754012 0.0 0.0 -1e-06 
0.0 0.0 0.0 0.0 -0.0 0.0 -0.685433 99.091606 20.94746 0.584807 19.670689 3.735934 1.864934 -0.051239 -3.164314 0.017891 0.903229 -5.83536 -0.631565 -1.492234 8.815649 -0.35021 3.159933 -0.642265 -1.28949 -1.32758 -3.514326 -1.510634 -2.288397 -6.538208 7.7e-05 -2.1e-05 6e-06 0.020892 0.014517 -0.003643 0.673109 -3.756505 -10.478967 -0.630288 3.795407 -10.349056 -8.603704 -6.133263 6.201766 -32.62323 -29.936275 3.964022 -179.595108 -66.177963 178.71904 23.947126 -13.163727 12.989743 -5.88211 9.86129 0.702587 -10.936877 -0.360575 7.15621 -1e-06 8.774827 -3e-06 -16.11912 18.075418 5.942329 -1.844033 2.498507 -2.507279 -10.163606 4.678946 4.621109 -20.976038 -1e-06 3e-06 -21.226301 2.451698 -3.594003 -0.0 -7e-06 -1e-06 -1.362682 2.240799 -0.746322 -21.334925 0.584909 3.008327 -13.821221 -1e-06 3e-06 -23.887184 -0.24908 -0.839484 -59.773273 2.25134 -0.9788 -0.294025 1.679688 0.833256 -14.218215 0.093215 1.300582 -34.212063 -0.287561 0.967174 -20.033222 0.96454 1.212845 -1e-06 0.0 0.0 -3.44039 0.788233 0.501655 -15.928192 -3.16731 2.999711 -6.33883 2e-06 2e-06 -18.123457 3.648184 -4.905674 -4e-06 1e-06 -1e-06 -5.223535 16.644793 2.729647 42.599628 28.584702 -23.809486 -177.316269 57.339241 -177.673981 -27.471464 -9.614552 40.101528 2.243543 -5.25504 -3.180159 14.282898 -0.826591 6.952507 -2e-06 -12.690609 -2e-06 18.044571 -17.43202 2.020769 1.665668 -1.955924 -2.878301 4.727801 -4.170588 4.993926 11.020531 4e-06 -0.0 12.109059 -3.735717 -2.866786 0.0 -1e-06 -0.0 1.291986 -1.928551 -1.498088 14.800138 0.567469 3.86561 14.242578 -1.341735 -6.660662 19.631975 0.143927 -0.648243 51.773499 -0.732484 -5.991617 0.353029 -1.511151 -0.03194 20.222803 3.684313 2.316633 18.787287 5e-06 -1e-06 10.751634 -0.479869 1.397907 -0.0 -0.0 1e-06 3.273808 0.305947 -0.580111 21.486828 11.830381 2.266136 8.162933 4e-06 -0.0 18.399092 -3.798987 -4.940576 3e-06 -0.0 -1e-06 7.017093 5.20248 4.30652 -0.083371 -0.315628 4.4316 -7.421368 -1.461123 -7.437315 1.759638 -1.916214 -2.464511 0.0 -1e-06 2e-06 0.28034 -26.861671 -22.073582 0.153076 0.00266 18.843752 2.421617 -1.410483 -0.336216 -1.411644 0.918163 -0.727097 0.0 0.0 -1e-06 
0.0 0.0 0.0 0.0 -0.0 0.0 -1.490844 99.505157 22.493004 0.116748 20.461037 4.113622 2.476208 0.060799 -2.954522 0.112798 0.895479 -5.731536 -0.117474 -1.512854 8.186582 -0.275342 3.079536 -2.584422 -1.380879 -1.747062 -3.503951 -1.812809 -2.684257 -6.828879 7.7e-05 -2.4e-05 6e-06 0.027549 0.017808 -0.002061 0.688411 -3.761237 -10.487068 -0.631784 3.804176 -10.349076 -6.322277 -6.796393 4.979084 -33.188301 -35.65543 -0.874383 -178.670303 -65.38279 177.560471 23.264084 -14.599837 21.728432 -5.88211 9.861292 0.702587 -10.936875 -0.360576 7.156208 -2e-06 8.774828 -3e-06 -16.705027 18.213699 5.906415 -1.844034 2.498507 -2.507282 -10.163604 4.678946 4.621108 -20.976034 -3e-06 -2e-06 -21.226301 2.451696 -3.594008 0.0 -7e-06 -0.0 -1.362684 2.240798 -0.746326 -21.334925 0.584911 3.008321 -13.821221 -4e-06 -1e-06 -23.887184 -0.24908 -0.839488 -60.016758 2.377484 -0.828033 -0.294025 1.679687 0.833254 -14.218215 0.093215 1.300578 -34.212067 -0.287565 0.967165 -20.033222 0.964534 1.212841 -0.0 2e-06 -1e-06 -3.44039 0.788234 0.501657 -15.928198 -3.16731 2.999709 -6.33883 -2e-06 0.0 -18.123459 3.648182 -4.905678 -4e-06 3e-06 -2e-06 -10.433097 18.529249 -0.516193 38.947186 38.170036 -36.579601 -176.147827 61.272335 -176.490448 -30.39757 -9.64735 38.719582 2.243543 -5.255041 -3.180159 14.2829 -0.826594 6.952505 -2e-06 -12.690609 -2e-06 17.67873 -17.396353 2.474907 1.665667 -1.955924 -2.878299 4.727803 -4.170589 4.993925 11.020534 3e-06 -2e-06 12.10906 -3.735718 -2.866786 -1e-06 -1e-06 -0.0 1.291986 -1.92855 -1.498091 14.800136 0.567469 3.86561 14.242579 -1.341737 -6.660661 19.631975 0.143926 -0.648246 51.290417 -0.802024 -5.65481 0.353029 -1.511152 -0.031938 20.222803 3.684311 2.316633 18.787283 4e-06 -0.0 10.751633 -0.479868 1.397907 1e-06 1e-06 -0.0 3.273808 0.305948 -0.58011 21.486828 11.830378 2.266137 8.16293 3e-06 -0.0 18.399096 -3.798984 -4.940578 3e-06 -1e-06 -1e-06 8.19785 5.484739 3.426897 -0.067365 -0.391466 5.609077 -7.670383 -1.536401 -5.488517 1.766603 -1.837219 -3.639101 -0.0 -0.0 2e-06 1.479998 -27.364586 -20.667059 0.135365 -0.080569 16.749128 2.016313 -1.874224 -0.475198 -1.421207 0.891669 -0.779051 0.0 0.0 -1e-06 
0.0 0.0 0.0 0.0 -0.0 0.0 -2.166555 99.950523 23.992285 -0.013503 21.454029 4.529048 2.990287 0.214708 -2.722697 0.192001 0.852729 -5.561396 0.330056 -1.419937 7.64162 -0.410186 2.981574 -4.527925 -1.335942 -2.077632 -3.480453 -2.276816 -3.465729 -6.967222 7.7e-05 -2.3e-05 7e-06 0.036393 0.048747 0.000445 0.673177 -3.732258 -10.468042 -0.596954 3.836694 -10.343087 -3.994375 -7.434517 4.093184 -33.576145 -41.487003 -5.577288 -177.218704 -64.717834 176.17627 21.168539 -15.180277 29.913374 -5.882107 9.861286 0.702588 -10.936865 -0.360576 7.156207 -1e-06 8.774826 -2e-06 -17.539408 18.429659 5.726176 -1.844031 2.498507 -2.507277 -10.163598 4.678944 4.621108 -20.976019 -1e-06 3e-06 -21.226282 2.451697 -3.594001 0.0 -4e-06 -0.0 -1.362682 2.240799 -0.746324 -21.334911 0.584908 3.008324 -13.821209 -2e-06 4e-06 -23.887165 -0.249077 -0.839481 -60.960075 2.512043 -0.726436 -0.294023 1.679686 0.833255 -14.218205 0.093215 1.300582 -34.212048 -0.287561 0.967173 -20.033209 0.964539 1.212845 -1e-06 2e-06 0.0 -3.440388 0.788234 0.501656 -15.928185 -3.167309 2.999709 -6.338825 -0.0 1e-06 -18.123444 3.648183 -4.905672 -4e-06 2e-06 -2e-06 -15.318388 19.639711 -3.570743 33.21191 47.869595 -49.390831 -174.926987 67.478523 -175.186844 -35.606625 -9.037666 34.316433 2.243543 -5.255037 -3.180159 14.282895 -0.826596 6.952505 -2e-06 -12.690605 -0.0 16.33597 -17.160849 3.212175 1.665666 -1.955922 -2.8783 4.7278 -4.170588 4.993925 11.020529 1e-06 -2e-06 12.109055 -3.735717 -2.866785 0.0 -1e-06 -1e-06 1.291986 -1.928549 -1.49809 14.800129 0.567466 3.865609 14.242573 -1.341738 -6.660659 19.631969 0.143925 -0.648246 49.298931 -0.582919 -5.321911 0.35303 -1.511151 -0.03194 20.222797 3.684308 2.316632 18.787279 2e-06 -1e-06 10.751632 -0.47987 1.397907 -1e-06 0.0 -1e-06 3.273807 0.305946 -0.58011 21.486813 11.830373 2.266133 8.162928 1e-06 -2e-06 18.399088 -3.798988 -4.940577 3e-06 0.0 -1e-06 8.460178 5.654922 -0.112531 -0.031413 -0.517073 9.946398 -7.462078 -1.357919 -4.091672 1.791712 -1.811752 -4.6285 0.0 0.0 2e-06 2.1809 -27.919024 -18.94673 0.132814 -0.169254 14.21863 1.569025 -2.5965 -0.353593 -1.425097 0.900722 -0.97805 0.0 0.0 -1e-06 
0.0 0.0 0.0 0.0 -0.0 0.0 -2.740844 100.415359 25.446419 0.047662 22.455442 4.932334 3.464385 0.37638 -2.516035 0.332873 0.701434 -5.364224 0.656971 -0.980954 7.209548 -0.484141 2.819139 -6.307539 -1.384368 -2.524015 -3.57408 -2.777869 -4.227113 -6.883591 7.7e-05 -2.2e-05 7e-06 0.027006 0.009679 0.020111 0.655913 -3.759454 -10.402425 -0.599144 3.78459 -10.286386 -1.904803 -8.077664 3.385308 -33.610569 -47.017265 -9.974467 -175.415634 -64.127678 174.921982 18.227051 -15.559345 36.897308 -5.88211 9.861294 0.702588 -10.936881 -0.360577 7.156209 2e-06 8.774832 -4e-06 -18.570654 18.436255 5.206379 -1.844035 2.498506 -2.507279 -10.16361 4.678946 4.621109 -20.976046 -7e-06 2e-06 -21.226307 2.451695 -3.594002 0.0 -6e-06 -0.0 -1.362682 2.2408 -0.746324 -21.334934 0.584905 3.008324 -13.821226 -6e-06 3e-06 -23.887192 -0.249085 -0.839481 -62.088894 2.721127 -1.096403 -0.294024 1.679688 0.833255 -14.218221 0.093212 1.30058 -34.212082 -0.287574 0.967173 -20.033232 0.964531 1.212848 -1e-06 1e-06 1e-06 -3.440392 0.788233 0.501655 -15.928201 -3.167318 2.999709 -6.338832 -3e-06 0.0 -18.123461 3.648182 -4.905674 -3e-06 2e-06 -1e-06 -19.376102 20.325655 -6.050056 23.381506 57.455772 -63.250134 -172.92041 76.097725 -173.177673 -43.003662 -7.761908 20.977692 2.243541 -5.255038 -3.180158 14.282896 -0.826593 6.952505 -3e-06 -12.69061 -0.0 15.12894 -16.710152 3.763748 1.665667 -1.955922 -2.878299 4.727801 -4.170589 4.993925 11.02053 4e-06 -1e-06 12.109056 -3.735717 -2.866784 0.0 1e-06 0.0 1.291987 -1.928549 -1.49809 14.800134 0.567469 3.865608 14.242577 -1.341736 -6.660659 19.631973 0.143927 -0.648243 47.008137 -0.130771 -5.379622 0.353029 -1.511151 -0.03194 20.222801 3.684313 2.316631 18.787283 5e-06 -0.0 10.751633 -0.479868 1.397907 1e-06 -0.0 0.0 3.273809 0.305948 -0.580111 21.486824 11.830382 2.266135 8.16293 2e-06 -0.0 18.399092 -3.798985 -4.940577 2e-06 0.0 -1e-06 8.211103 5.386946 -4.21595 -0.071375 -0.58233 14.240922 -7.466743 -2.213651 -2.87017 1.780722 -1.744719 -5.187539 -0.0 0.0 2e-06 2.623121 -28.633778 -16.98843 0.123208 -0.265632 11.310767 1.162674 -3.346148 0.162067 -1.426701 0.967516 -1.140634 -0.0 0.0 -1e-06 
0.0 0.0 0.0 0.0 -0.0 0.0 -3.261669 100.948425 26.862335 0.262417 23.277369 5.196408 3.82854 0.466031 -2.352422 0.535114 0.735726 -5.223735 0.846858 -0.531437 7.026591 -0.176215 2.743277 -7.595304 -1.62891 -2.972888 -3.668289 -3.112095 -4.692052 -7.157033 7.7e-05 -2.3e-05 6e-06 0.00988 -0.051958 0.042018 0.674094 -3.814666 -10.458262 -0.653839 3.713716 -10.326888 0.17734 -8.394627 2.660819 -33.860603 -51.490181 -12.463697 -175.475418 -64.012314 175.381714 14.648058 -17.022118 41.177597 -5.882111 9.861293 0.702589 -10.936879 -0.360577 7.15621 -0.0 8.774832 -2e-06 -19.38279 18.211714 4.790833 -1.844033 2.498507 -2.50728 -10.163604 4.678946 4.621111 -20.976038 -4e-06 1e-06 -21.226299 2.451697 -3.594002 -0.0 -5e-06 -1e-06 -1.362683 2.240799 -0.746323 -21.334929 0.584908 3.008326 -13.821223 -2e-06 2e-06 -23.887182 -0.249082 -0.839483 -63.427605 2.99871 -1.819934 -0.294025 1.679688 0.833256 -14.218217 0.093213 1.300581 -34.212067 -0.287566 0.967171 -20.033226 0.964534 1.212844 -1e-06 1e-06 1e-06 -3.440392 0.788233 0.501655 -15.928192 -3.167312 2.99971 -6.33883 -2e-06 2e-06 -18.123459 3.648185 -4.905676 -5e-06 0.0 -2e-06 -22.994089 20.731644 -7.88589 9.050028 64.818138 -77.640282 -149.474289 87.143295 -150.219894 -48.577862 -10.995621 -4.716765 2.243541 -5.25504 -3.18016 14.2829 -0.826596 6.952507 -1e-06 -12.690613 -2e-06 12.809763 -15.978043 3.551756 1.665667 -1.955922 -2.8783 4.727801 -4.170591 4.993927 11.020532 2e-06 -0.0 12.109059 -3.735719 -2.866784 -0.0 1e-06 1e-06 1.291986 -1.928551 -1.498089 14.800136 0.567468 3.865613 14.242579 -1.341738 -6.660662 19.631979 0.143924 -0.648245 45.670033 0.125815 -5.896698 0.35303 -1.511152 -0.031941 20.222803 3.68431 2.316633 18.787287 2e-06 1e-06 10.751636 -0.47987 1.397907 -0.0 -0.0 1e-06 3.273808 0.305946 -0.58011 21.486828 11.830381 2.266135 8.162933 1e-06 0.0 18.399094 -3.79899 -4.940578 3e-06 -0.0 -1e-06 8.082563 5.117066 -6.775673 -0.12157 -0.540577 16.584366 -7.52695 -3.38891 -0.309535 1.754536 -1.644268 -6.429468 -0.0 -1e-06 2e-06 2.771376 -29.268963 -15.546791 0.088937 -0.341748 9.851226 0.878278 -3.942831 1.120473 -1.42119 1.059376 -1.301519 -0.0 0.0 -1e-06 
0.0 0.0 0.0 0.0 -0.0 0.0 -3.65872 101.49305 28.278738 0.558469 23.56078 5.188457 4.170939 0.617559 -2.288615 0.664109 1.130719 -5.255943 0.793165 -0.501108 7.106688 0.351215 2.690537 -8.171316 -1.767433 -3.342999 -3.525152 -3.45374 -4.938929 -8.123086 7.7e-05 -2.2e-05 7e-06 0.027515 0.006687 0.06013 0.715402 -3.756342 -10.503121 -0.660339 3.770303 -10.370348 1.787399 -8.142749 2.360482 -34.210938 -54.635826 -13.593204 -176.807419 -64.816742 177.061493 11.151685 -19.413084 41.915146 -5.88211 9.861292 0.702587 -10.936878 -0.360578 7.156209 0.0 8.774833 -3e-06 -19.577885 17.941984 4.851506 -1.844034 2.498508 -2.50728 -10.163606 4.678945 4.621109 -20.97604 -6e-06 -3e-06 -21.226301 2.451692 -3.594007 0.0 -5e-06 -1e-06 -1.362682 2.2408 -0.746323 -21.33493 0.584904 3.008322 -13.821226 -4e-06 -1e-06 -23.887188 -0.249086 -0.839488 -64.09523 3.239386 -2.047564 -0.294025 1.679687 0.833256 -14.218221 0.093214 1.300578 -34.212082 -0.287572 0.967163 -20.03323 0.964531 1.212844 -0.0 -0.0 -1e-06 -3.44039 0.788233 0.501655 -15.928201 -3.167316 2.999707 -6.338832 -3e-06 0.0 -18.123461 3.648178 -4.905678 -5e-06 0.0 -3e-06 -26.609241 20.730146 -9.386586 -3.294673 68.574028 -87.403831 -6.886889 80.237549 -8.853595 -45.887619 -25.471903 -30.434347 2.243542 -5.255038 -3.180158 14.282898 -0.826596 6.952508 -3e-06 -12.69061 1e-06 13.195583 -14.77556 2.955162 1.665665 -1.955922 -2.878299 4.727803 -4.170589 4.993925 11.020534 4e-06 1e-06 12.109058 -3.735718 -2.866783 -0.0 -1e-06 -1e-06 1.291986 -1.92855 -1.49809 14.800138 0.567468 3.865611 14.24258 -1.341737 -6.660656 19.631981 0.143926 -0.648242 46.771702 -0.08013 -5.662695 0.353029 -1.511151 -0.031938 20.222803 3.684312 2.316633 18.787287 5e-06 1e-06 10.751634 -0.479869 1.397907 -0.0 -0.0 0.0 3.273809 0.305948 -0.580111 21.486832 11.830383 2.266136 8.162934 2e-06 -0.0 18.399099 -3.798988 -4.940578 3e-06 1e-06 -2e-06 8.570819 5.534954 -5.431411 -0.080765 -0.508619 15.577784 -8.260986 -4.241299 3.595309 1.768972 -1.637916 -7.648821 0.0 -1e-06 2e-06 2.604813 -29.911879 -14.060617 0.087215 -0.273861 8.99235 0.654779 -4.067695 2.279327 -1.413236 1.015236 -1.58266 -0.0 0.0 -1e-06 
0.0 0.0 0.0 0.0 -0.0 0.0 -3.903026 101.995995 29.672089 0.911473 23.415966 5.018235 4.425219 0.728371 -2.284606 0.743721 1.456465 -5.248103 0.544973 -0.38953 7.104901 0.842575 2.385142 -8.531409 -1.784005 -3.163297 -3.545021 -3.789828 -5.407244 -8.269191 7.7e-05 -2.2e-05 7e-06 0.05787 0.07612 0.079059 0.756932 -3.678067 -10.51516 -0.642905 3.831797 -10.398497 2.188761 -7.651125 2.621723 -34.169189 -56.601124 -14.811831 -177.272354 -66.740486 177.75769 9.128341 -21.645525 41.27216 -5.882108 9.861288 0.702588 -10.936873 -0.360574 7.156208 -2e-06 8.774826 -3e-06 -19.633127 17.534874 4.794956 -1.844033 2.498505 -2.507279 -10.163603 4.678944 4.621107 -20.976027 -1e-06 1e-06 -21.226294 2.451698 -3.594004 0.0 -5e-06 -1e-06 -1.362683 2.240798 -0.746325 -21.334921 0.584911 3.008322 -13.821217 -1e-06 1e-06 -23.887178 -0.249077 -0.839484 -63.826122 3.109644 -1.841686 -0.294025 1.679688 0.833256 -14.218212 0.093215 1.300581 -34.212051 -0.287561 0.96717 -20.033218 0.964537 1.212843 0.0 1e-06 -2e-06 -3.44039 0.788232 0.501655 -15.928187 -3.167311 2.999707 -6.338828 -2e-06 0.0 -18.123447 3.648181 -4.905674 -5e-06 2e-06 -3e-06 -30.170418 21.204506 -10.745129 -7.137393 69.126648 -88.157639 0.613916 70.409325 -2.635383 -37.689114 -41.949482 -54.105923 2.243544 -5.255038 -3.180159 14.282896 -0.826597 6.952507 -2e-06 -12.69061 3e-06 14.739957 -15.293183 3.982989 1.665667 -1.955921 -2.8783 4.727801 -4.170589 4.993928 11.020534 3e-06 -0.0 12.109058 -3.735719 -2.866783 1e-06 -0.0 0.0 1.291987 -1.92855 -1.49809 14.800139 0.567467 3.865611 14.242579 -1.341736 -6.660659 19.631975 0.143924 -0.648244 48.407894 -0.402006 -5.574458 0.353028 -1.511151 -0.03194 20.222803 3.684311 2.316633 18.787287 3e-06 1e-06 10.751636 -0.47987 1.397907 0.0 0.0 -0.0 3.273807 0.305947 -0.580111 21.486824 11.83038 2.266132 8.162933 1e-06 -0.0 18.399094 -3.798988 -4.940577 3e-06 0.0 -1e-06 8.899298 6.047177 -3.854183 -0.032151 -0.479604 14.80017 -8.745684 -4.838845 7.678553 1.768042 -1.650128 -9.191669 -0.0 -1e-06 1e-06 2.115139 -30.703817 -12.187786 0.08481 -0.254505 7.813274 0.511809 -3.663441 3.522715 -1.395156 0.890722 -2.007168 -0.0 0.0 -1e-06 
0.0 0.0 0.0 0.0 -0.0 0.0 -4.065031 102.399277 30.987688 1.152725 22.925926 4.720862 4.576281 0.848337 -2.294376 0.74514 1.79341 -5.267975 0.316358 -0.206909 7.137873 1.207509 2.267522 -8.98707 -1.846792 -3.245389 -3.659056 -3.996609 -5.885159 -7.742576 7.7e-05 -2.4e-05 6e-06 0.055601 0.064586 0.058115 0.779203 -3.677941 -10.558908 -0.671491 3.811944 -10.46631 1.765656 -7.169626 2.919008 -33.903316 -57.352619 -15.669502 -176.861816 -69.451233 177.524002 9.034931 -23.584837 41.110447 -5.882102 9.861283 0.702592 -10.936872 -0.360578 7.156205 1e-06 8.774822 -0.0 -19.627508 17.344976 4.661821 -1.844032 2.498504 -2.507279 -10.163595 4.678943 4.621109 -20.976017 -5e-06 5e-06 -21.226276 2.451694 -3.593995 0.0 -5e-06 -1e-06 -1.362682 2.240795 -0.746324 -21.334909 0.584905 3.008324 -13.821209 -3e-06 4e-06 -23.887165 -0.249079 -0.839479 -63.798393 2.976441 -1.624482 -0.294024 1.679686 0.833254 -14.218206 0.093211 1.300581 -34.212044 -0.287568 0.967179 -20.033209 0.964538 1.212849 -0.0 2e-06 -2e-06 -3.440388 0.788231 0.501654 -15.928185 -3.167313 2.999708 -6.338825 -3e-06 2e-06 -18.123444 3.648178 -4.905665 -6e-06 0.0 -3e-06 -32.309013 22.147736 -11.51881 -4.070002 68.365273 -80.816696 3.292332 66.213219 -1.532136 -25.392399 -51.172554 -84.41243 2.243541 -5.255036 -3.180158 14.282888 -0.826597 6.952505 -0.0 -12.690606 3e-06 14.85057 -16.105255 4.90122 1.665666 -1.955922 -2.878299 4.727798 -4.17059 4.993926 11.020522 1e-06 -2e-06 12.109052 -3.735715 -2.866783 -1e-06 1e-06 -1e-06 1.291986 -1.928548 -1.498089 14.800125 0.567466 3.865608 14.242569 -1.341736 -6.660659 19.631964 0.143925 -0.648244 49.061314 -0.630761 -5.695561 0.353029 -1.511151 -0.031939 20.222788 3.684306 2.31663 18.78727 2e-06 -0.0 10.751629 -0.47987 1.397905 1e-06 0.0 1e-06 3.273806 0.305947 -0.580112 21.486809 11.830372 2.26613 8.162927 0.0 -0.0 18.39908 -3.798988 -4.940575 3e-06 0.0 -0.0 9.228414 6.35955 -1.961761 -0.020524 -0.468496 13.700476 -9.124165 -5.14677 11.382492 1.766615 -1.654716 -10.315347 -0.0 0.0 2e-06 1.544718 -31.39418 -10.285353 0.109068 -0.288352 6.678018 0.507835 -2.985729 4.655132 -1.376303 0.799178 -2.508214 -0.0 -0.0 -1e-06 
0.0 0.0 0.0 0.0 -0.0 0.0 -4.172822 102.687431 32.170536 1.324015 22.272724 4.368624 4.6117 0.947927 -2.285315 0.733169 2.073805 -5.297866 0.111292 0.063332 7.278921 1.34481 2.450592 -9.575452 -2.006944 -3.674289 -3.725715 -4.059873 -6.170758 -7.183517 7.7e-05 -2.2e-05 6e-06 0.026063 0.000343 0.012656 0.774235 -3.742007 -10.632577 -0.726409 3.750547 -10.55479 0.955367 -6.723287 3.070124 -33.158016 -57.257305 -16.138485 -176.33287 -72.690277 177.275146 10.581731 -25.495829 40.946346 -5.882106 9.861286 0.702589 -10.936873 -0.360578 7.156204 -0.0 8.774826 -3e-06 -19.587767 17.491156 4.651691 -1.844033 2.498505 -2.507279 -10.1636 4.678945 4.621108 -20.976023 -4e-06 0.0 -21.226286 2.451694 -3.594002 -1e-06 -6e-06 -1e-06 -1.362682 2.240798 -0.746324 -21.334911 0.584907 3.008321 -13.821214 -4e-06 -0.0 -23.887171 -0.249081 -0.839484 -64.114922 2.921604 -1.530658 -0.294025 1.679689 0.833255 -14.218208 0.093215 1.300579 -34.212048 -0.287567 0.967167 -20.033215 0.964536 1.212846 0.0 1e-06 -1e-06 -3.440388 0.788233 0.501655 -15.928187 -3.167312 2.999707 -6.338826 -2e-06 2e-06 -18.123444 3.64818 -4.905675 -6e-06 -0.0 -2e-06 -32.903824 23.022619 -11.589345 2.199049 67.310455 -70.415024 2.35381 67.788025 -3.252506 -14.277619 -54.463177 -111.045517 2.243542 -5.255034 -3.180157 14.282894 -0.826594 6.952503 -3e-06 -12.690603 -0.0 14.356182 -17.0054 5.127459 1.665667 -1.955921 -2.878299 4.727801 -4.170586 4.993924 11.020526 3e-06 -1e-06 12.109056 -3.735713 -2.866783 1e-06 0.0 -0.0 1.291985 -1.928547 -1.498089 14.800132 0.567469 3.865607 14.242575 -1.341735 -6.660657 19.631973 0.143925 -0.648244 50.207558 -0.742427 -5.836032 0.35303 -1.511152 -0.03194 20.222797 3.684313 2.31663 18.787277 8e-06 -1e-06 10.751631 -0.479866 1.397907 1e-06 -0.0 -1e-06 3.273808 0.305947 -0.580111 21.486818 11.830376 2.266133 8.162929 3e-06 -0.0 18.399084 -3.798982 -4.940574 3e-06 0.0 -1e-06 9.529453 6.608541 -0.075995 -0.025066 -0.457336 12.635767 -9.716056 -5.413643 14.646738 1.783843 -1.691446 -11.216103 0.0 0.0 2e-06 0.980553 -31.948305 -8.610744 0.152293 -0.277939 5.850966 0.501183 -2.239899 5.48459 -1.362577 0.770184 -2.876152 -0.0 -0.0 -1e-06 
0.0 0.0 0.0 0.0 -0.0 0.0 -4.239907 102.95134 33.169086 1.416004 21.716604 4.106794 4.514471 0.99568 -2.274029 0.72518 2.302661 -5.265306 -0.005135 0.246251 7.356887 1.344935 2.691274 -10.109053 -2.243319 -3.956804 -3.630855 -4.120418 -6.227288 -7.012292 7.6e-05 -2.3e-05 6e-06 0.006802 -0.046073 0.001992 0.782045 -3.792431 -10.664725 -0.772458 3.706861 -10.61161 0.474828 -6.270693 3.027688 -32.496258 -56.84029 -16.219654 -176.264572 -75.489311 177.529221 13.226815 -26.729118 39.710728 -5.88211 9.861293 0.702588 -10.936879 -0.360577 7.156209 0.0 8.774831 -3e-06 -19.614899 17.749352 4.640076 -1.844034 2.498507 -2.507281 -10.163606 4.678947 4.621111 -20.97604 -6e-06 0.0 -21.226301 2.451696 -3.594004 0.0 -7e-06 -0.0 -1.362682 2.240801 -0.746324 -21.33493 0.584907 3.008322 -13.821225 -3e-06 -0.0 -23.887188 -0.249084 -0.839485 -63.906132 2.936529 -1.504523 -0.294025 1.67969 0.833256 -14.218219 0.093213 1.30058 -34.212074 -0.287571 0.967167 -20.033228 0.964533 1.212843 0.0 1e-06 -1e-06 -3.44039 0.788233 0.501656 -15.928201 -3.167316 2.99971 -6.338833 -3e-06 0.0 -18.123463 3.648183 -4.905678 -6e-06 -0.0 -3e-06 -32.419434 23.332829 -11.270162 8.491585 66.382927 -61.985424 0.048343 72.134384 -5.943179 -9.579468 -55.253357 -121.842628 2.243542 -5.255039 -3.180159 14.2829 -0.826595 6.952508 -2e-06 -12.690609 1e-06 13.659985 -17.388771 4.798543 1.665666 -1.955921 -2.878299 4.727801 -4.170588 4.993927 11.020531 4e-06 0.0 12.109056 -3.735719 -2.866783 0.0 0.0 -0.0 1.291986 -1.928551 -1.49809 14.80014 0.56747 3.865612 14.24258 -1.341737 -6.66066 19.631981 0.143925 -0.648243 50.465076 -0.826482 -5.898597 0.353029 -1.511151 -0.03194 20.222803 3.684313 2.316635 18.787287 4e-06 4e-06 10.751635 -0.47987 1.397909 1e-06 -1e-06 1e-06 3.27381 0.305948 -0.58011 21.486824 11.830379 2.266134 8.16293 1e-06 1e-06 18.399092 -3.798986 -4.940575 3e-06 -0.0 -0.0 9.788938 6.751458 1.523177 -0.022543 -0.503739 11.618064 -10.210276 -5.548715 17.762321 1.805544 -1.717436 -12.05139 0.0 0.0 3e-06 0.588401 -32.546753 -7.446129 0.176503 -0.307593 5.494995 0.53887 -1.484867 6.311658 -1.362314 0.734638 -3.140067 0.0 -0.0 -1e-06 
0.0 0.0 0.0 0.0 -0.0 0.0 -4.299885 103.208389 34.03648 1.438366 21.57057 3.99942 4.329019 1.018389 -2.313876 0.683037 2.352515 -5.273324 -0.101856 0.290345 7.359822 1.141481 2.886323 -10.283919 -2.290026 -4.112111 -3.594492 -4.153142 -6.180038 -6.944171 7.7e-05 -2.4e-05 7e-06 -0.007745 -0.104464 0.010791 0.781631 -3.842032 -10.631984 -0.800479 3.637297 -10.585609 0.455682 -6.115638 2.934767 -31.496847 -56.201866 -16.781519 -176.346603 -77.526756 177.654053 15.378486 -26.749199 39.097717 -5.882108 9.86129 0.702591 -10.936877 -0.360576 7.156209 1e-06 8.774831 -2e-06 -19.270428 17.864395 4.651607 -1.844034 2.498504 -2.507279 -10.163602 4.678947 4.621112 -20.976034 -6e-06 2e-06 -21.226295 2.451697 -3.594002 0.0 -7e-06 0.0 -1.362682 2.240799 -0.746324 -21.334921 0.584908 3.008325 -13.821219 -4e-06 3e-06 -23.887178 -0.249082 -0.839481 -63.082352 2.993895 -1.433778 -0.294025 1.679687 0.833256 -14.218215 0.093212 1.300581 -34.212063 -0.287569 0.967174 -20.033222 0.964536 1.212846 -0.0 2e-06 -0.0 -3.44039 0.788233 0.501655 -15.928194 -3.167313 2.999711 -6.338829 0.0 1e-06 -18.123457 3.648183 -4.905673 -5e-06 0.0 -2e-06 -31.419903 23.234194 -10.742793 13.849112 65.239731 -56.85598 -4.238469 77.599922 -10.527836 -11.411955 -55.133507 -118.307869 2.243541 -5.25504 -3.180158 14.282897 -0.826594 6.952507 -3e-06 -12.690612 -1e-06 13.49084 -16.953873 3.723808 1.665667 -1.955923 -2.8783 4.727799 -4.170591 4.993926 11.020529 4e-06 -0.0 12.109056 -3.735716 -2.866785 1e-06 -0.0 0.0 1.291986 -1.928552 -1.498089 14.800138 0.567471 3.865611 14.242579 -1.341734 -6.660659 19.631975 0.143928 -0.648242 48.639664 -0.66211 -5.986169 0.353029 -1.511152 -0.03194 20.222803 3.684316 2.316633 18.787285 7e-06 3e-06 10.751634 -0.479869 1.397907 -0.0 -1e-06 1e-06 3.273808 0.305948 -0.580111 21.486828 11.830384 2.266135 8.16293 4e-06 0.0 18.399088 -3.798985 -4.940577 3e-06 -0.0 0.0 10.1002 6.849247 2.80217 0.000724 -0.53241 10.461536 -10.600893 -5.717558 20.79035 1.791841 -1.664126 -12.99763 0.0 0.0 3e-06 0.394184 -33.113071 -6.576801 0.160314 -0.28431 5.162511 0.778151 -1.184906 7.229568 -1.357905 0.732596 -3.278355 -0.0 -0.0 -1e-06 
0.0 0.0 0.0 0.0 -0.0 0.0 -4.316273 103.431595 34.810131 1.490338 21.744352 4.016402 4.069331 0.962914 -2.349886 0.58065 2.413185 -5.314525 -0.342109 0.324122 7.246186 0.961497 2.944806 -10.086163 -2.27701 -4.228117 -3.517008 -4.036341 -6.072258 -7.008929 7.7e-05 -2.2e-05 7e-06 -0.013673 -0.137369 0.035268 0.7809 -3.860433 -10.556016 -0.811201 3.586427 -10.500879 0.408114 -5.996794 3.00508 -29.046661 -55.90778 -18.273815 -174.432877 -79.262718 175.445236 16.786175 -25.82872 38.563103 -5.882109 9.861293 0.70259 -10.93688 -0.360575 7.156213 0.0 8.774833 -3e-06 -18.807158 18.013897 4.713148 -1.844033 2.498508 -2.50728 -10.163607 4.678947 4.621112 -20.976034 -5e-06 4e-06 -21.226295 2.451697 -3.594001 0.0 -7e-06 -0.0 -1.362681 2.240802 -0.746324 -21.33493 0.58491 3.008327 -13.821223 -4e-06 4e-06 -23.887188 -0.249079 -0.839481 -62.080555 3.052644 -1.314527 -0.294024 1.67969 0.833257 -14.21822 0.093214 1.300583 -34.212074 -0.287565 0.967176 -20.03323 0.964537 1.212847 -0.0 2e-06 -1e-06 -3.440391 0.788235 0.501657 -15.9282 -3.167314 2.999712 -6.33883 -2e-06 2e-06 -18.123461 3.648184 -4.905672 -7e-06 2e-06 -1e-06 -29.815041 22.701857 -10.136025 18.539572 63.638821 -54.883766 -9.774575 83.570778 -15.086889 -19.539625 -50.209869 -95.68544 2.243541 -5.255036 -3.180157 14.282889 -0.826595 6.952502 -2e-06 -12.690604 1e-06 10.451626 -12.598014 1.203093 1.665667 -1.955922 -2.878298 4.727798 -4.170587 4.993924 11.020528 3e-06 -2e-06 12.109054 -3.735716 -2.866783 0.0 -0.0 -1e-06 1.291984 -1.928548 -1.498089 14.800129 0.56747 3.865609 14.242571 -1.341736 -6.660657 19.631969 0.143925 -0.648243 35.922047 -0.20028 -6.22514 0.35303 -1.51115 -0.031939 20.22279 3.684311 2.316629 18.78727 5e-06 -3e-06 10.751627 -0.479868 1.397907 -0.0 0.0 0.0 3.273806 0.305946 -0.580111 21.486813 11.830378 2.266132 8.162927 2e-06 0.0 18.399082 -3.798984 -4.940576 3e-06 0.0 -1e-06 10.360794 6.889405 3.867152 0.017666 -0.593938 9.216804 -11.020857 -6.032452 23.618677 1.796397 -1.627987 -14.286223 -0.0 0.0 2e-06 0.22472 -33.736603 -5.913002 0.140406 -0.310973 4.917255 1.15341 -1.247972 8.008953 -1.358954 0.727569 -3.532044 -0.0 -0.0 -1e-06 
0.0 0.0 0.0 0.0 -0.0 0.0 -4.199811 103.584656 35.522499 1.552016 22.215776 4.00052 3.725729 0.858747 -2.296079 0.392887 2.325388 -5.403341 -0.640971 0.392021 7.114537 0.863499 2.92731 -9.742279 -2.146684 -4.295549 -3.475585 -3.863122 -6.17167 -6.8401 7.7e-05 -2.3e-05 7e-06 0.00399 -0.048178 0.03497 0.811282 -3.743573 -10.487208 -0.806914 3.648401 -10.412319 0.131881 -5.688155 2.787373 -25.821091 -55.950512 -19.379152 -170.834137 -81.015526 170.934128 17.684114 -24.575499 37.692787 -5.882107 9.861286 0.70259 -10.936873 -0.360576 7.156206 2e-06 8.774826 -2e-06 -18.670706 18.314783 4.821652 -1.844033 2.498506 -2.507278 -10.163601 4.678942 4.62111 -20.976027 -5e-06 1e-06 -21.226292 2.451695 -3.594 -1e-06 -5e-06 0.0 -1.362681 2.240798 -0.746324 -21.334917 0.584908 3.008323 -13.821217 -6e-06 2e-06 -23.887175 -0.249081 -0.839482 -61.799435 2.939277 -1.362039 -0.294025 1.679687 0.833256 -14.21821 0.093214 1.300579 -34.212048 -0.287567 0.967171 -20.033215 0.964536 1.212844 -0.0 2e-06 1e-06 -3.440389 0.788233 0.501656 -15.928191 -3.167313 2.999707 -6.338826 -0.0 1e-06 -18.123447 3.64818 -4.905671 -5e-06 2e-06 -2e-06 -27.923025 22.125738 -8.982962 20.877731 60.612103 -57.041725 15.113332 88.663818 13.099755 -34.461338 -22.911591 28.651484 2.243541 -5.255039 -3.180157 14.282889 -0.826595 6.952503 -1e-06 -12.690609 -1e-06 14.992061 -13.664351 -0.845747 1.665666 -1.955923 -2.878298 4.727798 -4.170588 4.993923 11.020528 1e-06 -1e-06 12.109053 -3.735717 -2.866784 1e-06 -0.0 0.0 1.291986 -1.92855 -1.498089 14.800129 0.567468 3.865608 14.242572 -1.341737 -6.660657 19.631969 0.143925 -0.648244 37.381821 -0.664946 -6.196603 0.353029 -1.511152 -0.03194 20.22279 3.684313 2.316631 18.787271 5e-06 -1e-06 10.75163 -0.479868 1.397907 0.0 1e-06 0.0 3.273807 0.305947 -0.580111 21.486813 11.830377 2.266134 8.162927 2e-06 -0.0 18.39908 -3.798986 -4.940575 3e-06 0.0 -2e-06 10.585813 6.622533 4.850093 -0.046452 -0.549301 8.015781 -11.654209 -6.46684 25.93099 1.85996 -1.664814 -15.116662 -0.0 -1e-06 2e-06 -0.035015 -34.620136 -5.258228 0.147655 -0.322323 4.863284 1.53793 -1.716742 8.455354 -1.369001 0.733159 -3.692444 -0.0 -0.0 -1e-06 
0.0 0.0 0.0 0.0 -0.0 0.0 -4.085552 103.663429 36.11974 1.604906 22.812838 3.90482 3.413844 0.797076 -2.258764 0.228028 2.194416 -5.439404 -0.948851 0.311112 7.006395 0.84526 2.998561 -9.16858 -2.14737 -4.301414 -3.528972 -3.59428 -6.135814 -6.21491 7.7e-05 -2.3e-05 7e-06 0.004521 -0.030145 0.026142 0.811557 -3.733432 -10.503515 -0.805171 3.675387 -10.421113 0.20008 -5.657147 2.769491 -22.441507 -55.806358 -20.314882 -170.780624 -82.032227 170.636398 17.537025 -23.517544 37.50367 -5.882109 9.861295 0.702589 -10.936881 -0.360577 7.156211 2e-06 8.774833 -2e-06 -18.672155 18.420696 4.830769 -1.844033 2.498507 -2.507279 -10.163606 4.678946 4.621112 -20.97604 -5e-06 3e-06 -21.226303 2.451696 -3.594002 0.0 -5e-06 -1e-06 -1.362683 2.2408 -0.746324 -21.334932 0.584906 3.008326 -13.821227 -6e-06 2e-06 -23.887188 -0.249083 -0.839482 -62.094376 2.888554 -1.25499 -0.294024 1.679688 0.833256 -14.218219 0.093213 1.300581 -34.212078 -0.287571 0.967172 -20.03323 0.964534 1.212847 0.0 1e-06 -1e-06 -3.440391 0.788234 0.501656 -15.928203 -3.167317 2.999711 -6.338832 -2e-06 1e-06 -18.123463 3.64818 -4.905674 -6e-06 1e-06 -2e-06 -27.465525 21.590199 -8.677022 23.088345 58.784496 -58.816322 -178.003494 87.863937 -179.533936 -35.039646 -12.873725 40.378498 2.243543 -5.255041 -3.180161 14.282905 -0.826593 6.952511 -4e-06 -12.690614 -2e-06 17.381569 -17.046511 1.315835 1.665667 -1.955922 -2.878301 4.727804 -4.17059 4.993927 11.020537 3e-06 -1e-06 12.109062 -3.735719 -2.866785 -1e-06 -0.0 0.0 1.291987 -1.928551 -1.498091 14.800144 0.567471 3.865612 14.242582 -1.341736 -6.660661 19.631985 0.143927 -0.648242 48.907856 -0.936398 -5.879215 0.353029 -1.511153 -0.03194 20.222813 3.684315 2.316636 18.787289 7e-06 2e-06 10.751636 -0.479869 1.397909 -1e-06 -1e-06 0.0 3.27381 0.305949 -0.580112 21.486839 11.830387 2.26614 8.162938 2e-06 1e-06 18.399101 -3.798987 -4.940577 4e-06 0.0 -0.0 10.83202 6.534936 5.696302 -0.056715 -0.558511 6.989045 -12.165089 -6.873143 27.627125 1.90439 -1.681691 -15.859841 -0.0 -0.0 2e-06 -0.365655 -35.139397 -4.410296 0.141901 -0.267528 4.497021 1.89958 -2.351576 8.714644 -1.36101 0.743677 -3.964555 -0.0 0.0 -1e-06 
0.0 0.0 0.0 0.0 -0.0 0.0 -3.908404 103.904785 36.640564 1.638489 23.188612 3.856529 3.116441 0.676496 -2.231658 0.114309 2.170246 -5.401797 -1.18555 0.264431 6.882484 1.053902 2.858737 -8.670174 -2.1585 -3.970665 -3.455188 -3.503033 -6.097908 -5.983256 7.7e-05 -2.2e-05 6e-06 0.019454 0.020122 0.037218 0.822873 -3.700488 -10.528224 -0.785642 3.740646 -10.468785 0.35714 -5.44107 3.014559 -19.471033 -56.182926 -21.278105 -172.148529 -82.566978 172.066315 17.289249 -22.610874 36.93145 -5.882108 9.861292 0.702588 -10.936877 -0.360576 7.15621 0.0 8.774831 -2e-06 -18.947918 18.527664 4.963775 -1.844032 2.498507 -2.507279 -10.163604 4.678946 4.621111 -20.976034 -4e-06 1e-06 -21.226297 2.451694 -3.594005 0.0 -5e-06 -0.0 -1.362682 2.240801 -0.746326 -21.334929 0.584906 3.008323 -13.82122 -4e-06 2e-06 -23.887184 -0.249081 -0.839484 -62.703236 2.910011 -1.035396 -0.294026 1.679688 0.833256 -14.218218 0.093212 1.30058 -34.212067 -0.287566 0.96717 -20.033224 0.964535 1.212845 -0.0 2e-06 -0.0 -3.440391 0.788233 0.501655 -15.928194 -3.167314 2.999712 -6.338829 -1e-06 1e-06 -18.123457 3.648183 -4.905675 -4e-06 1e-06 -1e-06 -27.530611 20.975979 -8.95782 25.987198 57.780178 -59.625134 -176.908981 85.448433 -178.444946 -34.179455 -9.933985 41.038677 2.243542 -5.255039 -3.180157 14.282896 -0.826595 6.952505 -1e-06 -12.690606 -2e-06 17.144896 -17.739792 2.054311 1.665666 -1.955922 -2.878299 4.727801 -4.170588 4.993923 11.02053 2e-06 0.0 12.109056 -3.735718 -2.866783 0.0 -1e-06 -0.0 1.291986 -1.92855 -1.498089 14.800136 0.567467 3.865609 14.242577 -1.34174 -6.660657 19.631975 0.143923 -0.648244 50.32122 -0.858242 -5.834612 0.353029 -1.51115 -0.031941 20.222801 3.68431 2.316634 18.787287 3e-06 0.0 10.751634 -0.47987 1.397907 -1e-06 0.0 -1e-06 3.273808 0.305947 -0.580109 21.486824 11.830377 2.266137 8.16293 1e-06 -1e-06 18.399096 -3.798987 -4.940577 4e-06 -1e-06 -0.0 10.918478 6.254221 6.501713 -0.02782 -0.65078 5.841065 -12.370843 -6.949848 30.256041 1.962754 -1.72523 -16.700788 1e-06 -0.0 2e-06 -0.723137 -35.588814 -3.803119 0.163344 -0.294917 4.279434 2.197619 -2.690121 9.837765 -1.354582 0.686423 -4.303988 0.0 -0.0 -1e-06 
0.0 0.0 0.0 0.0 -0.0 0.0 -3.717336 104.048248 37.034111 1.601776 23.510107 3.817055 2.864022 0.609889 -2.238295 0.028796 2.055429 -5.387683 -1.365074 0.129824 6.847509 1.2528 2.81675 -7.95452 -2.132602 -3.931082 -3.591305 -3.306473 -6.19527 -5.54076 7.7e-05 -2.3e-05 6e-06 0.011935 -0.003906 0.034671 0.79498 -3.735704 -10.547875 -0.772654 3.728307 -10.492589 0.917722 -5.346803 3.075593 -18.015011 -56.479183 -21.74571 -175.457123 -82.242531 175.34642 16.100351 -21.898006 37.142353 -5.882112 9.861295 0.702588 -10.936883 -0.360579 7.156212 2e-06 8.774834 -3e-06 -18.697958 18.43078 5.147189 -1.844035 2.498507 -2.507281 -10.163609 4.678947 4.621111 -20.976048 -6e-06 0.0 -21.226311 2.451693 -3.594004 0.0 -5e-06 -0.0 -1.362682 2.240802 -0.746325 -21.334938 0.584907 3.008322 -13.821229 -6e-06 1e-06 -23.887196 -0.249085 -0.839485 -63.047707 2.856581 -1.026201 -0.294024 1.679689 0.833256 -14.218224 0.093216 1.30058 -34.212086 -0.287569 0.96717 -20.033236 0.964534 1.212846 -1e-06 2e-06 0.0 -3.440392 0.788233 0.501655 -15.928203 -3.167315 2.99971 -6.338834 -4e-06 1e-06 -18.123466 3.648185 -4.905676 -5e-06 1e-06 -1e-06 -27.761372 20.547939 -9.11643 28.815712 57.258598 -60.313316 178.021698 83.87484 176.453979 -33.449627 -8.301537 39.553993 2.243542 -5.25504 -3.180158 14.2829 -0.826596 6.952506 -2e-06 -12.690611 -2e-06 16.913919 -17.876884 2.185495 1.665667 -1.955923 -2.878299 4.727802 -4.170589 4.993926 11.020532 4e-06 -0.0 12.109059 -3.735718 -2.866785 -0.0 -1e-06 0.0 1.291986 -1.92855 -1.498089 14.800136 0.567468 3.865612 14.242579 -1.34174 -6.660659 19.631975 0.143924 -0.648244 50.562435 -1.04345 -5.988693 0.35303 -1.511152 -0.03194 20.222803 3.684309 2.316635 18.787287 3e-06 0.0 10.751635 -0.47987 1.397908 -0.0 -0.0 1e-06 3.273808 0.305947 -0.580111 21.486828 11.83038 2.266137 8.16293 1e-06 -1e-06 18.399096 -3.798987 -4.940578 4e-06 0.0 -1e-06 11.058821 6.221158 6.954994 -0.009042 -0.668444 5.050493 -12.643385 -7.08808 31.753662 1.957589 -1.693735 -16.94157 -0.0 0.0 2e-06 -0.916743 -35.633831 -3.296326 0.134611 -0.238566 3.926711 2.475443 -3.193923 10.611246 -1.346866 0.717151 -4.558136 0.0 0.0 -1e-06 
0.0 0.0 0.0 0.0 -0.0 0.0 -3.445404 104.28389 37.236431 1.395566 23.515074 3.851608 2.668748 0.489522 -2.22618 -0.041302 2.048112 -5.349991 -1.422751 0.05084 6.770038 1.72821 2.553853 -7.309674 -2.142144 -3.735226 -3.521775 -3.100747 -6.088101 -5.432757 7.7e-05 -2.3e-05 6e-06 0.024698 0.026648 0.05915 0.795037 -3.707887 -10.520743 -0.746831 3.760338 -10.488754 1.750971 -5.032723 2.960136 -17.596773 -57.349522 -22.128971 -175.665573 -81.311043 175.507523 14.639838 -21.25754 36.344299 -5.882107 9.86129 0.702591 -10.936877 -0.360576 7.156208 3e-06 8.774828 -0.0 -18.578333 18.288353 5.293808 -1.844032 2.498505 -2.507277 -10.163601 4.678946 4.62111 -20.97603 -7e-06 3e-06 -21.226295 2.451696 -3.594 0.0 -6e-06 -1e-06 -1.362681 2.240798 -0.746324 -21.334921 0.584906 3.008324 -13.821218 -3e-06 3e-06 -23.88718 -0.24908 -0.83948 -62.977337 2.855068 -0.876706 -0.294026 1.679686 0.833258 -14.218214 0.093213 1.300582 -34.212063 -0.287568 0.967175 -20.03322 0.964536 1.212846 -1e-06 2e-06 -0.0 -3.440388 0.788233 0.501656 -15.928191 -3.167312 2.999709 -6.338829 -2e-06 1e-06 -18.123455 3.648181 -4.905669 -5e-06 2e-06 -3e-06 -27.834009 20.134733 -9.271608 32.194328 57.062183 -59.71706 175.129654 82.33123 173.469315 -32.667362 -7.795008 37.775234 2.243541 -5.255038 -3.180159 14.282893 -0.826593 6.952505 -4e-06 -12.690609 1e-06 16.754025 -18.011213 2.139017 1.665666 -1.955922 -2.8783 4.727799 -4.170587 4.993925 11.020528 4e-06 -0.0 12.109054 -3.735716 -2.866785 -0.0 -1e-06 0.0 1.291986 -1.928549 -1.49809 14.800129 0.56747 3.865609 14.242573 -1.341736 -6.660661 19.631971 0.143928 -0.648244 50.081726 -0.95199 -5.982828 0.353029 -1.51115 -0.03194 20.222797 3.684313 2.316632 18.787273 7e-06 -1e-06 10.751627 -0.479868 1.397908 1e-06 -1e-06 0.0 3.273807 0.305948 -0.580111 21.48682 11.83038 2.266135 8.16293 2e-06 0.0 18.399084 -3.798985 -4.940575 4e-06 0.0 -1e-06 11.139176 6.148074 7.047775 0.001688 -0.738351 4.660451 -12.433228 -7.045096 33.17971 1.981745 -1.701985 -17.609154 0.0 0.0 2e-06 -0.844626 -35.748955 -3.271847 0.127515 -0.294214 3.862671 2.614217 -3.401601 11.961776 -1.350464 0.685277 -4.990079 0.0 0.0 -1e-06 
0.0 0.0 0.0 0.0 -0.0 0.0 -3.171559 104.354988 37.267059 1.109863 23.349867 3.998745 2.480309 0.47541 -2.225289 -0.115936 1.977727 -5.327294 -1.362853 -0.127773 6.687086 2.251783 2.390305 -6.566667 -2.096147 -3.699987 -3.557403 -2.81881 -6.085363 -5.2637 7.7e-05 -2.2e-05 6e-06 0.029519 0.03014 0.073092 0.778289 -3.703866 -10.49824 -0.720258 3.76376 -10.475809 3.0116 -4.784587 2.643154 -18.270651 -58.386883 -22.313051 -175.448669 -79.960617 175.342453 12.368114 -20.77009 35.818024 -5.88211 9.86129 0.702589 -10.936877 -0.360577 7.156207 1e-06 8.774829 -2e-06 -18.332083 17.958237 5.321117 -1.844034 2.498507 -2.507282 -10.163605 4.678945 4.621109 -20.976038 -6e-06 -2e-06 -21.226299 2.451693 -3.594005 0.0 -7e-06 -2e-06 -1.362682 2.2408 -0.746324 -21.334929 0.584908 3.00832 -13.821221 -3e-06 0.0 -23.887182 -0.249083 -0.839485 -62.524651 2.738989 -0.750979 -0.294025 1.679686 0.833256 -14.218217 0.093213 1.300578 -34.212067 -0.28757 0.967165 -20.033222 0.964531 1.212844 -0.0 1e-06 -1e-06 -3.440389 0.788234 0.501656 -15.928192 -3.167312 2.999707 -6.338829 -3e-06 1e-06 -18.123457 3.648179 -4.905675 -5e-06 1e-06 -2e-06 -28.111835 19.898226 -9.431734 35.766407 57.054459 -58.933132 171.870346 81.022331 170.232651 -31.882685 -8.107954 35.944252 2.243541 -5.255038 -3.180159 14.282895 -0.826595 6.952505 -3e-06 -12.690607 -1e-06 16.692173 -18.092724 2.056017 1.665667 -1.955922 -2.878299 4.7278 -4.170588 4.993925 11.020528 4e-06 -1e-06 12.109055 -3.735717 -2.866785 1e-06 0.0 0.0 1.291986 -1.92855 -1.49809 14.800132 0.567469 3.865609 14.242577 -1.341736 -6.66066 19.631973 0.143927 -0.648245 49.812569 -0.996481 -6.079781 0.353029 -1.511151 -0.03194 20.222797 3.68431 2.316631 18.787279 4e-06 -1e-06 10.751632 -0.479869 1.397906 -0.0 1e-06 -0.0 3.273808 0.305946 -0.58011 21.48682 11.830377 2.266136 8.16293 1e-06 0.0 18.399088 -3.798985 -4.940577 4e-06 -0.0 -1e-06 11.191567 6.263624 6.971555 0.009065 -0.757819 4.450674 -12.052696 -6.905354 33.005386 1.967767 -1.674734 -17.847572 0.0 -0.0 2e-06 -0.499398 -35.730312 -3.487788 0.107121 -0.302128 3.646456 2.655334 -3.644549 12.59642 -1.359622 0.700275 -5.090641 0.0 0.0 -1e-06 
0.0 0.0 0.0 0.0 -0.0 0.0 -2.914482 104.295227 37.170868 0.792259 23.073145 4.240711 2.317481 0.496673 -2.191944 -0.19804 1.934409 -5.294772 -1.23587 -0.320273 6.592446 2.850639 2.236285 -5.982754 -2.070325 -3.639044 -3.55927 -2.499257 -6.14462 -5.19074 7.7e-05 -2.2e-05 6e-06 0.033669 0.034064 0.08766 0.769891 -3.695489 -10.473639 -0.703298 3.764579 -10.451121 4.29188 -4.601821 2.325579 -18.716072 -59.841179 -23.051905 -174.268402 -78.825974 174.382797 9.959881 -20.401073 35.436863 -5.882102 9.861283 0.702589 -10.936866 -0.360573 7.156201 0.0 8.774819 -0.0 -18.126637 17.64502 5.351003 -1.844031 2.498505 -2.507277 -10.163595 4.678944 4.621105 -20.976013 -1e-06 -1e-06 -21.226274 2.451695 -3.594002 0.0 -7e-06 -1e-06 -1.362682 2.240797 -0.746324 -21.334902 0.584911 3.008319 -13.821205 -1e-06 -1e-06 -23.887154 -0.249079 -0.839486 -62.120415 2.630349 -0.643246 -0.294025 1.679687 0.833254 -14.218199 0.093217 1.300578 -34.212032 -0.287563 0.967163 -20.033201 0.964536 1.212838 -0.0 -0.0 -1e-06 -3.440388 0.788232 0.501655 -15.928177 -3.167306 2.999703 -6.338822 -1e-06 1e-06 -18.12344 3.648181 -4.90567 -6e-06 0.0 -3e-06 -28.531513 19.699112 -9.717425 39.106213 57.057713 -58.03236 170.284195 79.99968 168.798355 -31.236515 -9.075318 34.496677 2.243541 -5.255035 -3.180157 14.282887 -0.826595 6.952499 -2e-06 -12.690601 1e-06 16.761078 -18.149035 2.043224 1.665666 -1.95592 -2.878299 4.727798 -4.170586 4.993923 11.020522 2e-06 -2e-06 12.10905 -3.735714 -2.866784 1e-06 -1e-06 0.0 1.291986 -1.928549 -1.498089 14.800123 0.567466 3.865605 14.242569 -1.341735 -6.660657 19.631966 0.143926 -0.648247 49.78891 -1.000784 -6.136608 0.353029 -1.51115 -0.03194 20.222786 3.684307 2.316628 18.78727 5e-06 -2e-06 10.751625 -0.479869 1.397905 -0.0 -0.0 -0.0 3.273806 0.305946 -0.58011 21.486803 11.830368 2.266129 8.162924 1e-06 -1e-06 18.399078 -3.798983 -4.940574 4e-06 0.0 -1e-06 11.199831 6.501846 6.860026 0.02527 -0.770484 4.279564 -11.567599 -6.647256 31.701153 1.974069 -1.687661 -18.005098 0.0 -1e-06 2e-06 0.036203 -35.78561 -3.965353 0.086047 -0.317949 3.493186 2.516776 -3.806222 12.584346 -1.36747 0.701512 -5.001237 0.0 0.0 -1e-06 
0.0 0.0 0.0 0.0 -0.0 0.0 -2.660996 104.10054 36.986591 0.591163 22.799904 4.629627 2.130215 0.533798 -2.196995 -0.284323 1.883412 -5.255318 -1.118112 -0.475339 6.496251 3.454769 2.091374 -5.623637 -2.054727 -3.580239 -3.560082 -2.219269 -6.291746 -5.057009 7.7e-05 -2.2e-05 6e-06 0.03589 0.034894 0.094861 0.76783 -3.689369 -10.460276 -0.696662 3.762299 -10.434258 5.451184 -4.495151 1.977939 -18.659452 -61.791512 -24.189386 -172.719376 -78.392197 173.189133 7.538226 -20.235289 35.354839 -5.882107 9.861288 0.702589 -10.936873 -0.360578 7.156209 2e-06 8.774825 -1e-06 -17.909857 17.436361 5.416845 -1.844033 2.498506 -2.507279 -10.163601 4.678944 4.621109 -20.97603 -7e-06 2e-06 -21.226294 2.451694 -3.593999 0.0 -6e-06 -0.0 -1.362682 2.240798 -0.746325 -21.334919 0.584902 3.008325 -13.821219 -4e-06 2e-06 -23.887177 -0.249083 -0.839481 -61.792046 2.561095 -0.583269 -0.294025 1.679687 0.833258 -14.218212 0.093211 1.300581 -34.212059 -0.287575 0.967173 -20.033216 0.964532 1.212846 1e-06 1e-06 -2e-06 -3.44039 0.788234 0.501655 -15.928189 -3.167313 2.999709 -6.338829 -2e-06 -1e-06 -18.123447 3.648177 -4.905674 -5e-06 2e-06 -4e-06 -29.103491 19.524597 -10.104816 41.517372 57.080944 -57.808537 169.395233 79.553146 168.049423 -30.636301 -10.384509 33.398159 2.243543 -5.255041 -3.18016 14.282901 -0.826593 6.952509 -3e-06 -12.690614 -0.0 16.889875 -18.165733 2.106259 1.665667 -1.955923 -2.878301 4.727802 -4.17059 4.993927 11.020535 4e-06 0.0 12.109059 -3.735717 -2.866785 1e-06 0.0 0.0 1.291986 -1.92855 -1.49809 14.80014 0.56747 3.865611 14.242581 -1.341736 -6.660661 19.631985 0.143926 -0.648242 49.994228 -0.962277 -6.151792 0.353029 -1.511151 -0.03194 20.222803 3.684315 2.316634 18.787289 7e-06 2e-06 10.751637 -0.479869 1.397909 -0.0 1e-06 0.0 3.273809 0.305947 -0.580111 21.486832 11.830387 2.266139 8.162932 3e-06 -0.0 18.399096 -3.798986 -4.940578 4e-06 0.0 -1e-06 11.047867 6.726079 6.591815 0.040922 -0.771101 4.227223 -11.019311 -6.325885 29.385134 1.987214 -1.732122 -17.701242 0.0 -0.0 2e-06 0.557511 -35.817974 -4.58942 0.079089 -0.33055 3.298864 2.267105 -4.004363 11.823444 -1.374272 0.688308 -4.639392 -0.0 0.0 -1e-06 
0.0 0.0 0.0 0.0 -0.0 0.0 -2.415202 103.782288 36.731728 0.510556 22.633162 5.062144 1.972813 0.548899 -2.235486 -0.366187 1.861593 -5.226745 -1.040232 -0.573814 6.424939 3.942867 1.910285 -5.552898 -2.016878 -3.460621 -3.570681 -2.008476 -6.502346 -4.792986 7.7e-05 -2.3e-05 6e-06 0.035453 0.036925 0.085187 0.775225 -3.681325 -10.463211 -0.704665 3.759977 -10.434068 6.496753 -4.48389 1.651023 -18.139561 -64.12291 -25.469902 -171.121094 -78.885376 172.22995 5.292712 -20.354885 35.269413 -5.882104 9.861279 0.702588 -10.936863 -0.360575 7.156202 -1e-06 8.774817 -1e-06 -17.731541 17.326635 5.472421 -1.844032 2.498503 -2.507276 -10.163593 4.678943 4.621108 -20.976009 -0.0 1e-06 -21.226273 2.4517 -3.594002 0.0 -5e-06 -1e-06 -1.362681 2.240798 -0.746323 -21.334898 0.584912 3.008323 -13.821203 0.0 1e-06 -23.887152 -0.249075 -0.839484 -61.664295 2.547741 -0.599675 -0.294025 1.679685 0.833256 -14.218198 0.093217 1.300581 -34.212021 -0.28756 0.96717 -20.033199 0.964539 1.212842 1e-06 -1e-06 1e-06 -3.440386 0.788234 0.501656 -15.928176 -3.167304 2.999707 -6.338822 -0.0 2e-06 -18.123436 3.648185 -4.905668 -5e-06 2e-06 -2e-06 -29.889782 19.358791 -10.661474 42.480003 57.243195 -58.828556 167.930283 80.08696 166.633408 -30.362469 -11.749428 32.408283 2.243542 -5.255039 -3.180158 14.282897 -0.826595 6.952506 -3e-06 -12.690605 -0.0 16.938475 -18.137323 2.1648 1.665666 -1.955921 -2.878299 4.727801 -4.170589 4.993925 11.020529 4e-06 0.0 12.109056 -3.735719 -2.866785 1e-06 0.0 0.0 1.291986 -1.928549 -1.49809 14.800132 0.567468 3.865608 14.242577 -1.341737 -6.660658 19.631973 0.143927 -0.648244 50.299553 -0.879318 -6.166225 0.353029 -1.511151 -0.031939 20.222801 3.68431 2.316631 18.787281 5e-06 0.0 10.751631 -0.479868 1.397906 1e-06 -0.0 0.0 3.273808 0.305947 -0.580111 21.486822 11.830377 2.266134 8.162933 2e-06 -0.0 18.399092 -3.798987 -4.940576 2e-06 -0.0 -1e-06 10.783294 6.901056 6.035258 0.057261 -0.769406 4.570251 -10.446873 -6.008531 26.14654 1.989201 -1.778197 -16.817959 -1e-06 -0.0 2e-06 0.961151 -35.759449 -5.146962 0.070749 -0.352809 2.960043 1.941432 -4.356735 10.44124 -1.378962 0.671767 -4.125697 0.0 0.0 -1e-06 
0.0 0.0 0.0 0.0 -0.0 0.0 -2.214639 103.426048 36.434444 0.54151 22.65395 5.457627 1.980304 0.575349 -2.292005 -0.380682 1.818047 -5.278119 -1.106511 -0.639797 6.430162 4.101876 1.856799 -5.674294 -1.996332 -3.474914 -3.647426 -1.790462 -6.700914 -4.421437 7.7e-05 -2.3e-05 6e-06 0.024511 0.016083 0.064058 0.770757 -3.700866 -10.479139 -0.722054 3.739678 -10.433756 7.446274 -4.567697 1.265723 -18.121405 -66.401833 -26.055616 -170.442963 -80.245667 172.272186 3.594188 -20.658873 35.972294 -5.882108 9.861286 0.70259 -10.936878 -0.360576 7.156209 4e-06 8.77483 -0.0 -17.510588 17.221823 5.518381 -1.844032 2.498507 -2.50728 -10.163604 4.678943 4.621111 -20.976034 -7e-06 3e-06 -21.226299 2.451695 -3.594 1e-06 -7e-06 -1e-06 -1.362681 2.240799 -0.746324 -21.334929 0.584905 3.008325 -13.821223 -5e-06 2e-06 -23.887184 -0.249084 -0.839479 -61.857269 2.592366 -0.724696 -0.294025 1.679688 0.833255 -14.218219 0.093211 1.300579 -34.212067 -0.28757 0.967173 -20.033226 0.964535 1.212846 1e-06 -1e-06 0.0 -3.440391 0.788234 0.501657 -15.928198 -3.167317 2.999709 -6.33883 -4e-06 1e-06 -18.123457 3.64818 -4.905671 -5e-06 2e-06 -1e-06 -31.235582 19.457026 -11.36547 41.847084 57.633083 -61.576889 164.188797 81.735062 162.714935 -30.755178 -12.845755 31.041052 2.243542 -5.255038 -3.18016 14.282899 -0.826594 6.952508 -4e-06 -12.690609 0.0 16.818075 -18.012383 2.172116 1.665667 -1.955923 -2.8783 4.727801 -4.170588 4.993926 11.020531 4e-06 -0.0 12.109056 -3.735714 -2.866785 1e-06 0.0 1e-06 1.291986 -1.92855 -1.498091 14.800138 0.567469 3.86561 14.242578 -1.341734 -6.660659 19.631975 0.143928 -0.648243 50.471249 -0.970403 -6.316105 0.353029 -1.511151 -0.031941 20.222803 3.684313 2.316633 18.787287 8e-06 2e-06 10.751633 -0.479869 1.397908 0.0 1e-06 1e-06 3.273808 0.305947 -0.580111 21.486828 11.83038 2.266137 8.162933 2e-06 1e-06 18.399092 -3.798985 -4.940575 3e-06 -0.0 -1e-06 10.489833 7.144775 5.125687 0.082215 -0.752076 5.456976 -10.017427 -5.785424 22.735676 1.970851 -1.786785 -15.878283 -0.0 0.0 3e-06 1.226703 -35.583923 -5.542817 0.04009 -0.307338 2.478838 1.705929 -5.023932 8.882612 -1.37411 0.713552 -3.715496 -0.0 0.0 -1e-06 
0.0 0.0 0.0 0.0 -0.0 0.0 -2.009808 103.283798 36.125229 0.55096 22.684307 5.72028 2.125753 0.555557 -2.303849 -0.327862 1.856261 -5.301711 -1.150447 -0.610305 6.428049 4.060627 1.88064 -6.181105 -2.023635 -3.38994 -3.595494 -1.727852 -6.96285 -4.230988 7.7e-05 -2.3e-05 6e-06 0.029973 0.047859 0.051515 0.782205 -3.673967 -10.480195 -0.722649 3.775009 -10.425656 7.975859 -4.531629 1.055737 -18.888214 -68.767487 -25.871815 -168.718399 -82.109268 171.182251 2.592421 -20.809614 36.799786 -5.882105 9.861281 0.702589 -10.93687 -0.360574 7.156205 1e-06 8.774824 -1e-06 -17.638567 17.271322 5.488442 -1.844032 2.498503 -2.507279 -10.163597 4.678944 4.62111 -20.976023 -2e-06 2e-06 -21.226288 2.451697 -3.593999 1e-06 -5e-06 -2e-06 -1.36268 2.240798 -0.746324 -21.334913 0.584908 3.008321 -13.821213 -1e-06 2e-06 -23.887167 -0.249078 -0.839482 -62.134449 2.65061 -0.789043 -0.294025 1.679687 0.833255 -14.218207 0.093215 1.300582 -34.212048 -0.287564 0.967173 -20.033211 0.964537 1.212846 1e-06 0.0 0.0 -3.440388 0.788232 0.501656 -15.928185 -3.16731 2.999707 -6.338827 -2e-06 2e-06 -18.123444 3.64818 -4.905669 -4e-06 2e-06 -1e-06 -32.739899 19.658609 -12.043464 40.712986 58.238605 -64.244606 160.114365 83.804474 158.407196 -31.470226 -13.792916 29.272713 2.243541 -5.255037 -3.180157 14.282894 -0.826593 6.952503 -3e-06 -12.690604 -0.0 16.575701 -17.952509 2.207048 1.665666 -1.955922 -2.878299 4.7278 -4.170587 4.993924 11.020528 3e-06 -0.0 12.109054 -3.735717 -2.866784 0.0 1e-06 -0.0 1.291986 -1.928549 -1.498089 14.800136 0.56747 3.865609 14.242576 -1.341736 -6.660658 19.631973 0.143926 -0.648243 50.185043 -0.947396 -6.336015 0.353029 -1.511149 -0.031941 20.222797 3.684311 2.316631 18.787277 7e-06 1e-06 10.751632 -0.479867 1.397907 -1e-06 -0.0 -0.0 3.273807 0.305948 -0.580111 21.486818 11.830377 2.266134 8.162928 3e-06 -0.0 18.399084 -3.798982 -4.940574 3e-06 -0.0 -1e-06 10.191504 7.088847 4.294614 0.099579 -0.782709 6.274926 -9.780578 -5.606395 20.886156 1.976893 -1.809669 -15.582877 -0.0 0.0 2e-06 1.358491 -35.40675 -5.934984 0.030452 -0.293041 2.297039 1.627213 -5.495264 8.336601 -1.367237 0.706304 -3.551805 0.0 1e-06 -1e-06 
0.0 0.0 0.0 0.0 -0.0 0.0 -1.834924 103.221664 35.829674 0.636015 22.752697 5.910522 2.295747 0.541892 -2.298075 -0.258944 1.857268 -5.299597 -1.182967 -0.548234 6.437191 3.855934 2.020833 -6.933771 -2.031551 -3.373827 -3.594038 -1.778463 -7.246519 -3.920968 7.7e-05 -2.3e-05 6e-06 0.037971 0.072882 0.032051 0.778385 -3.659214 -10.496017 -0.70342 3.80825 -10.428477 8.400386 -4.538504 0.899481 -21.127457 -70.673149 -24.520416 -165.573135 -83.906418 168.51796 1.346288 -20.842312 38.06818 -5.882108 9.86129 0.702591 -10.936875 -0.360577 7.156209 4e-06 8.774828 -2e-06 -17.889072 17.285175 5.371751 -1.844033 2.498504 -2.507279 -10.163603 4.678945 4.621109 -20.97603 -4e-06 1e-06 -21.226292 2.451694 -3.594 0.0 -7e-06 -1e-06 -1.362681 2.240801 -0.746325 -21.334921 0.584907 3.008326 -13.821218 -4e-06 1e-06 -23.887178 -0.249082 -0.839483 -62.371109 2.622811 -0.791814 -0.294024 1.679687 0.833256 -14.218214 0.093214 1.300581 -34.212059 -0.287568 0.967171 -20.033218 0.964534 1.212845 1e-06 0.0 0.0 -3.44039 0.788234 0.501657 -15.928192 -3.16731 2.999709 -6.338829 -2e-06 1e-06 -18.123447 3.648181 -4.905674 -5e-06 3e-06 -2e-06 -34.014824 19.939817 -12.474397 39.299934 59.151638 -66.687546 152.157028 85.753975 150.223953 -32.337048 -14.719501 27.110083 2.243542 -5.255037 -3.180159 14.282895 -0.826594 6.952506 -1e-06 -12.690607 1e-06 16.37178 -17.936008 2.257417 1.665666 -1.955922 -2.878299 4.727799 -4.170588 4.993925 11.020528 0.0 -0.0 12.109053 -3.735715 -2.866784 1e-06 -0.0 0.0 1.291986 -1.92855 -1.498089 14.800131 0.567468 3.865609 14.242574 -1.341738 -6.660659 19.631973 0.143924 -0.648244 49.884495 -0.951685 -6.298788 0.353029 -1.511152 -0.03194 20.222794 3.684309 2.316631 18.787275 4e-06 -1e-06 10.751629 -0.479869 1.397907 -0.0 1e-06 1e-06 3.273808 0.305946 -0.580111 21.486816 11.830377 2.266135 8.16293 0.0 -0.0 18.399084 -3.798987 -4.940576 3e-06 1e-06 -1e-06 9.855865 6.944027 3.702035 0.10442 -0.803507 6.776876 -9.637839 -5.483556 19.804178 1.982068 -1.826362 -15.378386 0.0 1e-06 3e-06 1.33855 -35.362286 -6.233624 0.038591 -0.270669 2.219286 1.675815 -5.752972 8.08613 -1.364988 0.685502 -3.396951 -0.0 1e-06 -1e-06 
0.0 0.0 0.0 0.0 -0.0 0.0 -1.765984 103.156448 35.594494 0.732084 22.848228 6.025775 2.451709 0.531668 -2.305484 -0.209344 1.851905 -5.287262 -1.166061 -0.502379 6.512638 3.644939 2.154163 -7.772124 -2.015491 -3.343941 -3.615298 -1.846541 -7.485595 -3.609069 7.7e-05 -2.3e-05 6e-06 0.041872 0.086425 0.01708 0.771022 -3.651494 -10.506376 -0.688514 3.827376 -10.430504 8.626326 -4.551375 0.812158 -23.453188 -71.987617 -23.127621 -160.184662 -85.1558 163.490372 0.190013 -20.864475 39.102886 -5.882105 9.861286 0.702589 -10.936874 -0.360574 7.156206 3e-06 8.774827 -1e-06 -18.025949 17.265259 5.282188 -1.844033 2.498505 -2.50728 -10.163601 4.678946 4.621109 -20.976028 -5e-06 2e-06 -21.226292 2.451695 -3.593999 0.0 -6e-06 -1e-06 -1.362682 2.240798 -0.746324 -21.334919 0.584904 3.008324 -13.82122 -4e-06 2e-06 -23.887178 -0.249084 -0.83948 -62.603535 2.598329 -0.845222 -0.294025 1.679686 0.833257 -14.218212 0.093214 1.30058 -34.212051 -0.287568 0.967172 -20.033213 0.964535 1.212844 2e-06 0.0 -1e-06 -3.44039 0.788233 0.501655 -15.928189 -3.167312 2.999707 -6.338827 -2e-06 1e-06 -18.123447 3.648177 -4.90567 -5e-06 2e-06 -2e-06 -34.599709 20.144491 -12.609564 37.866451 60.20195 -68.343513 137.266098 87.18457 135.195648 -33.153484 -15.511274 25.493008 2.243543 -5.255042 -3.180161 14.282902 -0.826594 6.952509 -4e-06 -12.690616 -1e-06 16.285698 -17.970964 2.290027 1.665667 -1.955923 -2.878302 4.727802 -4.170592 4.993928 11.020535 3e-06 -1e-06 12.10906 -3.735717 -2.866786 1e-06 -0.0 0.0 1.291986 -1.928551 -1.49809 14.80014 0.56747 3.865611 14.242582 -1.341735 -6.660663 19.631985 0.143926 -0.648245 49.767082 -0.890605 -6.261251 0.353029 -1.511153 -0.03194 20.222803 3.684312 2.316633 18.787287 6e-06 0.0 10.751634 -0.479869 1.397907 -1e-06 1e-06 -1e-06 3.273809 0.305949 -0.580111 21.48683 11.830386 2.266138 8.162935 2e-06 0.0 18.399096 -3.798988 -4.940579 2e-06 1e-06 -1e-06 9.631686 6.898883 3.281625 0.10392 -0.811053 7.120254 -9.58811 -5.539253 18.965517 1.981684 -1.841634 -15.090772 0.0 0.0 2e-06 1.284565 -35.4277 -6.442158 0.047673 -0.239201 2.212383 1.778498 -5.844587 7.771475 -1.367566 0.678219 -3.201706 0.0 0.0 -1e-06 
0.0 0.0 0.0 0.0 -0.0 0.0 -1.699099 103.093597 35.360477 0.83545 22.990967 6.080426 2.599494 0.52933 -2.284497 -0.162007 1.860009 -5.262076 -1.134042 -0.528406 6.609715 3.463199 2.297944 -8.530175 -2.013595 -3.501203 -3.614158 -1.904417 -7.508555 -3.509411 7.7e-05 -2.3e-05 6e-06 0.038503 0.078028 0.00844 0.766514 -3.65822 -10.517925 -0.691283 3.817528 -10.434635 8.70118 -4.605432 0.811567 -25.062569 -72.781006 -22.215656 -154.768036 -85.94339 158.217072 -0.603139 -20.819515 40.120689 -5.882109 9.861292 0.702588 -10.936877 -0.360577 7.156208 0.0 8.774832 -3e-06 -18.031715 17.222458 5.237823 -1.844032 2.498508 -2.507281 -10.163605 4.678946 4.62111 -20.976038 -4e-06 -2e-06 -21.226299 2.451696 -3.594005 1e-06 -6e-06 -2e-06 -1.362682 2.2408 -0.746325 -21.334925 0.584909 3.008324 -13.82122 -3e-06 1e-06 -23.887184 -0.249081 -0.839486 -62.735828 2.604385 -0.870813 -0.294025 1.679686 0.833256 -14.218217 0.093212 1.300581 -34.212074 -0.287569 0.967174 -20.033226 0.964535 1.212847 1e-06 0.0 -1e-06 -3.440392 0.788233 0.501655 -15.928196 -3.167313 2.99971 -6.338831 -1e-06 1e-06 -18.123457 3.648183 -4.905676 -4e-06 2e-06 -2e-06 -34.79073 20.297657 -12.567057 36.721203 61.226986 -69.205872 109.588409 88.094528 107.555824 -33.883968 -16.153236 24.142956 2.243542 -5.25504 -3.180158 14.282896 -0.826595 6.952507 -1e-06 -12.69061 -0.0 16.227837 -17.988222 2.328374 1.665666 -1.955923 -2.878299 4.727801 -4.170591 4.993927 11.020531 3e-06 0.0 12.109058 -3.735719 -2.866784 0.0 -0.0 0.0 1.291986 -1.928551 -1.498089 14.800134 0.567468 3.865611 14.242577 -1.341739 -6.660658 19.631973 0.143925 -0.648243 49.792068 -0.839499 -6.232691 0.353029 -1.511152 -0.03194 20.222801 3.684309 2.316633 18.787283 3e-06 1e-06 10.751634 -0.479869 1.397907 -2e-06 1e-06 -0.0 3.273808 0.305947 -0.58011 21.486824 11.83038 2.266137 8.16293 0.0 0.0 18.399088 -3.798988 -4.940577 2e-06 0.0 -1e-06 9.432284 6.874657 2.77149 0.102937 -0.823655 7.744885 -9.517515 -5.640582 18.193716 1.978674 -1.859111 -14.918572 0.0 0.0 3e-06 1.215477 -35.545074 -6.575299 0.04769 -0.21942 2.225836 1.721447 -5.8394 7.464024 -1.371163 0.664306 -3.033487 -0.0 1e-06 -1e-06 
0.0 0.0 0.0 0.0 -0.0 0.0 -1.747572 103.034782 35.189732 1.000839 23.139042 6.154383 2.715601 0.524348 -2.261541 -0.135713 1.854397 -5.241086 -1.093727 -0.549209 6.725584 3.369957 2.36067 -9.275814 -2.021832 -3.577507 -3.597856 -1.973367 -7.53506 -3.523377 7.7e-05 -2.3e-05 6e-06 0.037373 0.08578 0.005666 0.769169 -3.645765 -10.51467 -0.696511 3.82121 -10.434664 8.756824 -4.696647 0.86167 -25.964521 -73.144463 -22.1063 -150.497864 -86.295883 154.021683 -1.14844 -20.804497 40.761478 -5.88211 9.861293 0.70259 -10.93688 -0.360579 7.156213 3e-06 8.774833 -0.0 -18.03882 17.160999 5.17465 -1.844034 2.498506 -2.507281 -10.163604 4.678944 4.621116 -20.97604 -7e-06 3e-06 -21.226301 2.451694 -3.593999 0.0 -6e-06 -1e-06 -1.362682 2.2408 -0.746325 -21.33493 0.584904 3.008327 -13.821225 -5e-06 6e-06 -23.887188 -0.249082 -0.839479 -62.814968 2.607454 -0.896199 -0.294025 1.679688 0.833256 -14.21822 0.093209 1.300582 -34.212078 -0.287572 0.967181 -20.03323 0.964536 1.212852 1e-06 0.0 -1e-06 -3.44039 0.788234 0.501656 -15.9282 -3.167315 2.999711 -6.338832 -3e-06 2e-06 -18.123457 3.648182 -4.905673 -4e-06 1e-06 -2e-06 -34.814381 20.4307 -12.48516 35.594757 62.140392 -69.885162 70.079346 88.226349 68.207581 -34.421013 -17.037642 23.139633 2.243542 -5.25504 -3.180159 14.282898 -0.826595 6.952507 -2e-06 -12.690608 -0.0 16.216894 -17.99551 2.356995 1.665667 -1.955923 -2.8783 4.727802 -4.17059 4.993926 11.02053 2e-06 0.0 12.109056 -3.735719 -2.866784 0.0 -0.0 -0.0 1.291986 -1.928549 -1.49809 14.800136 0.567469 3.865611 14.242579 -1.341739 -6.660659 19.631979 0.143922 -0.648243 49.89838 -0.773344 -6.179206 0.353029 -1.511153 -0.03194 20.222803 3.684311 2.316633 18.787287 4e-06 -0.0 10.751635 -0.47987 1.397906 -3e-06 -0.0 -0.0 3.273808 0.305946 -0.580111 21.486826 11.830379 2.266137 8.16293 2e-06 0.0 18.399094 -3.798987 -4.940576 3e-06 -0.0 -1e-06 9.2694 6.908217 2.44032 0.101185 -0.836542 8.050534 -9.556308 -5.798944 17.717684 1.969953 -1.867498 -14.767689 0.0 1e-06 3e-06 1.134065 -35.621284 -6.704424 0.049528 -0.204868 2.231279 1.617827 -5.837101 7.114189 -1.375797 0.667473 -2.825845 0.0 0.0 -1e-06 
0.0 0.0 0.0 0.0 -0.0 0.0 -1.887973 102.986313 35.04554 1.174247 23.319147 6.231555 2.828282 0.510038 -2.235122 -0.112185 1.848928 -5.228087 -1.052117 -0.589311 6.86094 3.392009 2.364172 -9.974443 -2.039198 -3.604914 -3.588747 -2.088438 -7.585167 -3.632776 7.7e-05 -2.2e-05 6e-06 0.036748 0.096647 0.002008 0.776317 -3.629894 -10.521511 -0.705221 3.827425 -10.444405 8.779997 -4.828651 0.962364 -26.030945 -73.173225 -22.788868 -150.14537 -86.361809 153.664978 -1.495833 -20.749298 41.185246 -5.882102 9.861279 0.702589 -10.936865 -0.360575 7.156204 0.0 8.774821 -2e-06 -18.085104 17.093517 5.116807 -1.844031 2.498502 -2.507279 -10.163595 4.67894 4.621107 -20.976009 -4e-06 3e-06 -21.226271 2.451693 -3.593995 0.0 -6e-06 -1e-06 -1.362682 2.240798 -0.746324 -21.334904 0.584907 3.008321 -13.821205 -4e-06 3e-06 -23.887157 -0.24908 -0.839479 -62.893661 2.627182 -0.899059 -0.294024 1.679689 0.833256 -14.218199 0.093214 1.300581 -34.212032 -0.287568 0.967172 -20.033201 0.964534 1.212844 1e-06 0.0 0.0 -3.440386 0.788233 0.501657 -15.928179 -3.16731 2.999707 -6.338824 -2e-06 1e-06 -18.12344 3.648179 -4.905667 -5e-06 2e-06 -2e-06 -34.766201 20.542511 -12.354918 34.280003 62.926029 -70.760788 40.243298 87.66301 38.463215 -34.886948 -17.911203 22.595913 2.243542 -5.25504 -3.180159 14.282896 -0.826595 6.952505 -2e-06 -12.690605 -0.0 16.204714 -17.976864 2.418194 1.665666 -1.955922 -2.878299 4.7278 -4.170589 4.993925 11.020528 2e-06 -1e-06 12.109055 -3.735717 -2.866785 -0.0 -1e-06 0.0 1.291986 -1.928548 -1.49809 14.800132 0.567468 3.86561 14.242577 -1.341737 -6.66066 19.631975 0.143925 -0.648245 49.98254 -0.762313 -6.152017 0.353029 -1.511153 -0.03194 20.222801 3.684311 2.316632 18.787279 5e-06 -0.0 10.75163 -0.479869 1.397906 -2e-06 0.0 -1e-06 3.273808 0.305949 -0.580111 21.48682 11.830377 2.266135 8.16293 1e-06 -0.0 18.399088 -3.798985 -4.940578 2e-06 0.0 -1e-06 9.174148 6.987995 2.133888 0.102842 -0.846132 8.279449 -9.692493 -5.979397 17.438801 1.966387 -1.880008 -14.616978 0.0 0.0 3e-06 1.106619 -35.702248 -6.83384 0.049871 -0.195987 2.219113 1.441143 -5.800203 6.792437 -1.378745 0.671765 -2.647062 -0.0 0.0 -1e-06 
0.0 0.0 0.0 0.0 -0.0 0.0 -2.110014 102.958588 34.918453 1.364507 23.525026 6.336234 2.933472 0.492813 -2.206131 -0.078748 1.823998 -5.216497 -1.023669 -0.646103 6.993988 3.477967 2.342033 -10.640857 -2.046654 -3.625846 -3.60433 -2.254942 -7.679516 -3.786083 7.7e-05 -2.2e-05 6e-06 0.036951 0.112126 -0.007539 0.7755 -3.611843 -10.542178 -0.704351 3.840479 -10.466532 8.704373 -5.013669 1.105432 -25.229965 -72.901062 -24.278912 -152.326324 -86.161049 155.6922 -1.713488 -20.585218 41.255848 -5.882106 9.861289 0.702589 -10.936877 -0.36058 7.156208 2e-06 8.774831 -4e-06 -18.206072 17.026403 5.014873 -1.844032 2.498506 -2.507277 -10.163603 4.678943 4.62111 -20.976028 -8e-06 4e-06 -21.226292 2.451695 -3.593997 0.0 -6e-06 -1e-06 -1.362682 2.2408 -0.746326 -21.334925 0.584902 3.008326 -13.82122 -6e-06 6e-06 -23.887184 -0.249084 -0.839477 -62.979141 2.658197 -0.88483 -0.294024 1.679688 0.833254 -14.218215 0.09321 1.300581 -34.212063 -0.287573 0.967178 -20.03322 0.964534 1.212849 2e-06 1e-06 -1e-06 -3.440389 0.788233 0.501655 -15.928194 -3.167315 2.999709 -6.338829 -3e-06 2e-06 -18.123451 3.64818 -4.905671 -5e-06 1e-06 -2e-06 -34.628036 20.613483 -12.130506 32.355267 63.587353 -72.315643 26.900221 86.708534 25.116203 -35.139889 -18.746212 22.409185 2.243541 -5.255037 -3.180158 14.282901 -0.826596 6.95251 -3e-06 -12.69061 -2e-06 16.150822 -17.969049 2.501319 1.665666 -1.955922 -2.878299 4.727802 -4.170588 4.993926 11.020531 4e-06 3e-06 12.109056 -3.735718 -2.866781 1e-06 -1e-06 0.0 1.291986 -1.92855 -1.498089 14.80014 0.567471 3.865613 14.242578 -1.341738 -6.660655 19.631981 0.143922 -0.64824 49.935951 -0.796976 -6.141367 0.353029 -1.511154 -0.03194 20.222803 3.684313 2.316638 18.787285 6e-06 6e-06 10.751633 -0.479871 1.397908 -2e-06 -0.0 -0.0 3.273808 0.305947 -0.58011 21.48683 11.830379 2.26614 8.16293 2e-06 2e-06 18.399094 -3.798986 -4.940573 2e-06 0.0 -0.0 9.125256 7.079897 1.862072 0.096485 -0.835014 8.363278 -9.88625 -6.169344 17.400232 1.965357 -1.892017 -14.484022 0.0 0.0 3e-06 1.143055 -35.783558 -7.004619 0.049035 -0.186339 2.191631 1.247675 -5.800699 6.53977 -1.379412 0.672633 -2.489158 -0.0 0.0 -1e-06 
0.0 0.0 0.0 0.0 -0.0 0.0 -2.416985 102.915337 34.799648 1.573474 23.816626 6.483582 3.053816 0.483351 -2.174419 -0.039462 1.756251 -5.193024 -1.021809 -0.731145 7.096585 3.575651 2.340935 -11.226926 -2.073239 -3.747155 -3.647519 -2.448844 -7.756104 -3.989954 7.7e-05 -2.2e-05 6e-06 0.036626 0.11135 -0.015052 0.767283 -3.61301 -10.568274 -0.697028 3.839981 -10.490579 8.600214 -5.23478 1.227555 -23.763067 -72.303902 -26.44838 -155.037689 -85.692291 158.170197 -1.702275 -20.329193 41.109077 -5.882109 9.861293 0.70259 -10.936878 -0.360578 7.15621 3e-06 8.774833 -3e-06 -18.342873 17.003551 4.890248 -1.844033 2.498507 -2.507281 -10.163606 4.678945 4.621111 -20.976038 -5e-06 -0.0 -21.226301 2.451695 -3.594003 0.0 -6e-06 -2e-06 -1.362683 2.240799 -0.746326 -21.334929 0.584905 3.008324 -13.821221 -5e-06 2e-06 -23.887186 -0.249083 -0.839481 -63.029293 2.653357 -0.893729 -0.294023 1.67969 0.833257 -14.218221 0.093212 1.300581 -34.212074 -0.287571 0.967171 -20.033226 0.964534 1.212844 1e-06 1e-06 0.0 -3.440391 0.788232 0.501656 -15.928201 -3.167314 2.999711 -6.338832 -2e-06 0.0 -18.123459 3.64818 -4.905674 -6e-06 3e-06 -2e-06 -34.453651 20.625467 -11.839518 29.69338 64.074432 -74.585281 19.914854 85.705772 18.053936 -34.954674 -19.456917 22.649984 2.243542 -5.255043 -3.180159 14.282902 -0.826598 6.952511 -2e-06 -12.690619 1e-06 16.085852 -17.991827 2.559132 1.665667 -1.955925 -2.878301 4.727803 -4.170592 4.993929 11.020533 3e-06 1e-06 12.109059 -3.735722 -2.866783 -0.0 -1e-06 0.0 1.291986 -1.928553 -1.49809 14.80014 0.567469 3.865614 14.242582 -1.34174 -6.66066 19.631981 0.143924 -0.648243 49.788715 -0.833314 -6.152841 0.353029 -1.511152 -0.03194 20.222805 3.684315 2.316636 18.787287 3e-06 1e-06 10.751637 -0.479871 1.397908 -2e-06 0.0 0.0 3.273809 0.305948 -0.580111 21.486828 11.830385 2.26614 8.162932 1e-06 1e-06 18.399097 -3.798994 -4.940578 2e-06 -0.0 -1e-06 9.120114 7.162626 1.477487 0.091309 -0.818819 8.513048 -10.116619 -6.381546 17.337421 1.959005 -1.898174 -14.191565 0.0 0.0 3e-06 1.24973 -35.916386 -7.214378 0.045886 -0.184667 2.158504 1.066838 -5.843331 6.171657 -1.383319 0.680585 -2.333337 0.0 0.0 -1e-06 
0.0 0.0 0.0 0.0 -0.0 0.0 -2.789979 102.796242 34.686886 1.842725 24.115097 6.685125 3.110513 0.503527 -2.079422 4e-06 1.71313 -5.117704 -1.008687 -0.805395 7.107442 3.799549 2.242312 -11.875214 -2.147201 -3.815398 -3.600399 -2.743674 -7.845225 -4.405134 7.7e-05 -2.3e-05 6e-06 0.039364 0.100617 -0.007521 0.788914 -3.625053 -10.596053 -0.713404 3.829191 -10.521705 8.382474 -5.46773 1.443897 -21.064363 -71.523514 -29.549387 -157.261047 -85.06485 160.11467 -1.081586 -20.043245 40.339653 -5.882108 9.861284 0.702587 -10.936872 -0.360575 7.156205 -2e-06 8.774823 -2e-06 -18.541002 17.090305 4.826601 -1.844033 2.498506 -2.50728 -10.163601 4.678944 4.621107 -20.976027 -2e-06 -4e-06 -21.22629 2.451696 -3.594006 -0.0 -5e-06 -1e-06 -1.362682 2.240798 -0.746325 -21.334913 0.584912 3.008321 -13.821218 0.0 -1e-06 -23.887173 -0.249079 -0.839489 -63.029984 2.613631 -0.906239 -0.294024 1.679688 0.833255 -14.218211 0.093216 1.30058 -34.212051 -0.287563 0.967164 -20.033215 0.964536 1.21284 1e-06 1e-06 0.0 -3.440389 0.788234 0.501656 -15.928187 -3.167308 2.999708 -6.338828 -2e-06 -0.0 -18.123444 3.64818 -4.905674 -7e-06 3e-06 -2e-06 -34.214523 20.439856 -11.555542 26.480026 64.248032 -77.207359 14.808933 84.905457 12.850975 -34.287128 -19.850433 23.414436 2.243541 -5.255037 -3.180157 14.282892 -0.826598 6.952504 -0.0 -12.690607 0.0 16.093662 -18.091318 2.57869 1.665666 -1.955925 -2.878298 4.727799 -4.170589 4.993925 11.020528 2e-06 0.0 12.109053 -3.735719 -2.866784 0.0 -1e-06 0.0 1.291986 -1.92855 -1.498089 14.800132 0.567466 3.86561 14.242571 -1.341742 -6.660655 19.631966 0.143923 -0.648244 49.645351 -0.69576 -6.129624 0.353029 -1.511151 -0.03194 20.222795 3.684307 2.316632 18.787273 2e-06 0.0 10.75163 -0.479869 1.397907 -2e-06 0.0 0.0 3.273807 0.305946 -0.58011 21.486818 11.830382 2.266136 8.162929 0.0 0.0 18.399084 -3.79899 -4.940577 2e-06 -0.0 -1e-06 9.077123 7.181715 1.023355 0.080206 -0.867661 8.698875 -10.360561 -6.548138 16.869583 1.949859 -1.916337 -13.556795 0.0 0.0 3e-06 1.339628 -36.263771 -7.487152 0.065793 -0.249996 2.21319 0.87651 -5.773656 5.375652 -1.399376 0.628975 -2.048699 0.0 0.0 -1e-06 
0.0 0.0 0.0 0.0 -0.0 0.0 -3.300116 102.560631 34.581039 2.091536 24.67712 6.951221 3.325222 0.53135 -2.030765 0.031686 1.695047 -5.117917 -1.124627 -1.044423 7.167939 3.873362 2.309756 -12.310862 -2.298676 -4.289269 -3.673151 -2.866057 -8.020921 -4.671042 7.7e-05 -2.2e-05 6e-06 0.018776 0.023602 -0.017274 0.764734 -3.699419 -10.596187 -0.730721 3.750617 -10.505224 8.08761 -5.819271 1.397169 -17.967381 -70.086601 -32.666595 -161.538254 -84.073151 164.143387 -0.431106 -19.824467 40.188038 -5.882108 9.861294 0.702591 -10.936883 -0.360576 7.156213 2e-06 8.774837 -2e-06 -18.502214 17.134827 4.830229 -1.844032 2.498508 -2.507279 -10.163608 4.678946 4.621114 -20.97604 -6e-06 6e-06 -21.226299 2.451696 -3.593998 0.0 -4e-06 -1e-06 -1.362682 2.240799 -0.746323 -21.33493 0.584907 3.00833 -13.821224 -4e-06 4e-06 -23.887188 -0.249079 -0.839477 -63.436897 2.600252 -1.065447 -0.294023 1.679689 0.833258 -14.218221 0.093212 1.300585 -34.212078 -0.287568 0.967181 -20.033232 0.964536 1.212849 1e-06 1e-06 0.0 -3.44039 0.788234 0.501658 -15.928201 -3.167318 2.999714 -6.338833 -3e-06 2e-06 -18.123463 3.648184 -4.905674 -5e-06 1e-06 -3e-06 -33.67107 20.436668 -11.114783 22.319628 63.907253 -80.59716 11.874728 84.383224 9.954748 -32.696991 -19.317438 24.576693 2.243542 -5.255037 -3.18016 14.282902 -0.826594 6.952511 -3e-06 -12.69061 0.0 15.877295 -17.953827 2.583475 1.665667 -1.955923 -2.8783 4.727803 -4.17059 4.993928 11.020534 4e-06 1e-06 12.109057 -3.735717 -2.866783 0.0 -1e-06 -0.0 1.291986 -1.92855 -1.49809 14.80014 0.567469 3.865613 14.242582 -1.341735 -6.660659 19.631985 0.143924 -0.648241 49.567944 -0.796459 -6.253418 0.353029 -1.511152 -0.03194 20.222809 3.684314 2.316638 18.787289 5e-06 4e-06 10.751639 -0.479869 1.39791 -3e-06 0.0 -1e-06 3.273809 0.305948 -0.58011 21.486832 11.830381 2.26614 8.162931 2e-06 1e-06 18.399096 -3.798988 -4.940575 2e-06 -0.0 -1e-06 9.221212 7.522065 0.215633 0.08597 -0.827621 9.22995 -10.669206 -6.879574 15.825562 1.903341 -1.885322 -12.572118 -0.0 1e-06 3e-06 1.641853 -36.547665 -7.724317 0.047202 -0.152832 1.97255 0.699926 -6.039428 4.119841 -1.401262 0.675338 -1.698475 0.0 0.0 -1e-06 
0.0 0.0 0.0 0.0 -0.0 0.0 -3.827724 102.407822 34.498947 2.335532 25.191385 7.189245 3.491955 0.546026 -1.975535 0.073639 1.727334 -5.082135 -1.182272 -1.190376 7.212391 3.877227 2.266559 -12.774533 -2.441665 -4.58113 -3.616678 -3.053364 -8.219265 -5.151729 7.7e-05 -2.2e-05 6e-06 0.013508 -0.005247 -0.016417 0.7748 -3.725142 -10.581692 -0.751319 3.718917 -10.476387 7.327778 -6.002646 1.758309 -13.220796 -68.555847 -36.397205 -165.223831 -82.961151 167.639267 0.769348 -19.752356 39.377796 -5.882106 9.861288 0.702591 -10.936875 -0.360577 7.156208 2e-06 8.77483 0.0 -18.529848 17.324366 4.848606 -1.844033 2.498504 -2.507281 -10.1636 4.678948 4.621112 -20.97603 -4e-06 1e-06 -21.226292 2.451697 -3.594001 0.0 -5e-06 -1e-06 -1.362682 2.240798 -0.746325 -21.334923 0.584909 3.008324 -13.821219 -4e-06 3e-06 -23.887177 -0.249081 -0.839481 -63.589642 2.654699 -1.136173 -0.294026 1.679687 0.833256 -14.218213 0.093214 1.30058 -34.212059 -0.287569 0.967175 -20.03322 0.964535 1.212847 1e-06 -0.0 -1e-06 -3.44039 0.788233 0.501656 -15.928192 -3.167314 2.999709 -6.338829 -3e-06 2e-06 -18.123453 3.648182 -4.905673 -7e-06 1e-06 -2e-06 -32.670322 20.37471 -10.551447 19.012184 63.070522 -82.664345 9.636296 84.816772 7.947033 -31.047359 -17.734962 27.045864 2.243541 -5.255039 -3.180158 14.282895 -0.826593 6.952507 -3e-06 -12.690604 0.0 15.732579 -17.879389 2.618749 1.665666 -1.955921 -2.878299 4.7278 -4.170587 4.993926 11.020529 4e-06 1e-06 12.109055 -3.735716 -2.866783 -0.0 0.0 0.0 1.291985 -1.92855 -1.49809 14.800134 0.567469 3.865611 14.242575 -1.341737 -6.660658 19.631973 0.143925 -0.648243 49.291145 -0.756727 -6.264474 0.353029 -1.511151 -0.03194 20.222797 3.68431 2.316635 18.787279 4e-06 3e-06 10.751632 -0.479869 1.397908 -2e-06 -0.0 -0.0 3.273807 0.305946 -0.58011 21.48682 11.830379 2.266137 8.162928 2e-06 0.0 18.399084 -3.798986 -4.940574 2e-06 -0.0 -1e-06 9.371803 7.848101 -0.387659 0.086822 -0.831127 9.45381 -10.92173 -7.25813 15.398216 1.892092 -1.892961 -11.772434 -0.0 1e-06 2e-06 1.88333 -36.891449 -7.964307 0.047638 -0.148042 1.873766 0.579105 -6.11042 3.213966 -1.401174 0.67929 -1.550722 0.0 0.0 -1e-06 
0.0 0.0 0.0 0.0 -0.0 0.0 -4.359663 102.270615 34.46463 2.583478 25.732279 7.357774 3.651146 0.539412 -1.967649 0.108028 1.690478 -5.066404 -1.251936 -1.250193 7.264302 3.613273 2.259409 -13.021317 -2.585055 -4.895616 -3.609121 -3.300774 -8.454385 -5.550323 7.7e-05 -2.3e-05 6e-06 0.013475 -0.019959 -0.020613 0.78066 -3.73733 -10.57769 -0.757377 3.702179 -10.460254 6.542037 -6.091894 2.120016 -9.509819 -66.531494 -38.699974 -168.100418 -81.618713 170.227051 1.985921 -19.758251 38.806774 -5.88211 9.861292 0.702588 -10.936875 -0.360578 7.156212 -1e-06 8.77483 -3e-06 -18.498831 17.451145 4.834694 -1.844034 2.498507 -2.507281 -10.163604 4.678946 4.621111 -20.976034 -3e-06 1e-06 -21.226299 2.451695 -3.594004 0.0 -6e-06 -1e-06 -1.362682 2.240799 -0.746324 -21.334925 0.584911 3.008323 -13.82122 -4e-06 0.0 -23.887184 -0.249082 -0.839483 -63.500275 2.64396 -1.16233 -0.294026 1.679688 0.833255 -14.218215 0.093215 1.300582 -34.212063 -0.287565 0.967173 -20.033222 0.964536 1.212845 1e-06 1e-06 0.0 -3.440389 0.788233 0.501657 -15.928192 -3.167311 2.99971 -6.338831 -2e-06 2e-06 -18.123459 3.648184 -4.905676 -6e-06 0.0 -3e-06 -31.446249 20.457739 -9.668187 17.567253 61.876652 -83.037292 10.292028 86.49614 8.836182 -29.540619 -15.202412 31.097298 2.243542 -5.25504 -3.180159 14.282898 -0.826595 6.952507 -2e-06 -12.690609 -1e-06 15.624664 -17.780806 2.62313 1.665668 -1.955922 -2.8783 4.727801 -4.170588 4.993926 11.020531 2e-06 -0.0 12.109058 -3.735717 -2.866785 1e-06 0.0 0.0 1.291986 -1.928549 -1.49809 14.800136 0.567468 3.86561 14.242579 -1.341738 -6.660661 19.631975 0.143928 -0.648244 48.95998 -0.710713 -6.210806 0.353029 -1.51115 -0.03194 20.222801 3.684312 2.316632 18.787285 5e-06 -0.0 10.751633 -0.479868 1.397907 -1e-06 0.0 -0.0 3.273808 0.305947 -0.580111 21.486824 11.830382 2.266136 8.16293 0.0 -0.0 18.399092 -3.798986 -4.940577 2e-06 0.0 -1e-06 9.558153 8.166845 -0.912063 0.070796 -0.839881 9.715384 -11.246736 -7.701431 15.214783 1.876193 -1.8775 -10.951299 0.0 -0.0 2e-06 2.043486 -37.250641 -8.036387 0.057527 -0.160139 1.713659 0.507145 -6.185983 2.400167 -1.402144 0.680749 -1.43152 0.0 0.0 -1e-06 
0.0 0.0 0.0 0.0 -0.0 0.0 -4.87733 102.20945 34.472801 2.855656 26.169632 7.436064 3.796614 0.494056 -1.988765 0.134297 1.614077 -5.102269 -1.344617 -1.165239 7.369213 3.004653 2.347456 -13.060874 -2.744585 -5.293602 -3.629786 -3.606291 -8.629839 -6.035964 7.7e-05 -2.2e-05 6e-06 0.020102 0.003936 -0.024715 0.78177 -3.712518 -10.591392 -0.745623 3.726598 -10.465088 5.590096 -6.04182 2.573736 -7.133449 -64.000557 -39.724861 -170.420181 -79.976875 172.244934 3.448469 -19.564554 38.647335 -5.882106 9.861288 0.702589 -10.936875 -0.360578 7.156208 3e-06 8.77483 -2e-06 -18.438372 17.526117 4.858005 -1.844033 2.498504 -2.507279 -10.163605 4.678944 4.621108 -20.976034 -7e-06 1e-06 -21.226299 2.451693 -3.594001 0.0 -5e-06 -1e-06 -1.362682 2.240799 -0.746322 -21.334925 0.584904 3.008322 -13.821221 -5e-06 2e-06 -23.887184 -0.249087 -0.839481 -63.406586 2.643809 -1.182763 -0.294023 1.679687 0.833257 -14.218214 0.093211 1.30058 -34.212067 -0.287574 0.96717 -20.033226 0.96453 1.212846 1e-06 1e-06 -1e-06 -3.440389 0.788232 0.501655 -15.928198 -3.167313 2.999706 -6.338829 -3e-06 1e-06 -18.123455 3.648176 -4.905671 -6e-06 2e-06 -1e-06 -29.781509 20.571058 -8.329698 18.333408 60.62862 -81.062347 45.261692 89.429047 43.975262 -28.326313 -11.94429 36.284561 2.243542 -5.25504 -3.180159 14.282898 -0.826594 6.952506 -4e-06 -12.690609 1e-06 15.795077 -17.692343 2.579859 1.665667 -1.955923 -2.878299 4.727801 -4.170587 4.993925 11.020531 3e-06 -1e-06 12.109058 -3.735717 -2.866785 0.0 1e-06 0.0 1.291986 -1.92855 -1.49809 14.800138 0.56747 3.86561 14.242579 -1.341737 -6.66066 19.631975 0.143925 -0.648244 48.833038 -0.655302 -6.129957 0.353029 -1.511151 -0.031941 20.222803 3.684313 2.316633 18.787283 6e-06 -1e-06 10.751635 -0.479868 1.397907 -1e-06 0.0 0.0 3.273808 0.305947 -0.580111 21.486828 11.830381 2.266136 8.162933 2e-06 -0.0 18.399088 -3.798985 -4.940578 3e-06 0.0 -1e-06 9.738 8.544649 -1.333407 0.043016 -0.858221 10.109007 -11.663972 -8.207976 15.668368 1.858631 -1.848074 -10.281042 -0.0 -0.0 2e-06 2.134953 -37.595661 -8.018226 0.068725 -0.180063 1.590236 0.392092 -6.196939 1.919253 -1.405192 0.667017 -1.31334 0.0 0.0 -1e-06 
0.0 0.0 0.0 0.0 -0.0 0.0 -5.361803 102.173935 34.515198 3.071046 26.402617 7.351983 3.948418 0.419804 -2.028277 0.155547 1.492401 -5.185303 -1.413149 -1.053401 7.545429 2.125532 2.512665 -12.78538 -2.862968 -5.626209 -3.655291 -3.910037 -8.613791 -6.792568 7.7e-05 -2.2e-05 6e-06 0.021343 0.017938 -0.022619 0.777335 -3.695493 -10.613338 -0.739052 3.738021 -10.487178 4.612384 -5.741394 3.169968 -7.190353 -60.88055 -39.34922 -172.469925 -77.82473 173.940277 5.605565 -18.868254 38.94101 -5.882108 9.861292 0.70259 -10.936877 -0.360577 7.156211 2e-06 8.774833 -2e-06 -18.527136 17.632954 4.867418 -1.844034 2.498508 -2.507281 -10.163606 4.678948 4.621111 -20.976038 -6e-06 1e-06 -21.226301 2.451696 -3.594004 0.0 -7e-06 -0.0 -1.362681 2.240801 -0.746323 -21.33493 0.584906 3.008326 -13.821223 -2e-06 2e-06 -23.887186 -0.249082 -0.839483 -63.431782 2.637578 -1.238068 -0.294025 1.679688 0.833257 -14.218219 0.093212 1.300581 -34.212074 -0.287568 0.967174 -20.033226 0.964536 1.212845 -0.0 0.0 0.0 -3.440392 0.788231 0.501656 -15.928196 -3.167313 2.99971 -6.338832 -0.0 1e-06 -18.123457 3.648182 -4.905674 -5e-06 1e-06 -1e-06 -27.467007 20.714941 -6.728677 21.679865 59.362881 -75.746986 177.034195 86.209663 175.786591 -27.15061 -8.849587 40.912441 2.243542 -5.255039 -3.180159 14.282896 -0.826594 6.952506 -3e-06 -12.69061 -2e-06 16.229568 -17.673244 2.485444 1.665667 -1.955924 -2.878299 4.727801 -4.170589 4.993927 11.020531 3e-06 -1e-06 12.109056 -3.735717 -2.866784 -0.0 -0.0 -0.0 1.291986 -1.92855 -1.49809 14.800132 0.567468 3.865611 14.242577 -1.341737 -6.660661 19.631977 0.143925 -0.648244 49.037472 -0.666147 -6.086646 0.353029 -1.511151 -0.03194 20.222801 3.684312 2.316633 18.787283 5e-06 1e-06 10.751631 -0.47987 1.397907 1e-06 1e-06 1e-06 3.273808 0.305947 -0.58011 21.48682 11.830379 2.266136 8.16293 2e-06 -1e-06 18.39909 -3.798987 -4.940577 3e-06 -0.0 -1e-06 9.947776 8.880579 -1.639237 0.025357 -0.890729 10.756283 -12.230254 -8.69153 16.369289 1.835765 -1.809087 -9.597157 0.0 -1e-06 2e-06 2.111268 -37.812229 -7.816589 0.072397 -0.184612 1.568322 0.318266 -6.222319 1.558797 -1.409034 0.668702 -1.187575 0.0 0.0 -1e-06 
0.0 0.0 0.0 0.0 -0.0 0.0 -5.758873 102.097771 34.62085 3.026527 26.342087 6.9865 4.204802 0.303419 -2.066696 0.126115 1.593272 -5.256741 -1.329216 -1.12758 7.740986 1.074656 2.858878 -12.117478 -2.956629 -6.045768 -3.620804 -4.269279 -8.521955 -7.983433 7.7e-05 -2.2e-05 7e-06 0.018165 0.014624 -0.021701 0.760448 -3.694929 -10.634626 -0.727151 3.731418 -10.51467 3.576682 -5.345718 3.87494 -9.970202 -56.774609 -37.335163 -175.405334 -74.883957 176.195892 8.459736 -17.263206 40.139523 -5.882108 9.86129 0.702591 -10.936877 -0.360575 7.15621 3e-06 8.774828 -1e-06 -18.757298 17.846386 4.875375 -1.844034 2.498505 -2.50728 -10.163603 4.678943 4.621112 -20.97603 -5e-06 4e-06 -21.226294 2.451696 -3.593998 -0.0 -6e-06 -0.0 -1.362682 2.240799 -0.746325 -21.334925 0.584908 3.008326 -13.82122 -4e-06 2e-06 -23.887182 -0.249081 -0.83948 -63.524872 2.642097 -1.117522 -0.294025 1.679688 0.833256 -14.218217 0.093213 1.300581 -34.212067 -0.287566 0.967175 -20.033222 0.964535 1.212848 0.0 0.0 -0.0 -3.44039 0.788235 0.501656 -15.928192 -3.167312 2.99971 -6.338831 -1e-06 2e-06 -18.123453 3.64818 -4.905669 -5e-06 1e-06 -2e-06 -23.989666 20.714804 -4.684529 26.964586 57.560619 -66.986168 178.10347 81.011566 177.115173 -25.424137 -6.080846 43.761097 2.243542 -5.255038 -3.180157 14.282887 -0.826594 6.952503 -1e-06 -12.690607 -0.0 16.649817 -17.693148 2.382537 1.665667 -1.955923 -2.878299 4.727798 -4.170588 4.993924 11.020525 2e-06 -3e-06 12.109052 -3.735717 -2.866784 0.0 -0.0 1e-06 1.291986 -1.92855 -1.498089 14.800125 0.567469 3.865607 14.242569 -1.341737 -6.660661 19.631964 0.143925 -0.648247 49.233822 -0.818643 -6.052701 0.353029 -1.511151 -0.03194 20.222786 3.684309 2.31663 18.78727 4e-06 -2e-06 10.751627 -0.479868 1.397906 -1e-06 1e-06 -1e-06 3.273806 0.305947 -0.580111 21.486809 11.830376 2.266132 8.162926 1e-06 -1e-06 18.39908 -3.798987 -4.940578 2e-06 1e-06 -2e-06 10.411085 9.201447 -1.880096 -0.009247 -0.958754 11.946713 -13.515158 -9.624171 15.976228 1.822418 -1.796478 -8.036992 -0.0 -0.0 3e-06 2.132608 -37.755802 -7.427244 0.044587 -0.197835 1.69691 0.378459 -6.300193 1.134287 -1.408674 0.666836 -1.03199 -0.0 0.0 -1e-06 
0.0 0.0 0.0 0.0 -0.0 0.0 -6.120476 101.952255 34.685268 2.780305 25.87529 6.391104 4.421944 0.230146 -2.086802 0.117815 1.588601 -5.330176 -1.166669 -1.235293 7.981163 0.231882 3.259415 -11.213438 -3.055732 -6.286619 -3.619665 -4.485325 -8.202544 -8.80725 7.7e-05 -2.3e-05 4e-06 -0.000854 -0.035075 -0.001639 0.738834 -3.743263 -10.641895 -0.744233 3.6809 -10.529861 2.135906 -4.826465 4.68859 -12.928069 -51.199818 -34.773655 -178.490356 -71.365898 178.498077 11.076908 -15.278661 40.582191 -5.882105 9.861289 0.702588 -10.93687 -0.360577 7.156208 -1e-06 8.774827 -3e-06 -18.624107 17.983875 4.994541 -1.844031 2.498505 -2.50728 -10.163599 4.678945 4.621109 -20.976021 -7e-06 2e-06 -21.226286 2.451693 -3.594 -0.0 -5e-06 0.0 -1.362682 2.2408 -0.746324 -21.334913 0.584905 3.008323 -13.821215 -4e-06 2e-06 -23.887171 -0.249081 -0.839482 -63.313408 2.668494 -1.011575 -0.294025 1.679687 0.833256 -14.218207 0.093216 1.30058 -34.212048 -0.287568 0.967174 -20.033211 0.964535 1.212843 0.0 -0.0 -2e-06 -3.440388 0.788234 0.501655 -15.928185 -3.167313 2.999709 -6.338825 -3e-06 2e-06 -18.123444 3.64818 -4.905674 -5e-06 1e-06 -3e-06 -19.219986 20.48485 -2.196958 32.562149 54.594463 -55.191555 -179.877945 75.050041 179.361954 -22.308577 -3.538079 44.260761 2.243541 -5.255036 -3.180156 14.282892 -0.826594 6.952501 -3e-06 -12.690601 -1e-06 17.261343 -17.71999 2.123438 1.665666 -1.955922 -2.878298 4.727799 -4.170587 4.993923 11.020527 4e-06 1e-06 12.10905 -3.735713 -2.866782 0.0 0.0 1e-06 1.291985 -1.928549 -1.498089 14.800129 0.567469 3.865608 14.242571 -1.341737 -6.660655 19.631969 0.143925 -0.648242 49.801029 -0.920817 -6.093285 0.353029 -1.51115 -0.03194 20.222788 3.68431 2.31663 18.787275 7e-06 0.0 10.751631 -0.479867 1.397908 -0.0 0.0 -1e-06 3.273807 0.305947 -0.580111 21.486816 11.830376 2.266136 8.16293 3e-06 -1e-06 18.399082 -3.798983 -4.940574 4e-06 1e-06 -1e-06 10.985403 9.150982 -1.949183 -0.043641 -0.92596 12.749081 -14.094629 -9.605378 13.710596 1.789531 -1.806372 -6.083109 0.0 -1e-06 3e-06 2.164746 -37.272263 -6.842797 0.027792 -0.18757 1.824092 0.491709 -6.147796 0.55957 -1.422224 0.670902 -0.941307 -0.0 0.0 -1e-06 
0.0 0.0 0.0 0.0 -0.0 0.0 -6.390187 101.786461 34.784065 2.455131 25.260653 5.712739 4.571181 0.183612 -2.137821 0.110567 1.539235 -5.382525 -1.008192 -1.415322 8.295736 -0.417735 3.555673 -10.085396 -3.127781 -6.494385 -3.598198 -4.537428 -7.696304 -9.472776 7.7e-05 -2.2e-05 6e-06 -0.022166 -0.085923 0.021798 0.714081 -3.797018 -10.626537 -0.762878 3.63364 -10.528828 0.187104 -4.408267 5.708814 -14.818915 -44.342304 -32.311436 179.426544 -67.404327 179.889664 13.037976 -14.085803 39.249855 -5.88211 9.861293 0.70259 -10.93688 -0.360577 7.156211 0.0 8.774832 -2e-06 -18.31238 18.042892 5.119891 -1.844034 2.498505 -2.507279 -10.163606 4.678946 4.62111 -20.97604 -6e-06 0.0 -21.226303 2.451694 -3.594003 -0.0 -5e-06 -1e-06 -1.362682 2.240802 -0.746325 -21.33493 0.584907 3.008322 -13.821223 -5e-06 -0.0 -23.887188 -0.249085 -0.839483 -62.988464 2.60015 -0.981726 -0.294025 1.679688 0.833257 -14.21822 0.093213 1.30058 -34.212074 -0.287571 0.967171 -20.033228 0.964535 1.212845 0.0 1e-06 -1e-06 -3.440391 0.788232 0.501656 -15.928201 -3.167315 2.999709 -6.33883 -2e-06 0.0 -18.123463 3.648183 -4.905675 -4e-06 0.0 -3e-06 -13.440228 19.531296 0.625382 37.096867 50.32085 -42.689194 -179.117706 68.569847 -179.422043 -17.799194 -1.642338 43.143349 2.243542 -5.255038 -3.180159 14.282896 -0.826595 6.952505 -2e-06 -12.690607 -0.0 17.569088 -17.642216 1.882226 1.665666 -1.955922 -2.878299 4.7278 -4.170588 4.993926 11.020528 2e-06 -1e-06 12.109055 -3.735717 -2.866785 0.0 0.0 -0.0 1.291986 -1.92855 -1.49809 14.800132 0.567468 3.865608 14.242578 -1.341739 -6.660661 19.631971 0.143926 -0.648246 50.144089 -0.97896 -6.199826 0.353029 -1.511151 -0.031938 20.222797 3.68431 2.316631 18.787279 4e-06 -3e-06 10.751633 -0.479868 1.397907 1e-06 0.0 -1e-06 3.273808 0.305947 -0.580112 21.48682 11.830376 2.266134 8.16293 2e-06 -2e-06 18.399082 -3.798987 -4.940578 3e-06 0.0 -1e-06 11.462848 8.904423 -2.079705 -0.056996 -0.849249 12.961227 -14.008655 -9.138968 10.357947 1.774668 -1.85516 -4.687794 -0.0 -1e-06 3e-06 2.171475 -36.447975 -6.132223 0.000139 -0.155921 1.932195 0.568123 -6.057971 -0.028802 -1.434887 0.693596 -0.880121 -0.0 0.0 -1e-06 
0.0 0.0 0.0 0.0 -0.0 0.0 -6.579865 101.632355 34.94939 2.199538 24.559649 5.097883 4.580876 0.146592 -2.224538 0.088415 1.426746 -5.438818 -0.873351 -1.600198 8.693088 -0.96994 3.685718 -8.880693 -3.062395 -6.386451 -3.598428 -4.581753 -7.13117 -9.869994 7.7e-05 -2.3e-05 5e-06 -0.029684 -0.099212 0.044716 0.699605 -3.815085 -10.59636 -0.76412 3.625723 -10.511994 -2.091649 -4.035196 6.89006 -16.227995 -36.731071 -29.880148 178.20369 -63.231937 -179.419724 14.223441 -13.545328 36.501629 -5.882106 9.861287 0.702589 -10.936878 -0.360579 7.156208 2e-06 8.774828 -1e-06 -17.953442 18.01309 5.21222 -1.844033 2.498505 -2.507278 -10.163604 4.678944 4.621109 -20.976032 -9e-06 2e-06 -21.226295 2.451692 -3.593999 -0.0 -6e-06 0.0 -1.362683 2.240797 -0.746324 -21.334925 0.584905 3.008324 -13.821221 -7e-06 3e-06 -23.887182 -0.249082 -0.839479 -62.666428 2.51913 -0.982165 -0.294024 1.679688 0.833256 -14.218217 0.09321 1.30058 -34.212067 -0.287573 0.967175 -20.033226 0.964533 1.212846 0.0 -0.0 -1e-06 -3.440391 0.788233 0.501655 -15.928198 -3.167314 2.999707 -6.33883 -5e-06 0.0 -18.123457 3.648178 -4.905672 -4e-06 1e-06 -2e-06 -7.450072 17.94882 3.475904 40.355904 44.693218 -30.885508 -178.920929 62.014122 -178.96698 -12.697973 -0.346679 41.516582 2.243542 -5.255037 -3.180159 14.282892 -0.826593 6.952502 -3e-06 -12.690604 -1e-06 17.685331 -17.50889 1.754899 1.665665 -1.955922 -2.878299 4.727799 -4.170587 4.993922 11.020528 4e-06 -3e-06 12.109055 -3.735716 -2.866785 1e-06 -0.0 0.0 1.291986 -1.928549 -1.49809 14.800129 0.567469 3.865607 14.242573 -1.341735 -6.660658 19.631968 0.143926 -0.648244 50.227013 -1.016341 -6.409883 0.353029 -1.51115 -0.031939 20.222794 3.684311 2.31663 18.787273 8e-06 -2e-06 10.75163 -0.479869 1.397906 -0.0 1e-06 -1e-06 3.273807 0.305947 -0.580111 21.486818 11.830377 2.266133 8.162927 3e-06 -1e-06 18.39908 -3.798981 -4.940577 3e-06 1e-06 -1e-06 11.586326 8.598179 -2.38175 -0.050391 -0.764541 12.504343 -14.078621 -8.775826 7.516469 1.772135 -1.944108 -3.994768 0.0 -1e-06 2e-06 2.059138 -35.365349 -5.370862 -0.011297 -0.140117 1.954075 0.652121 -6.031322 -0.572943 -1.438379 0.716817 -0.793777 0.0 0.0 -1e-06 
0.0 0.0 0.0 0.0 -0.0 0.0 -6.675701 101.502434 35.15044 1.908705 23.785883 4.552525 4.540211 0.100144 -2.326201 0.079568 1.267283 -5.494741 -0.713012 -1.717635 9.099874 -1.479287 3.747848 -7.684373 -2.899528 -6.020486 -3.627197 -4.705347 -6.549486 -9.9859 7.7e-05 -2.2e-05 6e-06 -0.020405 -0.073284 0.06267 0.699271 -3.791319 -10.561244 -0.746 3.653574 -10.490371 -4.252664 -3.677446 8.132058 -18.12685 -29.050451 -27.234278 177.426819 -59.476856 -178.855301 14.604372 -13.347727 33.030357 -5.882106 9.861284 0.702587 -10.936872 -0.360577 7.156205 1e-06 8.774824 -2e-06 -17.642767 17.920887 5.159988 -1.844033 2.498504 -2.507278 -10.1636 4.678944 4.621106 -20.976021 -5e-06 1e-06 -21.226286 2.451694 -3.594002 0.0 -6e-06 -0.0 -1.362682 2.240799 -0.746324 -21.334913 0.584907 3.008322 -13.821213 -4e-06 -0.0 -23.887171 -0.249082 -0.839482 -62.318634 2.510121 -1.040398 -0.294026 1.679687 0.833256 -14.218208 0.093214 1.30058 -34.212048 -0.287567 0.967167 -20.033211 0.964534 1.212843 -0.0 -0.0 0.0 -3.440388 0.788234 0.501655 -15.928185 -3.16731 2.999707 -6.338825 -2e-06 2e-06 -18.123449 3.64818 -4.905674 -4e-06 0.0 -1e-06 -1.746112 15.952467 6.119805 42.429272 37.844231 -20.177242 -178.847534 56.193218 -178.997711 -7.846234 -0.040327 40.100994 2.243543 -5.25504 -3.18016 14.282896 -0.826594 6.952503 -1e-06 -12.690609 -4e-06 17.593891 -17.474716 1.742459 1.665668 -1.955923 -2.878301 4.727801 -4.170588 4.993924 11.020532 2e-06 -3e-06 12.109059 -3.735716 -2.866788 0.0 -0.0 -1e-06 1.291987 -1.928551 -1.498091 14.800134 0.567469 3.865609 14.242579 -1.341737 -6.660664 19.631973 0.143927 -0.648248 50.104828 -1.043686 -6.63898 0.353029 -1.511151 -0.03194 20.222801 3.684312 2.316628 18.787283 6e-06 -3e-06 10.751633 -0.479867 1.397906 -0.0 1e-06 0.0 3.273811 0.305947 -0.58011 21.486824 11.830379 2.266134 8.16293 2e-06 -1e-06 18.39909 -3.798985 -4.940581 4e-06 0.0 -0.0 11.415841 8.295642 -2.884816 -0.039653 -0.679531 11.532859 -14.087251 -8.323071 5.112197 1.764235 -2.028176 -3.533228 -0.0 0.0 2e-06 1.976014 -34.043182 -4.632324 -0.010486 -0.143763 1.871836 0.715518 -6.092409 -0.946517 -1.434445 0.750373 -0.714012 0.0 0.0 -1e-06 
0.0 0.0 0.0 0.0 -0.0 0.0 -6.652587 101.384438 35.372242 1.60925 22.916676 4.109102 4.478289 0.00271 -2.424186 0.073381 1.092495 -5.543032 -0.524986 -1.741079 9.452611 -1.983764 3.764827 -6.603756 -2.668798 -5.477898 -3.654856 -4.902243 -5.931609 -9.919331 7.7e-05 -2.3e-05 6e-06 0.000114 -0.022755 0.07079 0.709924 -3.74148 -10.541451 -0.71615 3.704239 -10.485041 -5.981008 -3.347055 9.336069 -20.893234 -21.623255 -24.513634 177.05838 -56.689861 -178.454056 14.117495 -12.866514 28.692919 -5.882109 9.861289 0.702588 -10.936879 -0.360577 7.156211 3e-06 8.774828 -3e-06 -17.343184 17.807053 4.964193 -1.844032 2.498507 -2.50728 -10.163604 4.678945 4.621111 -20.976034 -6e-06 3e-06 -21.226295 2.451695 -3.594 0.0 -5e-06 -1e-06 -1.362681 2.2408 -0.746325 -21.334927 0.584906 3.008326 -13.821221 -3e-06 2e-06 -23.887184 -0.24908 -0.839481 -61.793911 2.574715 -1.192742 -0.294024 1.679689 0.833257 -14.218218 0.093213 1.300582 -34.21207 -0.287567 0.967174 -20.033226 0.964535 1.212847 0.0 0.0 -1e-06 -3.440391 0.788233 0.501655 -15.928196 -3.167313 2.99971 -6.338829 -3e-06 2e-06 -18.123457 3.648181 -4.905673 -4e-06 1e-06 -2e-06 3.633823 13.740648 8.461313 43.132309 30.176916 -11.033175 -179.412094 51.914654 -179.509811 -3.595996 -0.757568 39.375397 2.243544 -5.255038 -3.180159 14.282898 -0.826592 6.952507 -4e-06 -12.690609 -0.0 17.353512 -17.630125 1.79955 1.665666 -1.955923 -2.8783 4.727801 -4.170588 4.993925 11.020532 5e-06 -1e-06 12.109058 -3.735717 -2.866785 1e-06 -1e-06 1e-06 1.291985 -1.92855 -1.498091 14.800139 0.567469 3.865609 14.242578 -1.341735 -6.660661 19.631977 0.143927 -0.648243 50.098614 -1.020427 -6.836672 0.35303 -1.511151 -0.03194 20.222803 3.684314 2.316633 18.787287 7e-06 2e-06 10.751636 -0.479867 1.397908 -0.0 0.0 -0.0 3.273806 0.305947 -0.580111 21.486824 11.830382 2.266136 8.16293 2e-06 1e-06 18.399092 -3.798984 -4.940576 3e-06 0.0 -1e-06 10.954 8.189804 -3.510013 -0.036702 -0.603701 9.978744 -13.818316 -7.725997 3.567084 1.746747 -2.068032 -3.240782 -0.0 -0.0 2e-06 1.920373 -32.676041 -3.990406 -0.000471 -0.176608 1.756552 0.765533 -6.090094 -1.247523 -1.430145 0.782908 -0.621734 0.0 0.0 -1e-06 
0.0 0.0 0.0 0.0 -0.0 0.0 -6.513357 101.221359 35.571709 1.150127 21.795931 3.734114 4.529586 -0.118992 -2.564539 0.093686 0.911674 -5.570996 -0.262116 -1.716389 9.742748 -2.570634 3.809353 -5.682782 -2.38464 -4.924386 -3.670343 -5.099216 -5.206306 -9.812551 7.7e-05 -2.3e-05 6e-06 0.017558 0.023234 0.060901 0.723526 -3.694247 -10.551594 -0.695187 3.748543 -10.506109 -7.365692 -2.941898 10.434278 -24.190939 -14.518067 -21.920931 177.109207 -55.146919 -178.220642 12.484142 -11.432408 22.94512 -5.882106 9.861286 0.702589 -10.936873 -0.360576 7.156206 1e-06 8.774825 -2e-06 -17.048208 17.838202 4.834325 -1.844033 2.498506 -2.507278 -10.163602 4.678946 4.621109 -20.97603 -4e-06 2e-06 -21.226292 2.451696 -3.594001 0.0 -6e-06 -1e-06 -1.362682 2.240798 -0.746324 -21.334915 0.584907 3.008323 -13.821213 -3e-06 2e-06 -23.887169 -0.24908 -0.839482 -61.245773 2.674244 -1.299551 -0.294023 1.679685 0.833256 -14.21821 0.093215 1.300581 -34.212051 -0.287564 0.967171 -20.033211 0.964536 1.212843 -0.0 0.0 -0.0 -3.440389 0.788233 0.501655 -15.928189 -3.16731 2.999707 -6.338828 0.0 1e-06 -18.123447 3.648181 -4.905672 -4e-06 1e-06 -2e-06 8.488584 11.551225 10.388646 42.630039 22.40283 -3.853473 179.093704 49.832138 179.426331 -0.52202 -2.103437 39.606239 2.243541 -5.255037 -3.180158 14.282898 -0.826593 6.952504 -3e-06 -12.690607 -0.0 17.190523 -17.899038 1.908097 1.665666 -1.955922 -2.8783 4.727799 -4.170588 4.993925 11.020534 5e-06 -1e-06 12.109059 -3.735715 -2.866784 0.0 1e-06 -0.0 1.291987 -1.928549 -1.498089 14.800138 0.567471 3.865608 14.242579 -1.341734 -6.660657 19.631973 0.143927 -0.648243 50.396523 -1.001702 -6.981797 0.353028 -1.511149 -0.03194 20.222801 3.684312 2.316631 18.787285 8e-06 -0.0 10.751634 -0.479868 1.397906 -0.0 -0.0 0.0 3.273809 0.305948 -0.580111 21.486828 11.830378 2.266134 8.16293 3e-06 -1e-06 18.399088 -3.798982 -4.940576 3e-06 0.0 -1e-06 10.43107 8.294362 -4.123882 -0.040395 -0.541505 7.77797 -13.156886 -6.928469 2.645765 1.736957 -2.071584 -2.979589 -0.0 1e-06 2e-06 2.054622 -31.190981 -3.561173 0.003279 -0.2154 1.714271 0.802141 -5.843561 -1.643245 -1.42974 0.79563 -0.488833 0.0 0.0 -1e-06 
0.0 0.0 0.0 0.0 -0.0 0.0 -6.228721 100.996902 35.758007 0.478932 20.191286 3.434034 4.725794 -0.192506 -2.80571 0.14307 0.785374 -5.621975 0.076639 -1.691774 10.025524 -3.172927 3.854697 -4.919357 -2.111277 -4.389011 -3.682955 -5.257668 -4.374193 -9.682179 7.7e-05 -2.3e-05 6e-06 0.02583 0.043007 0.044686 0.728347 -3.675122 -10.579172 -0.683648 3.76926 -10.539318 -8.592088 -2.420772 11.376357 -28.004845 -7.453609 -19.1919 177.473389 -54.614048 -178.319504 9.399104 -8.240935 16.404713 -5.882109 9.861288 0.702589 -10.936878 -0.360576 7.156209 2e-06 8.774829 -1e-06 -16.833895 18.283205 4.906746 -1.844032 2.498506 -2.507279 -10.163608 4.678946 4.621111 -20.976038 -6e-06 1e-06 -21.226299 2.451697 -3.594001 2e-06 -5e-06 -0.0 -1.362683 2.2408 -0.746323 -21.334929 0.58491 3.008324 -13.821223 -3e-06 2e-06 -23.887186 -0.249081 -0.839484 -60.824631 2.836353 -1.425823 -0.294026 1.679687 0.833255 -14.218217 0.093214 1.300581 -34.212074 -0.287567 0.96717 -20.033226 0.964534 1.212845 1e-06 1e-06 1e-06 -3.44039 0.788234 0.501656 -15.928196 -3.167312 2.999709 -6.338831 -1e-06 1e-06 -18.123459 3.648183 -4.905673 -4e-06 1e-06 -2e-06 12.822949 9.430191 11.89134 41.096684 14.702743 2.131257 177.08754 50.140343 178.04184 1.266416 -3.9018 41.129257 2.243541 -5.255037 -3.180159 14.282896 -0.826593 6.952507 -2e-06 -12.690603 -1e-06 17.185633 -18.19256 2.180065 1.665667 -1.955921 -2.878299 4.727801 -4.170585 4.993926 11.020528 3e-06 1e-06 12.109055 -3.735716 -2.866783 0.0 1e-06 1e-06 1.291984 -1.928549 -1.49809 14.800134 0.567469 3.865611 14.242573 -1.341737 -6.660657 19.631973 0.143924 -0.648242 51.078644 -0.990459 -6.977991 0.353029 -1.51115 -0.03194 20.222797 3.684309 2.316634 18.787279 5e-06 2e-06 10.751632 -0.479869 1.397908 -0.0 -0.0 -1e-06 3.273808 0.305948 -0.58011 21.486822 11.830374 2.266138 8.16293 2e-06 1e-06 18.399088 -3.798985 -4.940573 2e-06 0.0 -1e-06 10.02052 8.585837 -4.595007 -0.033552 -0.46869 5.075578 -12.393708 -6.21558 2.860927 1.735189 -2.050043 -2.612396 -0.0 -1e-06 2e-06 2.427124 -29.514938 -3.440533 0.005929 -0.260047 1.883871 0.90556 -5.243978 -2.209215 -1.429694 0.809846 -0.291835 0.0 -0.0 -1e-06 
0.0 0.0 0.0 0.0 -0.0 0.0 -5.853764 100.76976 35.893917 -0.192199 18.118656 3.121366 4.822133 -0.182896 -3.031178 0.213831 0.649616 -5.707577 0.427155 -1.699814 10.33651 -3.618006 3.940943 -4.32647 -1.746517 -3.767507 -3.722004 -5.378718 -3.427837 -9.370643 7.7e-05 -2.3e-05 6e-06 0.031519 0.040424 0.050413 0.720921 -3.677313 -10.599422 -0.666436 3.767 -10.550187 -10.18292 -1.491665 12.280806 -31.364225 -1.217238 -16.878347 179.027573 -55.103275 -179.696686 6.210598 -3.446221 10.78662 -5.882109 9.861288 0.702589 -10.936877 -0.360575 7.15621 1e-06 8.774827 -2e-06 -16.742039 18.845415 5.087185 -1.844033 2.498505 -2.507279 -10.163604 4.678946 4.621111 -20.97603 -3e-06 3e-06 -21.226295 2.451698 -3.594002 1e-06 -5e-06 0.0 -1.362684 2.240798 -0.746324 -21.334925 0.58491 3.008325 -13.821221 -3e-06 2e-06 -23.887182 -0.249079 -0.839483 -60.58638 2.91604 -1.542405 -0.294025 1.679688 0.833255 -14.218215 0.093215 1.300581 -34.212067 -0.287563 0.96717 -20.033222 0.964537 1.212844 0.0 0.0 0.0 -3.440391 0.788233 0.501656 -15.928194 -3.16731 2.999709 -6.338829 -1e-06 1e-06 -18.123457 3.648183 -4.905672 -4e-06 0.0 -3e-06 16.840576 7.463827 13.25508 38.318241 8.016243 7.565336 175.481339 53.094379 176.738663 1.423284 -5.377965 44.399242 2.24354 -5.255036 -3.180158 14.282893 -0.826596 6.952508 -2e-06 -12.690601 1e-06 17.372599 -18.641724 2.521428 1.665665 -1.955922 -2.878299 4.727799 -4.170588 4.993927 11.020528 2e-06 1e-06 12.109053 -3.735714 -2.866783 -0.0 -1e-06 0.0 1.291984 -1.92855 -1.49809 14.800129 0.567468 3.865612 14.242571 -1.341736 -6.660656 19.631968 0.143924 -0.64824 52.049263 -1.111623 -6.964872 0.353028 -1.51115 -0.031941 20.222794 3.684308 2.316635 18.787273 3e-06 4e-06 10.751629 -0.47987 1.397909 -1e-06 1e-06 1e-06 3.273806 0.305945 -0.58011 21.486813 11.830372 2.266136 8.162928 1e-06 2e-06 18.399086 -3.798986 -4.940571 2e-06 1e-06 0.0 9.880062 8.722375 -4.880072 -0.068347 -0.36553 3.88818 -10.984324 -4.883177 4.157722 1.704477 -2.033936 -2.201889 -0.0 -0.0 2e-06 2.751687 -27.770649 -3.416958 0.004353 -0.276537 2.216147 0.940286 -4.334845 -2.763177 -1.426424 0.782304 -0.039389 0.0 -0.0 -1e-06 
0.0 0.0 0.0 0.0 -0.0 0.0 -5.343566 100.585915 36.062447 -0.965421 16.012495 2.622001 4.902939 -0.14312 -3.2367 0.25343 0.557243 -5.70954 0.75583 -1.738794 10.562792 -3.653331 3.704452 -3.715991 -1.636369 -3.257252 -3.715134 -5.483388 -2.610195 -8.857986 7.7e-05 -2.3e-05 6e-06 0.016212 -0.047209 0.039895 0.70679 -3.757521 -10.604568 -0.683281 3.673952 -10.573699 -12.458904 -0.628258 13.054898 -33.73098 4.395162 -14.110916 -179.582169 -56.539066 179.468506 3.859176 1.162316 8.020209 -5.882114 9.861293 0.702588 -10.936883 -0.360574 7.156212 -1e-06 8.774831 -1e-06 -16.125565 19.084652 5.663616 -1.844035 2.498507 -2.507279 -10.163611 4.678949 4.621114 -20.976049 -0.0 1e-06 -21.226313 2.451699 -3.594006 -1e-06 -7e-06 0.0 -1.362683 2.2408 -0.746323 -21.334936 0.584913 3.008324 -13.821229 -1e-06 1e-06 -23.887196 -0.249077 -0.839486 -60.487038 3.03528 -1.501243 -0.294025 1.679688 0.833256 -14.218224 0.093217 1.300581 -34.212078 -0.28756 0.967169 -20.033232 0.964539 1.212842 0.0 -1e-06 -0.0 -3.440392 0.788234 0.501657 -15.928203 -3.16731 2.999711 -6.338833 -0.0 1e-06 -18.123468 3.648186 -4.905678 -4e-06 -0.0 -3e-06 20.611958 5.703884 14.195253 34.578701 2.001026 12.980578 174.879959 58.00869 175.902176 -0.245831 -5.292496 49.424057 2.243544 -5.255038 -3.18016 14.282904 -0.826598 6.952506 -3e-06 -12.690609 1e-06 16.994932 -18.667603 2.922162 1.665668 -1.955923 -2.878301 4.727804 -4.170588 4.993927 11.020538 5e-06 -1e-06 12.109064 -3.735717 -2.866786 -0.0 -1e-06 0.0 1.291986 -1.928552 -1.49809 14.800144 0.56747 3.865609 14.242585 -1.341735 -6.660662 19.631987 0.143924 -0.648246 52.074905 -1.017475 -6.85256 0.353029 -1.511153 -0.03194 20.222811 3.684312 2.316631 18.787289 6e-06 -1e-06 10.751637 -0.479869 1.397907 -1e-06 1e-06 1e-06 3.27381 0.305948 -0.580112 21.486835 11.830382 2.266132 8.162935 2e-06 -1e-06 18.399099 -3.798985 -4.940581 3e-06 0.0 -2e-06 10.464661 8.841536 -4.012675 -0.00273 -0.26111 4.331814 -10.299725 -3.556892 1.844386 1.72057 -2.096995 -1.500707 0.0 -0.0 2e-06 3.014581 -26.497324 -3.116645 -0.048531 -0.264207 2.441 1.015074 -2.974291 -2.945624 -1.413326 0.816576 -0.104059 0.0 -0.0 -1e-06 
0.0 0.0 0.0 0.0 -0.0 0.0 -4.795301 100.473579 36.20805 -1.398933 14.023074 2.300681 4.762375 -0.084172 -3.455981 0.223903 0.399402 -5.83408 0.886412 -1.706094 10.836679 -3.393667 3.508492 -3.317757 -1.450258 -2.878442 -3.756397 -5.608027 -2.096848 -8.307437 7.7e-05 -2.2e-05 6e-06 0.0195 -0.04599 0.032293 0.697709 -3.7522 -10.592799 -0.667062 3.673861 -10.568262 -14.946438 0.373127 13.937122 -35.094193 8.552995 -10.479694 -178.567215 -59.604301 178.833405 2.885325 4.29846 7.170266 -5.88211 9.861288 0.70259 -10.936875 -0.360572 7.156204 -3e-06 8.774826 -1e-06 -15.556611 19.030888 6.237765 -1.844034 2.498505 -2.507278 -10.163604 4.678948 4.621108 -20.97603 2e-06 -1e-06 -21.226297 2.451699 -3.594005 -0.0 -6e-06 -0.0 -1.362682 2.240799 -0.746325 -21.334921 0.584915 3.008319 -13.821218 -0.0 -1e-06 -23.88718 -0.249076 -0.839489 -60.213356 2.937295 -1.309279 -0.294025 1.679687 0.833255 -14.218214 0.093218 1.300581 -34.212059 -0.287559 0.967163 -20.03322 0.964538 1.212839 -1e-06 1e-06 -0.0 -3.44039 0.788234 0.501655 -15.928189 -3.167305 2.999704 -6.338828 1e-06 0.0 -18.123457 3.648186 -4.905675 -6e-06 1e-06 -0.0 23.798 4.152633 15.23841 31.568445 -2.567436 17.311911 175.005615 64.218849 175.796722 -2.90543 -3.52295 52.989429 2.243542 -5.255036 -3.180159 14.282892 -0.826596 6.952504 -2e-06 -12.690601 2e-06 16.521343 -18.639853 3.052211 1.665666 -1.955922 -2.8783 4.727799 -4.170587 4.993925 11.020528 5e-06 -1e-06 12.109055 -3.735715 -2.866784 0.0 -1e-06 -1e-06 1.291986 -1.928549 -1.498089 14.800129 0.567466 3.865608 14.242574 -1.341736 -6.660659 19.631971 0.143925 -0.648246 51.458241 -1.004012 -6.666084 0.353029 -1.51115 -0.03194 20.222794 3.684309 2.31663 18.787273 4e-06 -0.0 10.751629 -0.479869 1.397905 -1e-06 0.0 1e-06 3.273808 0.305947 -0.580111 21.486816 11.830373 2.266133 8.162928 3e-06 0.0 18.399088 -3.798982 -4.940574 4e-06 -1e-06 -1e-06 10.674064 9.270943 -2.954764 -0.008106 -0.277957 4.352168 -10.021778 -2.323656 0.245391 1.668553 -2.161014 -1.123463 -0.0 -0.0 2e-06 3.009638 -25.632559 -3.214084 -0.028342 -0.215916 3.189227 1.176839 -1.622034 -3.201145 -1.402269 0.787672 -0.090849 0.0 -0.0 -1e-06 
0.0 0.0 0.0 0.0 -0.0 0.0 -4.235474 100.495148 36.315147 -1.516534 12.432517 2.27324 4.419368 -0.081614 -3.764511 0.195553 0.357091 -5.975912 0.789211 -1.615834 10.916431 -2.985774 3.189487 -3.10094 -1.397273 -2.579707 -3.731649 -5.669068 -1.757423 -7.785201 7.7e-05 -2.3e-05 6e-06 0.018482 -0.065696 0.030893 0.692727 -3.770348 -10.562556 -0.664023 3.651942 -10.551434 -16.794304 1.167783 14.380395 -35.958542 11.369798 -5.718656 -178.13208 -64.508095 178.743454 2.352151 6.265991 6.66073 -5.882106 9.861286 0.702591 -10.936872 -0.360575 7.156204 1e-06 8.774825 -1e-06 -15.053198 18.885284 6.547183 -1.844032 2.498505 -2.507277 -10.163601 4.678946 4.621109 -20.976027 -2e-06 2e-06 -21.22629 2.451698 -3.594 1e-06 -4e-06 1e-06 -1.362681 2.240799 -0.746323 -21.334917 0.58491 3.008323 -13.821217 -1e-06 2e-06 -23.887175 -0.249078 -0.839484 -59.863392 2.839213 -1.253989 -0.294025 1.679688 0.833256 -14.21821 0.093215 1.300581 -34.212051 -0.287562 0.967169 -20.033215 0.964536 1.212842 -2e-06 -0.0 1e-06 -3.440389 0.788234 0.501656 -15.928185 -3.16731 2.999707 -6.338826 -1e-06 -0.0 -18.123444 3.648183 -4.905671 -6e-06 0.0 -1e-06 26.15748 3.055488 15.787258 30.241329 -6.516946 19.741781 174.082535 70.58699 174.958496 -5.874083 -1.33164 53.307247 2.243543 -5.255036 -3.180158 14.282896 -0.826592 6.952504 -4e-06 -12.690603 1e-06 15.82639 -18.232168 3.098376 1.665666 -1.955919 -2.878299 4.727798 -4.170588 4.993927 11.020528 4e-06 -1e-06 12.109055 -3.735714 -2.866785 1e-06 -0.0 -0.0 1.291986 -1.92855 -1.498089 14.800132 0.567469 3.865609 14.242572 -1.341734 -6.660657 19.631971 0.143926 -0.648242 50.429241 -0.88368 -6.393 0.353029 -1.511152 -0.03194 20.222795 3.684313 2.316631 18.787273 6e-06 2e-06 10.751631 -0.479869 1.397907 1e-06 -0.0 0.0 3.273808 0.305947 -0.58011 21.486818 11.830379 2.266133 8.162928 3e-06 -0.0 18.399084 -3.798985 -4.940574 3e-06 -0.0 -1e-06 10.479714 9.382749 -1.998516 -0.011638 -0.238427 3.703102 -9.674544 -1.013513 -0.288099 1.64875 -2.137308 -0.748355 0.0 -0.0 2e-06 2.616339 -24.997377 -2.99494 -0.00773 -0.222992 3.054259 1.722321 -0.303421 -2.878383 -1.389267 0.819923 -0.125898 0.0 -0.0 -1e-06 
0.0 0.0 0.0 0.0 -0.0 0.0 -3.788403 100.55426 36.278297 -1.594942 11.222881 2.403729 4.093742 -0.088057 -4.0355 0.145223 0.429695 -6.112519 0.620847 -1.483427 10.770783 -2.596395 3.022668 -3.044195 -1.352216 -2.514818 -3.699636 -5.621911 -1.574455 -7.404984 7.7e-05 -2.2e-05 6e-06 0.021621 -0.049509 0.032172 0.699767 -3.759551 -10.561191 -0.664806 3.672224 -10.552527 -17.750412 1.59355 14.643206 -36.870102 12.854023 -0.671898 -178.257919 -71.063103 179.052628 1.854154 8.098041 6.2832 -5.882113 9.861295 0.702588 -10.93688 -0.360574 7.156211 -1e-06 8.774831 0.0 -14.796766 18.700541 6.631717 -1.844034 2.498507 -2.507279 -10.16361 4.67895 4.621111 -20.976044 2e-06 2e-06 -21.226309 2.451703 -3.594005 1e-06 -6e-06 1e-06 -1.362683 2.240801 -0.746324 -21.334932 0.584915 3.008322 -13.821225 1e-06 1e-06 -23.887192 -0.249076 -0.839489 -59.677864 2.678823 -1.203898 -0.294026 1.679688 0.833256 -14.218221 0.093218 1.300579 -34.212082 -0.287559 0.967164 -20.033232 0.964539 1.212841 -0.0 -0.0 1e-06 -3.440391 0.788235 0.501655 -15.928201 -3.16731 2.999709 -6.338833 1e-06 -1e-06 -18.123465 3.648188 -4.905678 -4e-06 1e-06 -2e-06 27.563396 2.402135 16.230513 30.913622 -9.841841 20.481897 171.838989 76.833176 172.738007 -9.178573 0.365391 50.695343 2.243543 -5.255039 -3.180158 14.282898 -0.826595 6.952503 -0.0 -12.690607 -1e-06 15.414463 -17.926783 3.055378 1.665667 -1.955922 -2.878299 4.727801 -4.170589 4.993924 11.020535 2e-06 -3e-06 12.109058 -3.735717 -2.866786 0.0 -1e-06 0.0 1.291988 -1.92855 -1.49809 14.800134 0.567469 3.865607 14.242579 -1.341734 -6.66066 19.631975 0.143927 -0.648246 49.694649 -0.835095 -6.235775 0.35303 -1.511151 -0.03194 20.222801 3.684311 2.31663 18.787287 7e-06 -3e-06 10.751634 -0.479868 1.397905 0.0 1e-06 -0.0 3.27381 0.305946 -0.580112 21.486822 11.830379 2.266132 8.16293 3e-06 -3e-06 18.39909 -3.798983 -4.940578 3e-06 -0.0 -0.0 10.213767 9.486199 -1.355539 -0.026443 -0.213096 2.966151 -9.22798 0.045394 -0.471089 1.644235 -2.086494 -0.540295 0.0 -1e-06 2e-06 2.410544 -24.290651 -3.250535 0.006167 -0.221397 3.212402 2.192261 0.560949 -2.488147 -1.383942 0.83331 -0.223989 -0.0 -0.0 -1e-06 
0.0 0.0 0.0 0.0 -0.0 0.0 -3.30585 100.586853 36.297791 -1.76521 10.323963 2.63445 3.824056 -0.074647 -4.254782 0.097899 0.55351 -6.200997 0.450985 -1.329985 10.488752 -2.178628 2.96683 -3.227322 -1.334074 -2.556738 -3.650353 -5.409323 -1.556556 -6.968175 7.7e-05 -2.4e-05 6e-06 0.023156 -0.032894 0.036177 0.706713 -3.753921 -10.573166 -0.668519 3.698705 -10.560214 -18.152214 1.650642 14.736934 -38.07674 13.206831 3.514237 -177.360107 -78.732681 178.342468 1.76085 10.296626 6.317268 -5.882106 9.861284 0.702591 -10.936868 -0.360576 7.156205 2e-06 8.774823 -1e-06 -14.867101 18.54664 6.535294 -1.844032 2.498503 -2.507279 -10.163598 4.678946 4.62111 -20.976021 -5e-06 2e-06 -21.226286 2.451695 -3.594001 1e-06 -5e-06 -2e-06 -1.362682 2.240798 -0.746324 -21.334911 0.584909 3.008322 -13.821213 -1e-06 3e-06 -23.887167 -0.249078 -0.839482 -59.608749 2.585315 -1.174937 -0.294024 1.679688 0.833257 -14.218206 0.093215 1.300579 -34.212048 -0.287565 0.96717 -20.033209 0.964536 1.212844 1e-06 2e-06 1e-06 -3.440388 0.788233 0.501656 -15.928185 -3.167311 2.999707 -6.338825 -2e-06 1e-06 -18.123444 3.64818 -4.905669 -4e-06 2e-06 -1e-06 28.319675 2.125616 16.576777 32.995377 -12.422386 19.95093 165.259232 82.966003 166.093094 -12.624115 1.453128 47.271461 2.243543 -5.255036 -3.180159 14.282894 -0.826594 6.952503 -2e-06 -12.690604 -1e-06 15.520208 -17.814901 2.913256 1.665665 -1.955923 -2.878298 4.727799 -4.170587 4.993923 11.020528 2e-06 -1e-06 12.109056 -3.735717 -2.866784 0.0 -0.0 1e-06 1.291987 -1.92855 -1.49809 14.800132 0.56747 3.865607 14.242576 -1.341737 -6.660657 19.631973 0.143925 -0.648244 49.437317 -0.856052 -6.228591 0.35303 -1.511152 -0.03194 20.222797 3.684311 2.316631 18.787279 6e-06 -1e-06 10.751632 -0.479868 1.397908 -0.0 -0.0 1e-06 3.273809 0.305946 -0.580112 21.48682 11.830376 2.266135 8.162929 2e-06 -1e-06 18.399084 -3.798982 -4.940574 3e-06 -0.0 -2e-06 10.008771 9.669996 -1.021193 -0.034191 -0.199901 2.401959 -8.774613 0.723415 -0.811126 1.64794 -2.033494 -0.333974 0.0 -1e-06 2e-06 2.355006 -23.532591 -3.615968 0.011959 -0.204092 3.345294 2.615449 1.017978 -2.16484 -1.388279 0.838939 -0.309154 0.0 -0.0 -1e-06 
0.0 0.0 0.0 0.0 -0.0 0.0 -2.796887 100.584183 36.212196 -1.923859 9.701826 2.869719 3.576225 -0.028507 -4.427982 0.052155 0.679718 -6.251106 0.21924 -1.199105 10.259389 -1.766767 2.906043 -3.639143 -1.32085 -2.538509 -3.607675 -5.073559 -1.693193 -6.559734 7.7e-05 -2.3e-05 6e-06 0.0227 -0.030301 0.038424 0.704958 -3.758956 -10.583218 -0.667444 3.707455 -10.559423 -18.508484 1.430222 14.780265 -39.229446 12.844736 6.474457 -171.703445 -86.25927 172.856598 2.053017 12.095477 6.259331 -5.88211 9.861292 0.702589 -10.936878 -0.360572 7.156208 0.0 8.774828 -1e-06 -15.131826 18.409193 6.346153 -1.844033 2.498508 -2.50728 -10.163605 4.678949 4.62111 -20.976038 2e-06 0.0 -21.226303 2.451701 -3.594007 0.0 -7e-06 -1e-06 -1.362682 2.240798 -0.746326 -21.334925 0.584912 3.008321 -13.821221 -2e-06 0.0 -23.887188 -0.249076 -0.839489 -59.540207 2.558509 -1.179064 -0.294025 1.679686 0.833257 -14.218219 0.093216 1.30058 -34.212074 -0.287561 0.967165 -20.033226 0.964538 1.212842 0.0 2e-06 1e-06 -3.440391 0.788235 0.501657 -15.928198 -3.16731 2.99971 -6.338831 2e-06 1e-06 -18.123459 3.648186 -4.905675 -5e-06 2e-06 -3e-06 28.873724 2.102218 16.759285 35.377918 -14.062874 18.777271 118.751884 88.055992 119.427391 -15.497189 2.438549 43.96019 2.243542 -5.255037 -3.180157 14.282898 -0.826593 6.952503 -4e-06 -12.690603 -1e-06 15.798985 -17.855371 2.767819 1.665667 -1.955922 -2.878299 4.7278 -4.170586 4.993924 11.020528 4e-06 1e-06 12.109053 -3.735714 -2.866783 -0.0 -0.0 0.0 1.291986 -1.928549 -1.498089 14.800134 0.56747 3.865608 14.242577 -1.341735 -6.660656 19.631973 0.143926 -0.648243 49.421543 -0.889353 -6.279747 0.353028 -1.51115 -0.03194 20.222799 3.684313 2.316632 18.787281 7e-06 1e-06 10.751631 -0.479868 1.397908 0.0 -1e-06 -1e-06 3.273808 0.305948 -0.580111 21.48682 11.830376 2.266135 8.162929 1e-06 -0.0 18.399084 -3.798982 -4.940574 3e-06 -0.0 -1e-06 9.768218 9.943219 -0.926189 -0.036485 -0.200585 2.091706 -8.443934 1.110124 -1.312596 1.65115 -2.020716 -0.129377 0.0 -0.0 2e-06 2.313554 -22.910826 -4.095168 0.012315 -0.191753 3.569805 2.928726 1.27571 -2.002687 -1.397592 0.831114 -0.381094 0.0 -0.0 -1e-06 
0.0 0.0 0.0 0.0 -0.0 0.0 -2.271318 100.548576 36.064205 -1.990027 9.220475 3.019023 3.30617 0.056294 -4.504704 0.000678 0.799253 -6.264416 -0.103247 -1.112488 10.196038 -1.473 2.857169 -4.232717 -1.311922 -2.548976 -3.599365 -4.615599 -1.921986 -6.396902 7.7e-05 -2.3e-05 6e-06 0.017386 -0.042303 0.04078 0.696537 -3.773201 -10.588881 -0.669665 3.696653 -10.555696 -19.228149 1.052272 14.783578 -39.663708 12.197577 8.843342 -7.566304 -86.862129 8.783538 2.325083 12.976233 5.615565 -5.88211 9.861291 0.70259 -10.936878 -0.360575 7.156209 -0.0 8.774833 -1e-06 -15.389702 18.352007 6.17936 -1.844033 2.498506 -2.50728 -10.163605 4.678949 4.62111 -20.976038 -2e-06 -1e-06 -21.226301 2.451698 -3.594004 -0.0 -7e-06 0.0 -1.362682 2.240798 -0.746323 -21.334929 0.584912 3.008322 -13.821223 -3e-06 -1e-06 -23.88719 -0.249081 -0.839488 -59.441479 2.558946 -1.173592 -0.294026 1.679687 0.833257 -14.218219 0.093214 1.30058 -34.212074 -0.287564 0.967169 -20.03323 0.964536 1.21284 1e-06 3e-06 -0.0 -3.44039 0.788233 0.501657 -15.928196 -3.167311 2.999708 -6.33883 1e-06 -1e-06 -18.123459 3.648185 -4.905675 -5e-06 0.0 -2e-06 29.556429 2.310407 16.907818 37.351917 -14.868806 17.433243 18.997683 85.21566 19.534956 -17.539461 3.497634 40.262939 2.243543 -5.255037 -3.180159 14.282898 -0.826595 6.952506 -2e-06 -12.690609 2e-06 16.019575 -17.950308 2.606848 1.665668 -1.955922 -2.8783 4.727801 -4.170589 4.993926 11.02053 3e-06 -1e-06 12.109058 -3.735716 -2.866786 0.0 -0.0 0.0 1.291985 -1.92855 -1.49809 14.800139 0.567468 3.865608 14.24258 -1.341735 -6.660662 19.631977 0.143928 -0.648247 49.470943 -0.892956 -6.336962 0.35303 -1.511152 -0.031941 20.222803 3.684312 2.316631 18.787285 6e-06 -1e-06 10.751634 -0.479867 1.397906 -0.0 -0.0 0.0 3.273809 0.305948 -0.580111 21.486826 11.830379 2.266132 8.16293 0.0 -1e-06 18.399092 -3.798982 -4.940577 3e-06 -0.0 -1e-06 9.429358 10.415105 -0.914395 -0.031397 -0.210128 2.01163 -8.361691 1.256687 -1.903814 1.649705 -2.036169 0.078183 -0.0 -0.0 2e-06 2.135384 -22.380081 -4.506078 0.00438 -0.178502 3.800352 3.152214 1.401098 -2.012695 -1.409484 0.831752 -0.377436 0.0 -0.0 -1e-06 
0.0 0.0 0.0 0.0 -0.0 0.0 -1.724175 100.487457 35.893612 -1.973453 8.774655 3.033917 2.996557 0.163041 -4.528576 -0.068186 0.906904 -6.25707 -0.479918 -1.058097 10.365762 -1.307693 2.816018 -4.880358 -1.31345 -2.568643 -3.597221 -4.05213 -2.15468 -6.478635 7.7e-05 -2.3e-05 6e-06 0.008543 -0.059956 0.04534 0.686062 -3.790015 -10.577738 -0.676732 3.678946 -10.544276 -20.173313 0.558059 14.830965 -39.474583 11.193056 11.334736 -0.415188 -80.307304 1.705741 2.451488 13.266592 4.328619 -5.882105 9.861286 0.70259 -10.93687 -0.360575 7.156206 1e-06 8.774826 1e-06 -15.586636 18.334915 6.084603 -1.844032 2.498505 -2.507277 -10.1636 4.678946 4.621108 -20.976023 -5e-06 1e-06 -21.226286 2.451696 -3.594001 1e-06 -5e-06 -1e-06 -1.362681 2.240799 -0.746323 -21.334913 0.584906 3.008321 -13.821213 -5e-06 1e-06 -23.887167 -0.249081 -0.839484 -59.464298 2.563333 -1.136663 -0.294025 1.679686 0.833255 -14.21821 0.093216 1.30058 -34.212048 -0.287565 0.96717 -20.033213 0.964536 1.212844 1e-06 0.0 1e-06 -3.440387 0.788232 0.501656 -15.928185 -3.16731 2.999707 -6.338826 -2e-06 -1e-06 -18.123446 3.648182 -4.905672 -5e-06 -0.0 -3e-06 30.359348 2.816513 17.10206 38.881584 -14.936736 16.26791 7.098251 79.795677 7.583447 -18.95199 4.420341 35.588718 2.243543 -5.255038 -3.180158 14.282889 -0.826594 6.952505 -2e-06 -12.690605 2e-06 16.14222 -18.099573 2.470489 1.665666 -1.955922 -2.878299 4.727798 -4.170587 4.993925 11.020526 3e-06 -2e-06 12.109052 -3.735714 -2.866786 0.0 0.0 -0.0 1.291986 -1.92855 -1.498091 14.800127 0.567468 3.86561 14.242572 -1.341735 -6.66066 19.631969 0.143927 -0.648245 49.57922 -0.86147 -6.395891 0.353028 -1.511151 -0.031941 20.222794 3.684309 2.316629 18.78727 5e-06 -1e-06 10.751628 -0.479867 1.397906 -0.0 -0.0 0.0 3.273807 0.305947 -0.58011 21.486816 11.830374 2.266133 8.162928 -0.0 0.0 18.399084 -3.798988 -4.940576 3e-06 -1e-06 -1e-06 9.01895 11.018547 -0.859392 -0.015967 -0.211567 2.067936 -8.400427 1.195392 -2.532488 1.643199 -2.081379 0.228448 -0.0 -0.0 2e-06 1.801953 -21.882341 -4.794458 -0.007604 -0.150632 4.064355 3.323173 1.490679 -2.155712 -1.415892 0.848684 -0.316936 -0.0 -0.0 -1e-06 
0.0 0.0 0.0 0.0 -0.0 0.0 -1.150317 100.440811 35.693913 -1.979665 8.296061 2.916372 2.6768 0.251188 -4.510036 -0.132108 0.993788 -6.235191 -0.798641 -0.988661 10.64268 -1.220258 2.76319 -5.375629 -1.316833 -2.570394 -3.590846 -3.474057 -2.268028 -6.590098 7.7e-05 -2.3e-05 6e-06 -0.002822 -0.092199 0.044166 0.67994 -3.820403 -10.565309 -0.692795 3.646963 -10.541097 -20.850468 0.012694 14.92818 -39.573807 9.777053 13.635737 0.913859 -73.55278 0.424925 2.629332 13.437272 2.605411 -5.882105 9.861284 0.702589 -10.93687 -0.360576 7.156206 0.0 8.774825 -1e-06 -15.823344 18.314642 6.020933 -1.844032 2.498504 -2.507277 -10.163599 4.678944 4.621106 -20.976021 -3e-06 1e-06 -21.226286 2.451696 -3.593999 1e-06 -5e-06 -1e-06 -1.362682 2.240798 -0.746323 -21.334911 0.584909 3.008324 -13.821213 -2e-06 2e-06 -23.887165 -0.249077 -0.839483 -59.658459 2.585129 -1.093196 -0.294025 1.679689 0.833254 -14.218207 0.093215 1.300581 -34.212048 -0.287564 0.967169 -20.033211 0.964539 1.212844 1e-06 2e-06 1e-06 -3.440387 0.788234 0.501654 -15.928185 -3.16731 2.999708 -6.338825 -1e-06 0.0 -18.123444 3.648183 -4.905669 -5e-06 0.0 -1e-06 30.998285 3.500766 17.370077 40.189613 -14.211555 15.402284 2.862005 73.791428 3.32629 -19.905121 4.705895 30.123659 2.24354 -5.255036 -3.180158 14.282894 -0.826595 6.952505 -2e-06 -12.690606 1e-06 16.177269 -18.227619 2.396449 1.665666 -1.955922 -2.878299 4.727801 -4.170588 4.993924 11.020526 4e-06 -1e-06 12.109054 -3.735715 -2.866784 1e-06 -0.0 -1e-06 1.291985 -1.928549 -1.498089 14.800129 0.567468 3.865608 14.242574 -1.341735 -6.660656 19.631969 0.143926 -0.648244 49.705769 -0.778318 -6.425679 0.353028 -1.51115 -0.031941 20.222794 3.684312 2.316631 18.787275 5e-06 1e-06 10.751631 -0.479869 1.397907 0.0 -0.0 0.0 3.273807 0.305947 -0.58011 21.48682 11.830378 2.266135 8.16293 1e-06 0.0 18.399088 -3.798987 -4.940575 3e-06 -0.0 -1e-06 8.658977 11.670161 -0.717563 -0.002372 -0.220018 2.153444 -8.316278 1.123853 -3.068045 1.632711 -2.112028 0.339559 -0.0 -1e-06 2e-06 1.436197 -21.344326 -5.002973 -0.015125 -0.121376 4.391557 3.487239 1.597406 -2.180072 -1.414038 0.872775 -0.275047 -0.0 -0.0 -1e-06 
0.0 0.0 0.0 0.0 -0.0 0.0 -0.55676 100.441917 35.485268 -1.956095 7.81159 2.738507 2.33128 0.293826 -4.471392 -0.193412 1.088012 -6.218098 -1.099307 -0.877218 10.891824 -1.142255 2.697626 -5.580287 -1.33765 -2.544011 -3.577786 -2.963294 -2.338017 -6.636994 7.7e-05 -2.3e-05 6e-06 -0.008797 -0.114374 0.033457 0.685015 -3.841727 -10.558547 -0.709377 3.625407 -10.548341 -21.079765 -0.561922 15.130651 -40.464527 8.157705 15.228585 0.997071 -66.634422 0.275988 2.989682 13.736878 0.583435 -5.88211 9.861289 0.702591 -10.936878 -0.360576 7.156209 2e-06 8.77483 0.0 -16.03916 18.243864 5.985343 -1.844035 2.498505 -2.507279 -10.163605 4.678946 4.621113 -20.976038 -7e-06 1e-06 -21.226299 2.451694 -3.593999 2e-06 -6e-06 -1e-06 -1.362682 2.240799 -0.746323 -21.334929 0.584906 3.008323 -13.821222 -5e-06 2e-06 -23.887184 -0.249082 -0.839482 -59.843372 2.647639 -1.089935 -0.294025 1.679688 0.833257 -14.21822 0.093213 1.300577 -34.212074 -0.287571 0.967169 -20.03323 0.964531 1.212845 0.0 2e-06 0.0 -3.440392 0.788235 0.501654 -15.928201 -3.167313 2.999706 -6.338831 -2e-06 1e-06 -18.123459 3.64818 -4.905674 -5e-06 0.0 -2e-06 31.384382 4.201089 17.739323 41.512821 -12.988379 14.614141 0.874621 67.623093 1.352333 -20.749586 4.369599 24.469997 2.243541 -5.255038 -3.180157 14.282889 -0.826597 6.952503 2e-06 -12.690609 1e-06 16.186035 -18.307877 2.388655 1.665666 -1.955922 -2.878299 4.727799 -4.17059 4.993925 11.020526 1e-06 -2e-06 12.109055 -3.735717 -2.866787 -0.0 -0.0 0.0 1.291987 -1.928551 -1.498089 14.800132 0.567465 3.865607 14.242576 -1.341738 -6.660659 19.631973 0.143926 -0.648246 49.875683 -0.685413 -6.427005 0.353028 -1.511151 -0.031942 20.222794 3.684309 2.316628 18.787275 3e-06 -4e-06 10.75163 -0.47987 1.397905 -0.0 -1e-06 0.0 3.273805 0.305947 -0.58011 21.486813 11.830377 2.266133 8.162928 -1e-06 -0.0 18.399084 -3.798986 -4.940578 3e-06 -1e-06 -1e-06 8.237609 12.081732 -0.455141 0.000224 -0.210447 2.146273 -8.009523 1.218715 -3.385133 1.629927 -2.117393 0.425007 0.0 -0.0 2e-06 0.998565 -20.928988 -5.14489 -0.000944 -0.091175 4.721045 3.718866 1.874159 -1.974386 -1.407303 0.898609 -0.223242 -0.0 0.0 -1e-06 
0.0 0.0 0.0 0.0 -0.0 0.0 0.009993 100.456894 35.280991 -1.940812 7.315731 2.611103 2.012731 0.318421 -4.446746 -0.233063 1.190368 -6.212928 -1.358629 -0.714899 11.050056 -1.086657 2.622922 -5.589777 -1.343565 -2.429132 -3.566127 -2.577993 -2.429854 -6.580244 7.7e-05 -2.2e-05 6e-06 -0.009394 -0.122844 0.025743 0.694788 -3.84952 -10.552858 -0.720067 3.616464 -10.552581 -21.143227 -1.105475 15.324764 -41.703884 6.815509 16.115627 0.782072 -60.504925 0.371219 3.226155 13.828735 -1.898804 -5.882112 9.861292 0.702591 -10.936879 -0.360573 7.156207 -0.0 8.774831 -1e-06 -16.151455 18.139549 5.986451 -1.844033 2.498506 -2.507278 -10.163608 4.67895 4.62111 -20.976038 -1e-06 1e-06 -21.226303 2.4517 -3.594003 2e-06 -7e-06 -1e-06 -1.362684 2.2408 -0.746323 -21.334929 0.584913 3.008322 -13.821222 -2e-06 1e-06 -23.887186 -0.249077 -0.839485 -59.925247 2.696365 -1.173555 -0.294026 1.679689 0.833255 -14.218219 0.093217 1.300579 -34.212074 -0.287562 0.967168 -20.03323 0.964538 1.212841 1e-06 0.0 -1e-06 -3.440391 0.788235 0.501657 -15.928196 -3.167311 2.999708 -6.338831 -0.0 0.0 -18.123459 3.648186 -4.905675 -5e-06 0.0 -2e-06 31.579294 4.789679 18.011557 42.59264 -11.93351 14.081143 -0.097974 62.407486 0.465447 -21.286451 3.803058 19.865475 2.243544 -5.255038 -3.180161 14.2829 -0.826595 6.952505 -2e-06 -12.690614 -1e-06 16.167206 -18.324738 2.450939 1.665667 -1.955922 -2.878302 4.727801 -4.17059 4.993926 11.020535 2e-06 -1e-06 12.10906 -3.735719 -2.866786 -0.0 -0.0 -1e-06 1.291986 -1.928551 -1.498089 14.80014 0.567467 3.86561 14.242584 -1.341737 -6.660661 19.631985 0.143925 -0.648245 50.03846 -0.646805 -6.422891 0.353028 -1.511151 -0.03194 20.222805 3.684311 2.316631 18.787289 5e-06 -3e-06 10.751636 -0.479869 1.397906 0.0 0.0 0.0 3.27381 0.305946 -0.580111 21.486828 11.830381 2.266131 8.162934 1e-06 0.0 18.399096 -3.798988 -4.940578 3e-06 -1e-06 1e-06 7.812855 12.238797 -0.368473 -0.002957 -0.19964 2.368608 -7.61432 1.537074 -3.735129 1.62877 -2.096505 0.510486 0.0 -0.0 2e-06 0.600404 -20.604521 -5.2956 0.020079 -0.079571 4.965056 3.99461 2.18531 -1.670531 -1.40348 0.907132 -0.166403 -0.0 0.0 -1e-06 
0.0 0.0 0.0 0.0 -0.0 0.0 0.528526 100.458374 35.081108 -1.937266 6.823102 2.545211 1.745558 0.339394 -4.432755 -0.248857 1.301703 -6.214062 -1.586329 -0.540315 11.179311 -1.063003 2.577451 -5.540828 -1.335033 -2.313718 -3.566979 -2.256262 -2.481611 -6.448592 7.7e-05 -2.2e-05 6e-06 -0.007291 -0.12405 0.023442 0.703083 -3.848471 -10.548612 -0.72381 3.612374 -10.550628 -21.309416 -1.522821 15.447463 -42.723297 5.945606 16.555038 0.557958 -55.921803 0.441052 3.224929 13.52886 -4.529877 -5.882108 9.861288 0.702591 -10.936875 -0.360574 7.156204 -0.0 8.774828 -1e-06 -16.164761 18.047682 6.017782 -1.844034 2.498505 -2.507278 -10.163602 4.678947 4.621109 -20.976027 -1e-06 2e-06 -21.226292 2.4517 -3.593999 -0.0 -7e-06 -1e-06 -1.362682 2.240799 -0.746324 -21.334921 0.584911 3.008322 -13.821218 -2e-06 1e-06 -23.887178 -0.249079 -0.839483 -59.961277 2.672848 -1.22684 -0.294025 1.679688 0.833257 -14.218214 0.093216 1.300579 -34.212059 -0.287562 0.96717 -20.03322 0.964538 1.21284 0.0 -1e-06 -0.0 -3.440389 0.788233 0.501657 -15.928189 -3.16731 2.999707 -6.338829 0.0 1e-06 -18.123453 3.648185 -4.90567 -3e-06 0.0 -3e-06 31.766924 5.236703 18.168102 43.208317 -11.193225 13.877384 -0.600336 58.546299 0.029716 -21.50382 3.27069 16.37402 2.243544 -5.255039 -3.180159 14.282896 -0.826598 6.952504 -1e-06 -12.690612 1e-06 16.103842 -18.282747 2.527347 1.665666 -1.955922 -2.878301 4.727804 -4.170593 4.993925 11.020534 -0.0 -2e-06 12.109059 -3.735721 -2.866785 -0.0 0.0 0.0 1.291986 -1.92855 -1.498087 14.800136 0.567467 3.865606 14.24258 -1.341738 -6.660662 19.631975 0.143926 -0.64825 50.086895 -0.625809 -6.422094 0.353029 -1.511151 -0.03194 20.222801 3.684308 2.316629 18.787283 4e-06 -5e-06 10.751633 -0.47987 1.397904 -0.0 0.0 -2e-06 3.273808 0.305948 -0.58011 21.486818 11.830378 2.26613 8.16293 2e-06 -2e-06 18.399094 -3.798987 -4.940581 3e-06 -1e-06 -0.0 7.402221 12.288188 -0.512927 -0.001047 -0.187555 2.886135 -7.228476 1.927419 -4.222637 1.626958 -2.069795 0.579619 -0.0 -0.0 2e-06 0.28082 -20.318279 -5.514767 0.029379 -0.081937 5.191537 4.258755 2.455082 -1.41611 -1.403337 0.910598 -0.137277 -0.0 0.0 -1e-06 
0.0 0.0 0.0 0.0 -0.0 0.0 1.027702 100.460281 34.883686 -1.905156 6.340038 2.48902 1.516109 0.35531 -4.404659 -0.253908 1.410983 -6.210205 -1.802456 -0.392043 11.308684 -1.070775 2.5882 -5.410607 -1.334122 -2.221803 -3.579347 -1.938188 -2.455732 -6.250873 7.7e-05 -2.2e-05 6e-06 -0.004252 -0.12495 0.022927 0.70799 -3.846289 -10.548037 -0.722323 3.607616 -10.550447 -21.565584 -1.822809 15.538658 -43.492886 5.406756 16.804541 0.342721 -52.602764 0.489513 3.094912 13.032254 -7.117379 -5.882109 9.86129 0.702592 -10.936875 -0.360573 7.156209 -1e-06 8.774828 -0.0 -16.142422 17.989885 6.058887 -1.844033 2.498505 -2.507278 -10.163604 4.678948 4.621112 -20.97603 1e-06 3e-06 -21.226297 2.451701 -3.594002 -0.0 -6e-06 -0.0 -1.362682 2.240798 -0.746323 -21.334919 0.584914 3.008327 -13.821217 1e-06 3e-06 -23.887173 -0.249073 -0.839485 -60.004559 2.610364 -1.211075 -0.294024 1.679687 0.833258 -14.218212 0.093218 1.300583 -34.212059 -0.287557 0.967168 -20.033218 0.964541 1.212842 1e-06 -1e-06 -1e-06 -3.440389 0.788233 0.501656 -15.928189 -3.167307 2.999711 -6.338828 1e-06 2e-06 -18.123453 3.648188 -4.905672 -3e-06 0.0 -2e-06 31.904131 5.615228 18.307102 43.548401 -10.598789 13.882369 -0.80297 55.661278 -0.155708 -21.545746 2.785714 13.703513 2.243541 -5.255037 -3.180158 14.28289 -0.826595 6.952507 -2e-06 -12.690602 -0.0 16.04241 -18.201944 2.575639 1.665664 -1.955921 -2.878298 4.727799 -4.170588 4.993924 11.020526 3e-06 -1e-06 12.10905 -3.735715 -2.866785 -0.0 -0.0 2e-06 1.291986 -1.928549 -1.498089 14.800129 0.567468 3.865609 14.24257 -1.341737 -6.660656 19.631968 0.143926 -0.648242 50.045212 -0.605539 -6.412091 0.353029 -1.511148 -0.031941 20.22279 3.684309 2.316633 18.78727 4e-06 0.0 10.751625 -0.479869 1.397907 0.0 0.0 -1e-06 3.273807 0.305947 -0.580111 21.486813 11.830374 2.266135 8.162926 2e-06 0.0 18.399076 -3.798986 -4.940574 3e-06 0.0 -1e-06 6.969534 12.303253 -0.675573 0.000652 -0.167522 3.394871 -6.866892 2.327331 -4.648734 1.626827 -2.055658 0.631712 0.0 -0.0 2e-06 -0.045454 -20.049547 -5.747561 0.031011 -0.092749 5.419321 4.540537 2.693428 -1.17098 -1.405002 0.905338 -0.136186 -0.0 0.0 -1e-06 
0.0 0.0 0.0 0.0 -0.0 0.0 1.508161 100.469147 34.69228 -1.843168 5.897504 2.408106 1.316586 0.376375 -4.347159 -0.257932 1.498873 -6.199778 -1.988507 -0.267668 11.434443 -1.089654 2.604849 -5.179672 -1.308024 -2.120359 -3.595818 -1.641891 -2.372887 -5.987386 7.7e-05 -2.2e-05 6e-06 -0.003917 -0.128365 0.024226 0.706247 -3.84921 -10.556953 -0.719715 3.603146 -10.556865 -21.776814 -2.049569 15.631916 -44.1064 5.051893 17.020819 0.122189 -50.251076 0.551603 2.889066 12.538917 -9.342254 -5.882112 9.861293 0.702591 -10.93688 -0.360575 7.15621 1e-06 8.774831 0.0 -16.096582 17.971968 6.106275 -1.844035 2.498507 -2.50728 -10.16361 4.678948 4.621112 -20.976046 -4e-06 0.0 -21.226309 2.451698 -3.594002 -0.0 -6e-06 0.0 -1.362683 2.2408 -0.746323 -21.334934 0.58491 3.008324 -13.821227 -3e-06 2e-06 -23.887194 -0.24908 -0.839482 -60.038307 2.559278 -1.173813 -0.294025 1.679689 0.833256 -14.218223 0.093215 1.30058 -34.21209 -0.287566 0.96717 -20.033234 0.964536 1.212846 1e-06 -1e-06 -1e-06 -3.440392 0.788234 0.501657 -15.928201 -3.167312 2.999709 -6.338833 -1e-06 2e-06 -18.123463 3.648185 -4.905674 -5e-06 0.0 -2e-06 31.919813 5.929221 18.433538 43.803158 -10.040314 14.036471 -0.876852 53.455238 -0.197273 -21.568207 2.373464 11.605868 2.243543 -5.255041 -3.180159 14.2829 -0.826596 6.952507 -2e-06 -12.690612 2e-06 16.01255 -18.127851 2.598274 1.665666 -1.955922 -2.878299 4.727802 -4.17059 4.993926 11.020534 4e-06 -1e-06 12.109058 -3.735717 -2.866784 -1e-06 -0.0 -0.0 1.291986 -1.92855 -1.498091 14.800138 0.56747 3.865608 14.24258 -1.341734 -6.660661 19.631981 0.143928 -0.648245 50.001198 -0.583939 -6.39635 0.353031 -1.511152 -0.031941 20.222803 3.684314 2.316632 18.787285 6e-06 -0.0 10.751634 -0.479868 1.397908 -0.0 0.0 -2e-06 3.273808 0.305949 -0.580111 21.486828 11.830383 2.266136 8.162933 3e-06 -1e-06 18.399094 -3.798985 -4.940577 3e-06 1e-06 -1e-06 6.531788 12.295471 -0.719212 0.002725 -0.151921 3.690395 -6.536985 2.70654 -4.913344 1.627706 -2.047011 0.64874 -0.0 -0.0 2e-06 -0.39955 -19.798786 -5.938392 0.029639 -0.10004 5.634689 4.796144 2.878498 -0.9115 -1.407746 0.903839 -0.145631 -0.0 0.0 -1e-06 
0.0 0.0 0.0 0.0 -0.0 0.0 1.94479 100.480011 34.510975 -1.760064 5.520658 2.317849 1.158071 0.404349 -4.272641 -0.262072 1.560376 -6.193921 -2.125203 -0.189909 11.556241 -1.098906 2.620636 -4.86379 -1.272368 -2.001276 -3.603229 -1.405941 -2.266483 -5.649141 7.7e-05 -2.2e-05 6e-06 -0.003701 -0.128805 0.027289 0.703662 -3.849196 -10.568894 -0.716507 3.601574 -10.565166 -21.90489 -2.235772 15.717067 -44.609074 4.801783 17.366476 0.01987 -48.590775 0.55252 2.596222 12.13906 -10.986052 -5.882111 9.861292 0.702592 -10.93688 -0.360573 7.156209 -0.0 8.774831 0.0 -16.077145 17.973562 6.141079 -1.844034 2.498507 -2.507279 -10.163608 4.67895 4.621113 -20.976038 -0.0 1e-06 -21.226301 2.451702 -3.594004 -0.0 -6e-06 -0.0 -1.362683 2.240799 -0.746324 -21.33493 0.584913 3.008325 -13.821225 -0.0 2e-06 -23.887186 -0.249076 -0.839485 -60.079384 2.536102 -1.127221 -0.294025 1.679688 0.833257 -14.218219 0.093217 1.300582 -34.212074 -0.28756 0.967167 -20.033226 0.96454 1.212841 0.0 -1e-06 -0.0 -3.440392 0.788235 0.501656 -15.9282 -3.16731 2.99971 -6.33883 0.0 1e-06 -18.123463 3.648186 -4.905675 -3e-06 -0.0 -1e-06 31.833654 6.199767 18.536646 44.021255 -9.508663 14.235945 -0.918858 51.782234 -0.201043 -21.673182 2.035071 10.058335 2.243542 -5.255037 -3.180159 14.282896 -0.826597 6.952504 -1e-06 -12.690607 2e-06 16.023335 -18.088514 2.613009 1.665669 -1.955922 -2.878301 4.727801 -4.170591 4.993924 11.020529 0.0 0.0 12.109056 -3.735717 -2.866785 -0.0 0.0 -0.0 1.291986 -1.92855 -1.49809 14.800134 0.567465 3.865609 14.242577 -1.341738 -6.660658 19.631973 0.143923 -0.648244 50.014584 -0.573442 -6.372922 0.353027 -1.51115 -0.031942 20.222797 3.684308 2.316629 18.787279 2e-06 1e-06 10.751631 -0.47987 1.397906 -0.0 1e-06 -1e-06 3.273808 0.305948 -0.580111 21.486816 11.830374 2.266131 8.162929 1e-06 -3e-06 18.399088 -3.798988 -4.940576 3e-06 1e-06 -1e-06 6.104169 12.248538 -0.697655 0.001947 -0.142596 3.825721 -6.233006 3.087939 -5.062333 1.629739 -2.040715 0.666735 -0.0 -0.0 2e-06 -0.755744 -19.564737 -6.091793 0.028371 -0.103877 5.823725 5.009564 2.98344 -0.668636 -1.410468 0.896552 -0.165885 -0.0 0.0 -1e-06 
0.0 0.0 0.0 0.0 -0.0 0.0 2.334501 100.49559 34.320988 -1.665215 5.194293 2.225922 1.035027 0.436633 -4.197989 -0.26481 1.573292 -6.182786 -2.204401 -0.133815 11.678505 -1.090415 2.65186 -4.502448 -1.232683 -1.873699 -3.60929 -1.21994 -2.15907 -5.201531 7.7e-05 -2.3e-05 6e-06 -0.002857 -0.128998 0.029306 0.701476 -3.848196 -10.58567 -0.712439 3.599376 -10.577638 -21.990427 -2.404361 15.799819 -45.025463 4.593715 17.796112 0.002331 -47.349007 0.5084 2.243637 11.804047 -12.237725 -5.882108 9.861288 0.702589 -10.936877 -0.360576 7.156207 1e-06 8.774828 -2e-06 -16.079817 17.994873 6.158713 -1.844033 2.498505 -2.507278 -10.163604 4.678946 4.621109 -20.976038 -6e-06 1e-06 -21.226297 2.451696 -3.594002 1e-06 -6e-06 -0.0 -1.362682 2.240798 -0.746324 -21.334925 0.584908 3.008322 -13.82122 -4e-06 2e-06 -23.887184 -0.249083 -0.839483 -60.115753 2.529388 -1.078856 -0.294025 1.679688 0.833256 -14.218215 0.093213 1.30058 -34.212067 -0.287569 0.967169 -20.033226 0.964534 1.212844 0.0 -1e-06 -1e-06 -3.44039 0.788233 0.501656 -15.928192 -3.167312 2.999708 -6.338829 -2e-06 0.0 -18.123451 3.648181 -4.905674 -3e-06 0.0 -2e-06 31.734791 6.435101 18.60829 44.148491 -9.006788 14.404286 -0.91698 50.512745 -0.188161 -21.839355 1.733761 8.87156 2.243544 -5.25504 -3.18016 14.282898 -0.826594 6.952506 -4e-06 -12.690613 1e-06 16.054077 -18.073223 2.610683 1.665668 -1.955922 -2.878302 4.7278 -4.170589 4.993927 11.020534 5e-06 -1e-06 12.109058 -3.735716 -2.866785 -0.0 0.0 -0.0 1.291987 -1.92855 -1.49809 14.800139 0.56747 3.865606 14.242582 -1.341733 -6.660661 19.631981 0.14393 -0.648246 50.056141 -0.561833 -6.359543 0.353029 -1.51115 -0.031939 20.222803 3.684314 2.316629 18.787287 9e-06 -1e-06 10.751634 -0.479867 1.397905 -0.0 1e-06 -0.0 3.273809 0.305947 -0.580112 21.486828 11.830383 2.26613 8.16293 4e-06 -4e-06 18.399092 -3.798984 -4.940578 4e-06 1e-06 -0.0 5.745499 12.204537 -0.611204 -0.000936 -0.134358 3.811427 -6.013558 3.447891 -5.074056 1.630923 -2.035791 0.691754 -0.0 -1e-06 2e-06 -1.09795 -19.344707 -6.228277 0.027777 -0.105197 5.979502 5.181332 3.03481 -0.414445 -1.413537 0.886374 -0.193485 -0.0 0.0 -1e-06 
0.0 0.0 0.0 0.0 -0.0 0.0 2.67663 100.510216 34.118851 -1.544451 4.901264 2.15017 0.947243 0.461944 -4.128479 -0.267725 1.552979 -6.166885 -2.23021 -0.08514 11.800091 -1.069602 2.691258 -4.14348 -1.206541 -1.766128 -3.612213 -1.078809 -2.059816 -4.665098 7.7e-05 -2.2e-05 6e-06 -0.000965 -0.126762 0.030254 0.702233 -3.84432 -10.604718 -0.709302 3.599659 -10.58993 -22.06707 -2.566858 15.841326 -45.338764 4.426749 18.114449 -0.082938 -46.397293 0.524191 1.966598 11.513378 -13.189224 -5.882109 9.861284 0.70259 -10.936877 -0.360575 7.156208 1e-06 8.774825 -0.0 -16.091391 18.011944 6.157501 -1.844033 2.498504 -2.507278 -10.163604 4.678945 4.621109 -20.976036 -4e-06 3e-06 -21.226299 2.451697 -3.593999 1e-06 -6e-06 -0.0 -1.362682 2.240798 -0.746324 -21.334925 0.584909 3.008325 -13.821218 -2e-06 2e-06 -23.887182 -0.249078 -0.839481 -60.126823 2.52612 -1.051154 -0.294025 1.679687 0.833256 -14.218215 0.093214 1.300582 -34.212067 -0.287564 0.967173 -20.03322 0.964536 1.212844 -0.0 -0.0 -1e-06 -3.44039 0.788233 0.501656 -15.928194 -3.16731 2.999709 -6.338829 -1e-06 0.0 -18.123453 3.648183 -4.905672 -3e-06 1e-06 -2e-06 31.676601 6.61351 18.673677 44.181988 -8.510343 14.411641 -0.901993 49.55727 -0.178736 -22.059309 1.501585 7.995789 2.243542 -5.255037 -3.180158 14.282896 -0.826593 6.952506 -3e-06 -12.690609 1e-06 16.062273 -18.067163 2.614554 1.665667 -1.955922 -2.8783 4.727801 -4.170589 4.993925 11.020531 3e-06 -0.0 12.109058 -3.735717 -2.866787 -0.0 0.0 -0.0 1.291987 -1.92855 -1.498092 14.800136 0.567468 3.865607 14.24258 -1.341736 -6.660661 19.631977 0.143928 -0.648246 50.092209 -0.551597 -6.343702 0.35303 -1.511151 -0.03194 20.222803 3.684311 2.316631 18.787285 6e-06 -1e-06 10.751633 -0.479869 1.397905 0.0 1e-06 -1e-06 3.273807 0.305948 -0.58011 21.486824 11.83038 2.266134 8.16293 2e-06 -1e-06 18.399092 -3.798983 -4.940579 3e-06 1e-06 -0.0 5.339102 12.164344 -0.524623 -0.004402 -0.119883 3.710945 -5.773016 3.837965 -5.039373 1.630556 -2.03841 0.719593 -0.0 -0.0 2e-06 -1.432205 -19.138783 -6.382254 0.029736 -0.104666 6.122111 5.277571 3.061448 -0.190328 -1.417401 0.875221 -0.232241 -0.0 0.0 -1e-06 
0.0 0.0 0.0 0.0 -0.0 0.0 2.972395 100.516907 33.904919 -1.391891 4.64057 2.107339 0.896651 0.488336 -4.066537 -0.269046 1.519043 -6.148403 -2.228661 -0.068903 11.917525 -1.050075 2.735579 -3.804041 -1.196369 -1.691231 -3.609919 -1.005923 -1.966753 -4.096625 7.7e-05 -2.3e-05 6e-06 0.000841 -0.124914 0.033805 0.705623 -3.839853 -10.61451 -0.709273 3.598894 -10.593626 -22.138847 -2.711402 15.8499 -45.541889 4.225264 18.342674 -0.184158 -45.597862 0.57531 1.80632 11.292785 -13.963012 -5.88211 9.861292 0.702591 -10.936878 -0.360575 7.156209 0.0 8.774831 -2e-06 -16.104464 18.036537 6.143462 -1.844034 2.498505 -2.507278 -10.163605 4.678948 4.621111 -20.976038 -3e-06 2e-06 -21.226299 2.451699 -3.594002 1e-06 -6e-06 -1e-06 -1.362682 2.240799 -0.746323 -21.334929 0.584911 3.008325 -13.821221 -2e-06 1e-06 -23.887184 -0.249078 -0.839486 -60.113758 2.536338 -1.060684 -0.294025 1.679688 0.833257 -14.218217 0.093215 1.300582 -34.21207 -0.287563 0.96717 -20.033226 0.964536 1.212844 -0.0 -0.0 -0.0 -3.440391 0.788235 0.501656 -15.928196 -3.167312 2.999709 -6.338831 -1e-06 2e-06 -18.123459 3.648185 -4.905674 -3e-06 0.0 -2e-06 31.693615 6.763514 18.712297 44.145592 -8.064383 14.146776 -0.808188 48.837185 -0.122803 -22.316616 1.367485 7.290205 2.243541 -5.255039 -3.180158 14.282895 -0.826598 6.952504 1e-06 -12.69061 -0.0 16.023767 -18.04163 2.62417 1.665669 -1.955922 -2.8783 4.727801 -4.170591 4.993926 11.020528 2e-06 -2e-06 12.109056 -3.73572 -2.866785 0.0 -0.0 -0.0 1.291987 -1.92855 -1.498091 14.800131 0.567468 3.865608 14.242577 -1.341738 -6.660659 19.631973 0.143925 -0.648246 50.06131 -0.541218 -6.321288 0.353028 -1.511152 -0.031941 20.222795 3.684309 2.316627 18.787275 3e-06 -0.0 10.751631 -0.479869 1.397904 -0.0 1e-06 -1e-06 3.273807 0.305948 -0.580115 21.486818 11.830379 2.266131 8.162929 1e-06 -4e-06 18.39909 -3.798988 -4.940578 4e-06 0.0 -1e-06 4.919035 12.133373 -0.507293 -0.005504 -0.09505 3.640403 -5.537436 4.186212 -4.995402 1.629523 -2.039688 0.721078 0.0 -0.0 2e-06 -1.755615 -18.976879 -6.582488 0.032636 -0.103658 6.271858 5.309258 3.042418 -0.038568 -1.421698 0.866696 -0.283044 -0.0 1e-06 -1e-06 
0.0 0.0 0.0 0.0 -0.0 0.0 3.212293 100.516464 33.681652 -1.224061 4.416055 2.086845 0.888037 0.509936 -4.014888 -0.277664 1.464968 -6.13418 -2.202618 -0.081218 12.040167 -1.006338 2.758415 -3.47098 -1.202195 -1.638756 -3.600435 -0.983989 -1.866481 -3.515526 7.7e-05 -2.3e-05 6e-06 0.001163 -0.126755 0.037642 0.709805 -3.838625 -10.615947 -0.712961 3.594633 -10.588203 -22.160591 -2.835181 15.859933 -45.658039 3.938803 18.53702 -0.266122 -44.866009 0.635307 1.825182 11.199907 -14.687156 -5.882112 9.861295 0.702591 -10.936881 -0.360574 7.156211 0.0 8.774833 -1e-06 -16.108675 18.073263 6.126604 -1.844034 2.498506 -2.507279 -10.163607 4.678949 4.621113 -20.97604 -3e-06 1e-06 -21.226305 2.451699 -3.594003 -0.0 -5e-06 -1e-06 -1.362682 2.2408 -0.746323 -21.33493 0.58491 3.008325 -13.821224 -2e-06 1e-06 -23.887192 -0.249078 -0.839484 -60.074936 2.566242 -1.109448 -0.294026 1.679689 0.833257 -14.218221 0.093215 1.300581 -34.212082 -0.287564 0.96717 -20.033232 0.964536 1.212844 -0.0 -0.0 -1e-06 -3.440391 0.788234 0.501656 -15.928201 -3.167311 2.99971 -6.33883 -0.0 1e-06 -18.123463 3.648186 -4.905675 -3e-06 0.0 -2e-06 31.762754 6.915926 18.751017 44.084419 -7.679353 13.691039 -0.674354 48.306007 -0.046682 -22.6 1.252854 6.667202 2.243546 -5.255042 -3.18016 14.282903 -0.826598 6.952503 -1e-06 -12.690615 2e-06 15.955766 -17.993324 2.642544 1.665667 -1.955922 -2.878299 4.727803 -4.170591 4.993929 11.020536 2e-06 -1e-06 12.109061 -3.73572 -2.866783 0.0 -0.0 -1e-06 1.291988 -1.92855 -1.498088 14.800139 0.567468 3.865606 14.242582 -1.341738 -6.660659 19.631985 0.143926 -0.648246 49.994827 -0.530303 -6.298766 0.353031 -1.511152 -0.031938 20.222805 3.684312 2.31663 18.787289 4e-06 -1e-06 10.751637 -0.479868 1.397908 -0.0 1e-06 -0.0 3.273809 0.305946 -0.580111 21.486832 11.830381 2.266132 8.162933 1e-06 -3e-06 18.399099 -3.798989 -4.940581 3e-06 1e-06 -0.0 4.513617 12.151592 -0.561025 -0.000559 -0.060366 3.628974 -5.311291 4.446795 -4.952458 1.628352 -2.049224 0.684955 -0.0 -0.0 2e-06 -2.045009 -18.902227 -6.812028 0.029974 -0.093247 6.418725 5.290886 3.022872 0.057751 -1.425429 0.856258 -0.326692 0.0 0.0 -1e-06 
0.0 0.0 0.0 0.0 -0.0 0.0 3.366771 100.515244 33.471436 -1.079873 4.246414 2.085584 0.908085 0.524863 -3.976791 -0.289857 1.405324 -6.131451 -2.144853 -0.148972 12.159007 -0.915738 2.754466 -3.150845 -1.211299 -1.605765 -3.582854 -1.023146 -1.743877 -2.992632 7.7e-05 -2.3e-05 6e-06 0.000587 -0.134822 0.03591 0.713501 -3.844255 -10.616718 -0.717916 3.584915 -10.584366 -22.120375 -2.931883 15.877105 -45.704491 3.599734 18.701775 -0.25753 -44.187256 0.629987 1.967722 11.254108 -15.331826 -5.88211 9.861292 0.702591 -10.936877 -0.360574 7.156209 0.0 8.77483 -1e-06 -16.133986 18.101274 6.092117 -1.844033 2.498505 -2.507278 -10.163605 4.678948 4.621111 -20.976034 -2e-06 3e-06 -21.226297 2.451701 -3.594002 1e-06 -5e-06 -0.0 -1.362682 2.240799 -0.746323 -21.334925 0.584911 3.008324 -13.82122 -2e-06 2e-06 -23.887182 -0.249078 -0.839483 -60.052685 2.600767 -1.159374 -0.294025 1.679688 0.833257 -14.218215 0.093216 1.300581 -34.212063 -0.287562 0.96717 -20.033222 0.964537 1.212843 -0.0 -0.0 -1e-06 -3.44039 0.788235 0.501655 -15.928194 -3.167311 2.999708 -6.338829 0.0 0.0 -18.123457 3.648188 -4.905673 -3e-06 -0.0 -1e-06 31.847103 7.058223 18.822126 44.001621 -7.378356 13.141523 -0.492603 47.957996 0.063226 -22.89625 1.149032 6.168397 2.243544 -5.255039 -3.180158 14.282896 -0.826596 6.952506 -2e-06 -12.690612 2e-06 15.884007 -17.93759 2.664655 1.665668 -1.955921 -2.878302 4.727801 -4.17059 4.993926 11.020534 2e-06 -2e-06 12.109059 -3.735717 -2.866785 0.0 -0.0 -0.0 1.291986 -1.928551 -1.49809 14.800136 0.567468 3.86561 14.24258 -1.341736 -6.660662 19.631979 0.143927 -0.648248 49.930218 -0.503738 -6.283639 0.353028 -1.511152 -0.031941 20.222803 3.684309 2.316629 18.787287 5e-06 -1e-06 10.751634 -0.479867 1.397903 -0.0 0.0 0.0 3.27381 0.305947 -0.580113 21.486824 11.830379 2.266129 8.162931 1e-06 -1e-06 18.399094 -3.798988 -4.94058 2e-06 1e-06 -2e-06 4.186091 12.221037 -0.65871 0.007739 -0.034047 3.645201 -5.113978 4.600525 -4.898962 1.627334 -2.060183 0.640723 0.0 -0.0 2e-06 -2.24404 -18.966101 -7.04959 0.023018 -0.072902 6.55618 5.226856 3.060965 0.132265 -1.426289 0.848667 -0.354953 0.0 -0.0 -1e-06 
0.0 0.0 0.0 0.0 -0.0 0.0 3.447963 100.512657 33.287525 -0.965529 4.119756 2.078464 0.931333 0.523519 -3.937347 -0.303255 1.328592 -6.131832 -2.043913 -0.223587 12.25906 -0.77083 2.708834 -2.805386 -1.206445 -1.574933 -3.567856 -1.115311 -1.584388 -2.569191 7.7e-05 -2.3e-05 6e-06 0.000388 -0.144808 0.027416 0.714374 -3.855386 -10.622789 -0.718998 3.576617 -10.58827 -21.994709 -3.035501 15.914948 -45.739422 3.250954 18.75304 -0.191914 -43.63364 0.578116 2.180126 11.380989 -15.901463 -5.882109 9.861292 0.702591 -10.936876 -0.360575 7.156209 -0.0 8.774831 -0.0 -16.180984 18.112522 6.054808 -1.844033 2.498507 -2.507279 -10.163604 4.678948 4.621112 -20.976034 -4e-06 1e-06 -21.226297 2.451697 -3.594004 1e-06 -6e-06 0.0 -1.362682 2.2408 -0.746323 -21.334925 0.58491 3.008325 -13.821219 -2e-06 1e-06 -23.887182 -0.249079 -0.839485 -60.075539 2.628564 -1.170946 -0.294025 1.679689 0.833256 -14.218215 0.093216 1.300581 -34.212067 -0.287563 0.96717 -20.033222 0.964538 1.212843 1e-06 -1e-06 -1e-06 -3.440389 0.788233 0.501656 -15.928192 -3.167311 2.999709 -6.338829 -1e-06 2e-06 -18.123453 3.648185 -4.905673 -3e-06 0.0 -1e-06 31.878065 7.159456 18.898066 43.960011 -7.13906 12.647763 -0.328785 47.692272 0.160272 -23.153759 1.064845 5.826201 2.243543 -5.255038 -3.180159 14.2829 -0.826597 6.952507 -1e-06 -12.690609 -1e-06 15.855943 -17.900698 2.692054 1.665666 -1.955923 -2.878302 4.727802 -4.17059 4.993928 11.020531 1e-06 -0.0 12.109058 -3.735718 -2.866783 0.0 -0.0 1e-06 1.291986 -1.928551 -1.498089 14.800136 0.567467 3.865612 14.242579 -1.341737 -6.66066 19.631975 0.143925 -0.648245 49.931759 -0.46476 -6.268736 0.353029 -1.511151 -0.03194 20.222801 3.68431 2.316633 18.787283 3e-06 0.0 10.751633 -0.479871 1.397908 0.0 1e-06 1e-06 3.273808 0.305946 -0.580109 21.486824 11.830379 2.266137 8.16293 1e-06 0.0 18.399092 -3.798988 -4.940576 3e-06 1e-06 -2e-06 3.946684 12.317253 -0.752846 0.016836 -0.023667 3.67913 -4.972362 4.700968 -4.850002 1.627125 -2.069527 0.583522 0.0 -0.0 2e-06 -2.370636 -19.124447 -7.241588 0.016443 -0.043579 6.658466 5.12816 3.147016 0.186926 -1.425336 0.840122 -0.36624 0.0 -0.0 -1e-06 
0.0 0.0 0.0 0.0 -0.0 0.0 3.493006 100.514175 33.145847 -0.870634 4.003787 2.074224 0.944536 0.501348 -3.911832 -0.308061 1.261726 -6.133122 -1.916355 -0.277134 12.345378 -0.609651 2.659014 -2.464054 -1.212697 -1.568498 -3.562194 -1.224241 -1.442035 -2.193856 7.7e-05 -2.2e-05 6e-06 0.001667 -0.154192 0.015581 0.713792 -3.867538 -10.629148 -0.715569 3.570746 -10.597641 -21.869215 -3.160941 15.946424 -45.697601 2.999299 18.789177 -0.04109 -43.324711 0.471126 2.414976 11.519907 -16.444382 -5.882108 9.861286 0.702591 -10.936873 -0.360574 7.156205 0.0 8.774826 0.0 -16.229378 18.095852 6.041795 -1.844033 2.498504 -2.507277 -10.163601 4.678946 4.621109 -20.976023 -2e-06 3e-06 -21.226288 2.451698 -3.594 0.0 -5e-06 -0.0 -1.362682 2.240798 -0.746323 -21.334917 0.584911 3.008323 -13.821215 -2e-06 2e-06 -23.887175 -0.249077 -0.839484 -60.141872 2.643409 -1.150163 -0.294024 1.679687 0.833256 -14.218211 0.093216 1.30058 -34.212051 -0.287563 0.967168 -20.033218 0.964537 1.212842 0.0 -1e-06 -0.0 -3.440389 0.788233 0.501656 -15.928189 -3.167308 2.999707 -6.338828 -0.0 0.0 -18.123447 3.648185 -4.90567 -3e-06 0.0 -2e-06 31.919168 7.207937 18.98245 43.892193 -6.962401 12.254445 -0.224796 47.469391 0.234658 -23.324503 0.98102 5.647443 2.243541 -5.255037 -3.18016 14.282896 -0.826594 6.952504 -2e-06 -12.690607 2e-06 15.887609 -17.885277 2.700043 1.665666 -1.955922 -2.8783 4.727802 -4.17059 4.993926 11.020529 3e-06 -2e-06 12.109055 -3.735716 -2.866787 0.0 -0.0 1e-06 1.291985 -1.92855 -1.498088 14.800129 0.567469 3.865605 14.242576 -1.341737 -6.660659 19.631969 0.143926 -0.648245 49.981297 -0.425901 -6.261912 0.353028 -1.511151 -0.03194 20.222797 3.684311 2.316629 18.787279 5e-06 -1e-06 10.751631 -0.479868 1.397906 0.0 0.0 1e-06 3.273808 0.305947 -0.580111 21.48682 11.830378 2.266131 8.16293 2e-06 -2e-06 18.399088 -3.798985 -4.940578 3e-06 0.0 -1e-06 3.759807 12.410493 -0.774118 0.02773 -0.014351 3.599413 -4.846879 4.81542 -4.754315 1.630305 -2.069239 0.513 0.0 -0.0 2e-06 -2.465125 -19.293041 -7.368433 0.010027 -0.015357 6.689606 5.038684 3.239844 0.249878 -1.423222 0.831421 -0.379754 -0.0 -0.0 -1e-06 
0.0 0.0 0.0 0.0 -0.0 0.0 3.526295 100.523293 33.048027 -0.784619 3.856137 2.080891 0.944092 0.472757 -3.90946 -0.30804 1.236255 -6.139314 -1.775242 -0.319757 12.436124 -0.497099 2.58999 -2.200122 -1.215125 -1.518809 -3.56714 -1.366702 -1.324171 -1.841833 7.7e-05 -2.3e-05 6e-06 0.003882 -0.167224 0.003579 0.713602 -3.879586 -10.622637 -0.710747 3.557156 -10.600406 -21.769262 -3.305516 15.913832 -45.573284 2.930976 18.842644 0.164767 -43.36961 0.34762 2.549482 11.696581 -16.853752 -5.88211 9.86129 0.702591 -10.936877 -0.360574 7.156209 -0.0 8.77483 -0.0 -16.258457 18.07255 6.067863 -1.844033 2.498505 -2.507279 -10.163604 4.678948 4.621111 -20.976032 -2e-06 2e-06 -21.226297 2.4517 -3.594002 0.0 -5e-06 -0.0 -1.362682 2.240799 -0.746323 -21.334925 0.584911 3.008324 -13.821218 -2e-06 1e-06 -23.887182 -0.249078 -0.839484 -60.23296 2.643919 -1.10024 -0.294025 1.679688 0.833257 -14.218215 0.093216 1.30058 -34.212067 -0.287564 0.967169 -20.033222 0.964537 1.212842 0.0 -0.0 -0.0 -3.44039 0.788234 0.501656 -15.928198 -3.16731 2.999709 -6.338829 -1e-06 1e-06 -18.123457 3.648185 -4.905672 -4e-06 0.0 -1e-06 32.009483 7.232991 19.0667 43.756573 -6.849701 11.984613 -0.207308 47.278221 0.291002 -23.439308 0.872385 5.529202 2.243542 -5.255037 -3.180159 14.282896 -0.826594 6.952505 -2e-06 -12.690605 -1e-06 15.936259 -17.901365 2.703168 1.665667 -1.955921 -2.878301 4.7278 -4.170586 4.993924 11.020532 3e-06 -0.0 12.109056 -3.735714 -2.866785 0.0 -0.0 -0.0 1.291988 -1.928552 -1.498088 14.800136 0.567469 3.86561 14.242579 -1.341736 -6.660661 19.631975 0.143927 -0.648245 50.07877 -0.396118 -6.230781 0.353028 -1.511151 -0.031938 20.222801 3.684313 2.316632 18.787283 5e-06 2e-06 10.751632 -0.479869 1.397907 0.0 0.0 1e-06 3.273809 0.305948 -0.58011 21.486824 11.830379 2.266136 8.16293 2e-06 -1e-06 18.399088 -3.798983 -4.940576 3e-06 1e-06 0.0 3.593221 12.516809 -0.698741 0.034265 0.001132 3.347815 -4.732451 4.937749 -4.584087 1.633949 -2.045835 0.463285 0.0 -0.0 2e-06 -2.552428 -19.451515 -7.443578 0.007194 0.007507 6.652832 4.977414 3.347227 0.340097 -1.418569 0.824588 -0.457578 0.0 -0.0 -1e-06 
0.0 0.0 0.0 0.0 -0.0 0.0 3.481283 100.529861 33.030083 -0.69574 3.675428 2.113651 0.929701 0.446036 -3.920045 -0.317402 1.230853 -6.1367 -1.610784 -0.358895 12.506255 -0.442787 2.436216 -2.05401 -1.160347 -1.265517 -3.588681 -1.605045 -1.182202 -1.458335 7.7e-05 -2.3e-05 6e-06 0.005339 -0.191658 -0.006745 0.709067 -3.903469 -10.601593 -0.70298 3.5316 -10.58987 -21.638536 -3.462116 15.852076 -45.438904 3.070661 18.536692 0.096379 -43.895569 0.394315 2.729542 11.980888 -16.932489 -5.882108 9.861286 0.70259 -10.936873 -0.360575 7.156207 1e-06 8.774826 -1e-06 -16.261768 18.088182 6.103378 -1.844033 2.498505 -2.507279 -10.163603 4.678945 4.621109 -20.97603 -4e-06 4e-06 -21.226294 2.451697 -3.593999 -1e-06 -5e-06 -0.0 -1.362682 2.240798 -0.746322 -21.334917 0.584909 3.008323 -13.821215 -3e-06 2e-06 -23.887173 -0.249078 -0.839483 -60.31226 2.64041 -1.052676 -0.294025 1.679688 0.833257 -14.218212 0.093215 1.30058 -34.212063 -0.287565 0.967172 -20.033218 0.964536 1.212845 -0.0 -0.0 -1e-06 -3.440389 0.788233 0.501655 -15.928192 -3.16731 2.999708 -6.338828 -1e-06 1e-06 -18.123451 3.648183 -4.905672 -3e-06 0.0 -2e-06 32.120838 7.276523 19.100868 43.604156 -6.87238 11.687053 -0.201658 47.089851 0.357016 -23.446466 0.768244 5.518358 2.243543 -5.25504 -3.180161 14.2829 -0.826595 6.952504 -2e-06 -12.69061 0.0 15.986642 -17.970064 2.739382 1.665668 -1.955924 -2.878301 4.727801 -4.170592 4.993925 11.020535 2e-06 -1e-06 12.10906 -3.735717 -2.866784 0.0 -0.0 -0.0 1.291987 -1.92855 -1.49809 14.800139 0.567468 3.865608 14.242584 -1.341737 -6.660661 19.631983 0.143927 -0.648247 50.286976 -0.407331 -6.140954 0.35303 -1.511151 -0.03194 20.222805 3.684312 2.316631 18.787287 6e-06 -2e-06 10.751636 -0.479867 1.397905 0.0 0.0 2e-06 3.27381 0.305948 -0.580111 21.486828 11.830383 2.266133 8.162933 2e-06 -2e-06 18.399096 -3.798985 -4.940581 3e-06 1e-06 -1e-06 3.449623 12.736769 -0.577128 0.030101 0.022051 2.997573 -4.640192 5.031612 -4.386876 1.634616 -2.011348 0.463058 -0.0 -1e-06 2e-06 -2.588702 -19.688507 -7.523388 0.010907 0.04585 6.641436 4.930357 3.543964 0.347458 -1.413576 0.804176 -0.556492 -0.0 -0.0 -1e-06 
